Date,Time,Heart rate,Source
2026.07.20 00:00:00,00:00:00,66,
2026.07.20 00:01:00,00:01:00,63,
2026.07.20 00:02:00,00:02:00,65,
2026.07.20 00:03:00,00:03:00,60,
2026.07.20 00:04:00,00:04:00,63,
2026.07.20 00:05:00,00:05:00,62,
2026.07.20 00:06:00,00:06:00,61,
2026.07.20 00:07:00,00:07:00,65,
2026.07.20 00:08:00,00:08:00,63,
2026.07.20 00:09:00,00:09:00,61,
2026.07.20 00:10:00,00:10:00,63,
2026.07.20 00:11:00,00:11:00,63,
2026.07.20 00:12:00,00:12:00,62,
2026.07.20 00:13:00,00:13:00,59,
2026.07.20 00:14:00,00:14:00,61,
2026.07.20 00:15:00,00:15:00,61,
2026.07.20 00:16:00,00:16:00,61,
2026.07.20 00:17:00,00:17:00,62,
2026.07.20 00:18:00,00:18:00,88,
2026.07.20 00:19:00,00:19:00,57,
2026.07.20 00:20:00,00:20:00,60,
2026.07.20 00:21:00,00:21:00,56,
2026.07.20 00:22:00,00:22:00,55,
2026.07.20 00:23:00,00:23:00,58,
2026.07.20 00:24:00,00:24:00,59,
2026.07.20 00:25:00,00:25:00,62,
2026.07.20 00:26:00,00:26:00,65,
2026.07.20 00:27:00,00:27:00,64,
2026.07.20 00:28:00,00:28:00,63,
2026.07.20 00:29:00,00:29:00,69,
2026.07.20 00:30:00,00:30:00,66,
2026.07.20 00:31:00,00:31:00,66,
2026.07.20 00:32:00,00:32:00,67,
2026.07.20 00:33:00,00:33:00,72,
2026.07.20 00:34:00,00:34:00,66,
2026.07.20 00:35:00,00:35:00,68,
2026.07.20 00:36:00,00:36:00,66,
2026.07.20 00:37:00,00:37:00,68,
2026.07.20 00:38:00,00:38:00,67,
2026.07.20 00:39:00,00:39:00,66,
2026.07.20 00:40:00,00:40:00,67,
2026.07.20 00:41:00,00:41:00,67,
2026.07.20 00:42:00,00:42:00,65,
2026.07.20 00:43:00,00:43:00,63,
2026.07.20 00:44:00,00:44:00,77,
2026.07.20 00:45:00,00:45:00,64,
2026.07.20 00:46:00,00:46:00,62,
2026.07.20 00:47:00,00:47:00,59,
2026.07.20 00:48:00,00:48:00,61,
2026.07.20 00:49:00,00:49:00,62,
2026.07.20 00:50:00,00:50:00,63,
2026.07.20 00:51:00,00:51:00,62,
2026.07.20 00:52:00,00:52:00,64,
2026.07.20 00:53:00,00:53:00,63,
2026.07.20 00:54:00,00:54:00,65,
2026.07.20 00:55:00,00:55:00,63,
2026.07.20 00:56:00,00:56:00,65,
2026.07.20 00:57:00,00:57:00,64,
2026.07.20 00:58:00,00:58:00,63,
2026.07.20 00:59:00,00:59:00,61,
2026.07.20 01:00:00,01:00:00,62,
2026.07.20 01:01:00,01:01:00,63,
2026.07.20 01:02:00,01:02:00,63,
2026.07.20 01:03:00,01:03:00,63,
2026.07.20 01:04:00,01:04:00,63,
2026.07.20 01:05:00,01:05:00,62,
2026.07.20 01:06:00,01:06:00,64,
2026.07.20 01:07:00,01:07:00,64,
2026.07.20 01:08:00,01:08:00,61,
2026.07.20 01:09:00,01:09:00,59,
2026.07.20 01:10:00,01:10:00,62,
2026.07.20 01:11:00,01:11:00,62,
2026.07.20 01:12:00,01:12:00,63,
2026.07.20 01:13:00,01:13:00,61,
2026.07.20 01:14:00,01:14:00,61,
2026.07.20 01:15:00,01:15:00,63,
2026.07.20 01:16:00,01:16:00,61,
2026.07.20 01:17:00,01:17:00,61,
2026.07.20 01:18:00,01:18:00,60,
2026.07.20 01:19:00,01:19:00,60,
2026.07.20 01:20:00,01:20:00,61,
2026.07.20 01:21:00,01:21:00,61,
2026.07.20 01:22:00,01:22:00,61,
2026.07.20 01:23:00,01:23:00,62,
2026.07.20 01:24:00,01:24:00,62,
2026.07.20 01:25:00,01:25:00,59,
2026.07.20 01:26:00,01:26:00,58,
2026.07.20 01:27:00,01:27:00,59,
2026.07.20 01:28:00,01:28:00,58,
2026.07.20 01:29:00,01:29:00,60,
2026.07.20 01:30:00,01:30:00,59,
2026.07.20 01:31:00,01:31:00,64,
2026.07.20 01:32:00,01:32:00,63,
2026.07.20 01:33:00,01:33:00,65,
2026.07.20 01:34:00,01:34:00,62,
2026.07.20 01:35:00,01:35:00,63,
2026.07.20 01:36:00,01:36:00,63,
2026.07.20 01:37:00,01:37:00,56,
2026.07.20 01:38:00,01:38:00,55,
2026.07.20 01:39:00,01:39:00,60,
2026.07.20 01:40:00,01:40:00,60,
2026.07.20 01:41:00,01:41:00,58,
2026.07.20 01:42:00,01:42:00,58,
2026.07.20 01:43:00,01:43:00,59,
2026.07.20 01:44:00,01:44:00,56,
2026.07.20 01:45:00,01:45:00,58,
2026.07.20 01:46:00,01:46:00,59,
2026.07.20 01:47:00,01:47:00,59,
2026.07.20 01:48:00,01:48:00,60,
2026.07.20 01:49:00,01:49:00,60,
2026.07.20 01:50:00,01:50:00,60,
2026.07.20 01:51:00,01:51:00,61,
2026.07.20 01:52:00,01:52:00,60,
2026.07.20 01:53:00,01:53:00,58,
2026.07.20 01:54:00,01:54:00,55,
2026.07.20 01:55:00,01:55:00,56,
2026.07.20 01:56:00,01:56:00,54,
2026.07.20 01:57:00,01:57:00,57,
2026.07.20 01:58:00,01:58:00,59,
2026.07.20 01:59:00,01:59:00,60,
2026.07.20 02:00:00,02:00:00,60,
2026.07.20 02:01:00,02:01:00,60,
2026.07.20 02:02:00,02:02:00,60,
2026.07.20 02:03:00,02:03:00,60,
2026.07.20 02:04:00,02:04:00,59,
2026.07.20 02:05:00,02:05:00,60,
2026.07.20 02:06:00,02:06:00,59,
2026.07.20 02:07:00,02:07:00,57,
2026.07.20 02:08:00,02:08:00,56,
2026.07.20 02:09:00,02:09:00,58,
2026.07.20 02:10:00,02:10:00,57,
2026.07.20 02:11:00,02:11:00,53,
2026.07.20 02:12:00,02:12:00,58,
2026.07.20 02:13:00,02:13:00,56,
2026.07.20 02:14:00,02:14:00,74,
2026.07.20 02:15:00,02:15:00,58,
2026.07.20 02:16:00,02:16:00,55,
2026.07.20 02:17:00,02:17:00,59,
2026.07.20 02:18:00,02:18:00,55,
2026.07.20 02:19:00,02:19:00,57,
2026.07.20 02:20:00,02:20:00,60,
2026.07.20 02:21:00,02:21:00,62,
2026.07.20 02:22:00,02:22:00,62,
2026.07.20 02:23:00,02:23:00,68,
2026.07.20 02:24:00,02:24:00,65,
2026.07.20 02:25:00,02:25:00,66,
2026.07.20 02:26:00,02:26:00,62,
2026.07.20 02:27:00,02:27:00,65,
2026.07.20 02:28:00,02:28:00,69,
2026.07.20 02:29:00,02:29:00,56,
2026.07.20 02:30:00,02:30:00,62,
2026.07.20 02:31:00,02:31:00,60,
2026.07.20 02:32:00,02:32:00,59,
2026.07.20 02:33:00,02:33:00,65,
2026.07.20 02:34:00,02:34:00,63,
2026.07.20 02:35:00,02:35:00,71,
2026.07.20 02:36:00,02:36:00,74,
2026.07.20 02:37:00,02:37:00,62,
2026.07.20 02:38:00,02:38:00,65,
2026.07.20 02:39:00,02:39:00,66,
2026.07.20 02:40:00,02:40:00,63,
2026.07.20 02:41:00,02:41:00,64,
2026.07.20 02:42:00,02:42:00,66,
2026.07.20 02:43:00,02:43:00,63,
2026.07.20 02:44:00,02:44:00,65,
2026.07.20 02:45:00,02:45:00,62,
2026.07.20 02:46:00,02:46:00,62,
2026.07.20 02:47:00,02:47:00,61,
2026.07.20 02:48:00,02:48:00,62,
2026.07.20 02:49:00,02:49:00,62,
2026.07.20 02:50:00,02:50:00,62,
2026.07.20 02:51:00,02:51:00,62,
2026.07.20 02:52:00,02:52:00,63,
2026.07.20 02:53:00,02:53:00,62,
2026.07.20 02:54:00,02:54:00,63,
2026.07.20 02:55:00,02:55:00,62,
2026.07.20 02:56:00,02:56:00,63,
2026.07.20 02:57:00,02:57:00,64,
2026.07.20 02:58:00,02:58:00,68,
2026.07.20 02:59:00,02:59:00,60,
2026.07.20 03:00:00,03:00:00,59,
2026.07.20 03:01:00,03:01:00,60,
2026.07.20 03:02:00,03:02:00,61,
2026.07.20 03:03:00,03:03:00,62,
2026.07.20 03:04:00,03:04:00,63,
2026.07.20 03:05:00,03:05:00,62,
2026.07.20 03:06:00,03:06:00,61,
2026.07.20 03:07:00,03:07:00,61,
2026.07.20 03:08:00,03:08:00,64,
2026.07.20 03:09:00,03:09:00,65,
2026.07.20 03:10:00,03:10:00,70,
2026.07.20 03:11:00,03:11:00,64,
2026.07.20 03:12:00,03:12:00,68,
2026.07.20 03:13:00,03:13:00,61,
2026.07.20 03:14:00,03:14:00,67,
2026.07.20 03:15:00,03:15:00,60,
2026.07.20 03:16:00,03:16:00,61,
2026.07.20 03:17:00,03:17:00,54,
2026.07.20 03:18:00,03:18:00,54,
2026.07.20 03:19:00,03:19:00,54,
2026.07.20 03:20:00,03:20:00,58,
2026.07.20 03:21:00,03:21:00,58,
2026.07.20 03:22:00,03:22:00,56,
2026.07.20 03:23:00,03:23:00,59,
2026.07.20 03:24:00,03:24:00,54,
2026.07.20 03:25:00,03:25:00,52,
2026.07.20 03:26:00,03:26:00,54,
2026.07.20 03:27:00,03:27:00,55,
2026.07.20 03:28:00,03:28:00,55,
2026.07.20 03:29:00,03:29:00,53,
2026.07.20 03:30:00,03:30:00,57,
2026.07.20 03:31:00,03:31:00,54,
2026.07.20 03:32:00,03:32:00,56,
2026.07.20 03:33:00,03:33:00,55,
2026.07.20 03:34:00,03:34:00,55,
2026.07.20 03:35:00,03:35:00,57,
2026.07.20 03:36:00,03:36:00,59,
2026.07.20 03:37:00,03:37:00,53,
2026.07.20 03:38:00,03:38:00,54,
2026.07.20 03:39:00,03:39:00,55,
2026.07.20 03:40:00,03:40:00,54,
2026.07.20 03:41:00,03:41:00,58,
2026.07.20 03:42:00,03:42:00,63,
2026.07.20 03:43:00,03:43:00,67,
2026.07.20 03:44:00,03:44:00,68,
2026.07.20 03:45:00,03:45:00,64,
2026.07.20 03:46:00,03:46:00,59,
2026.07.20 03:47:00,03:47:00,62,
2026.07.20 03:48:00,03:48:00,64,
2026.07.20 03:49:00,03:49:00,63,
2026.07.20 03:50:00,03:50:00,60,
2026.07.20 03:51:00,03:51:00,66,
2026.07.20 03:52:00,03:52:00,62,
2026.07.20 03:53:00,03:53:00,65,
2026.07.20 03:54:00,03:54:00,71,
2026.07.20 03:55:00,03:55:00,69,
2026.07.20 03:56:00,03:56:00,83,
2026.07.20 03:57:00,03:57:00,59,
2026.07.20 03:58:00,03:58:00,58,
2026.07.20 03:59:00,03:59:00,65,
2026.07.20 04:00:00,04:00:00,61,
2026.07.20 04:01:00,04:01:00,64,
2026.07.20 04:02:00,04:02:00,68,
2026.07.20 04:03:00,04:03:00,65,
2026.07.20 04:04:00,04:04:00,78,
2026.07.20 04:05:00,04:05:00,63,
2026.07.20 04:06:00,04:06:00,69,
2026.07.20 04:07:00,04:07:00,69,
2026.07.20 04:08:00,04:08:00,67,
2026.07.20 04:09:00,04:09:00,64,
2026.07.20 04:10:00,04:10:00,63,
2026.07.20 04:11:00,04:11:00,69,
2026.07.20 04:12:00,04:12:00,64,
2026.07.20 04:13:00,04:13:00,63,
2026.07.20 04:14:00,04:14:00,72,
2026.07.20 04:15:00,04:15:00,62,
2026.07.20 04:16:00,04:16:00,78,
2026.07.20 04:17:00,04:17:00,64,
2026.07.20 04:18:00,04:18:00,63,
2026.07.20 04:19:00,04:19:00,63,
2026.07.20 04:20:00,04:20:00,51,
2026.07.20 04:21:00,04:21:00,66,
2026.07.20 04:22:00,04:22:00,57,
2026.07.20 04:23:00,04:23:00,62,
2026.07.20 04:24:00,04:24:00,61,
2026.07.20 04:25:00,04:25:00,63,
2026.07.20 04:26:00,04:26:00,61,
2026.07.20 04:27:00,04:27:00,60,
2026.07.20 04:28:00,04:28:00,71,
2026.07.20 04:29:00,04:29:00,54,
2026.07.20 04:30:00,04:30:00,55,
2026.07.20 04:31:00,04:31:00,57,
2026.07.20 04:32:00,04:32:00,72,
2026.07.20 04:33:00,04:33:00,58,
2026.07.20 04:34:00,04:34:00,59,
2026.07.20 04:35:00,04:35:00,62,
2026.07.20 04:36:00,04:36:00,54,
2026.07.20 04:37:00,04:37:00,70,
2026.07.20 04:38:00,04:38:00,55,
2026.07.20 04:39:00,04:39:00,60,
2026.07.20 04:40:00,04:40:00,58,
2026.07.20 04:41:00,04:41:00,60,
2026.07.20 04:42:00,04:42:00,60,
2026.07.20 04:43:00,04:43:00,61,
2026.07.20 04:44:00,04:44:00,61,
2026.07.20 04:45:00,04:45:00,59,
2026.07.20 04:46:00,04:46:00,61,
2026.07.20 04:47:00,04:47:00,60,
2026.07.20 04:48:00,04:48:00,62,
2026.07.20 04:49:00,04:49:00,65,
2026.07.20 04:50:00,04:50:00,61,
2026.07.20 04:51:00,04:51:00,64,
2026.07.20 04:52:00,04:52:00,62,
2026.07.20 04:53:00,04:53:00,62,
2026.07.20 04:54:00,04:54:00,64,
2026.07.20 04:55:00,04:55:00,61,
2026.07.20 04:56:00,04:56:00,62,
2026.07.20 04:57:00,04:57:00,64,
2026.07.20 04:58:00,04:58:00,65,
2026.07.20 04:59:00,04:59:00,63,
2026.07.20 05:00:00,05:00:00,66,
2026.07.20 05:01:00,05:01:00,63,
2026.07.20 05:02:00,05:02:00,65,
2026.07.20 05:03:00,05:03:00,57,
2026.07.20 05:04:00,05:04:00,57,
2026.07.20 05:05:00,05:05:00,56,
2026.07.20 05:06:00,05:06:00,57,
2026.07.20 05:07:00,05:07:00,60,
2026.07.20 05:08:00,05:08:00,57,
2026.07.20 05:09:00,05:09:00,59,
2026.07.20 05:10:00,05:10:00,56,
2026.07.20 05:11:00,05:11:00,73,
2026.07.20 05:12:00,05:12:00,57,
2026.07.20 05:13:00,05:13:00,65,
2026.07.20 05:14:00,05:14:00,57,
2026.07.20 05:15:00,05:15:00,57,
2026.07.20 05:16:00,05:16:00,56,
2026.07.20 05:17:00,05:17:00,58,
2026.07.20 05:18:00,05:18:00,58,
2026.07.20 05:19:00,05:19:00,57,
2026.07.20 05:20:00,05:20:00,59,
2026.07.20 05:21:00,05:21:00,60,
2026.07.20 05:22:00,05:22:00,58,
2026.07.20 05:23:00,05:23:00,61,
2026.07.20 05:24:00,05:24:00,61,
2026.07.20 05:25:00,05:25:00,61,
2026.07.20 05:26:00,05:26:00,61,
2026.07.20 05:27:00,05:27:00,66,
2026.07.20 05:28:00,05:28:00,58,
2026.07.20 05:29:00,05:29:00,58,
2026.07.20 05:30:00,05:30:00,58,
2026.07.20 05:31:00,05:31:00,58,
2026.07.20 05:32:00,05:32:00,61,
2026.07.20 05:33:00,05:33:00,60,
2026.07.20 05:34:00,05:34:00,60,
2026.07.20 05:35:00,05:35:00,62,
2026.07.20 05:36:00,05:36:00,65,
2026.07.20 05:37:00,05:37:00,62,
2026.07.20 05:38:00,05:38:00,64,
2026.07.20 05:39:00,05:39:00,63,
2026.07.20 05:40:00,05:40:00,64,
2026.07.20 05:41:00,05:41:00,63,
2026.07.20 05:42:00,05:42:00,64,
2026.07.20 05:43:00,05:43:00,68,
2026.07.20 05:44:00,05:44:00,64,
2026.07.20 05:45:00,05:45:00,60,
2026.07.20 05:46:00,05:46:00,62,
2026.07.20 05:47:00,05:47:00,65,
2026.07.20 05:48:00,05:48:00,63,
2026.07.20 05:49:00,05:49:00,72,
2026.07.20 05:50:00,05:50:00,55,
2026.07.20 05:51:00,05:51:00,66,
2026.07.20 05:52:00,05:52:00,57,
2026.07.20 05:53:00,05:53:00,58,
2026.07.20 05:54:00,05:54:00,72,
2026.07.20 05:55:00,05:55:00,72,
2026.07.20 05:56:00,05:56:00,65,
2026.07.20 05:57:00,05:57:00,67,
2026.07.20 05:58:00,05:58:00,60,
2026.07.20 05:59:00,05:59:00,57,
2026.07.20 06:00:00,06:00:00,62,
2026.07.20 06:01:00,06:01:00,63,
2026.07.20 06:02:00,06:02:00,67,
2026.07.20 06:03:00,06:03:00,67,
2026.07.20 06:04:00,06:04:00,67,
2026.07.20 06:05:00,06:05:00,66,
2026.07.20 06:06:00,06:06:00,67,
2026.07.20 06:07:00,06:07:00,79,
2026.07.20 06:08:00,06:08:00,63,
2026.07.20 06:09:00,06:09:00,63,
2026.07.20 06:10:00,06:10:00,66,
2026.07.20 06:11:00,06:11:00,60,
2026.07.20 06:12:00,06:12:00,59,
2026.07.20 06:13:00,06:13:00,55,
2026.07.20 06:14:00,06:14:00,64,
2026.07.20 06:15:00,06:15:00,59,
2026.07.20 06:16:00,06:16:00,64,
2026.07.20 06:17:00,06:17:00,64,
2026.07.20 06:18:00,06:18:00,68,
2026.07.20 06:19:00,06:19:00,76,
2026.07.20 06:20:00,06:20:00,62,
2026.07.20 06:21:00,06:21:00,60,
2026.07.20 06:22:00,06:22:00,59,
2026.07.20 06:23:00,06:23:00,57,
2026.07.20 06:24:00,06:24:00,57,
2026.07.20 06:25:00,06:25:00,61,
2026.07.20 06:26:00,06:26:00,60,
2026.07.20 06:27:00,06:27:00,54,
2026.07.20 06:28:00,06:28:00,57,
2026.07.20 06:29:00,06:29:00,58,
2026.07.20 06:30:00,06:30:00,56,
2026.07.20 06:31:00,06:31:00,57,
2026.07.20 06:32:00,06:32:00,60,
2026.07.20 06:33:00,06:33:00,60,
2026.07.20 06:34:00,06:34:00,58,
2026.07.20 06:35:00,06:35:00,60,
2026.07.20 06:36:00,06:36:00,61,
2026.07.20 06:37:00,06:37:00,62,
2026.07.20 06:38:00,06:38:00,62,
2026.07.20 06:39:00,06:39:00,60,
2026.07.20 06:40:00,06:40:00,56,
2026.07.20 06:41:00,06:41:00,56,
2026.07.20 06:42:00,06:42:00,59,
2026.07.20 06:43:00,06:43:00,62,
2026.07.20 06:44:00,06:44:00,63,
2026.07.20 06:45:00,06:45:00,57,
2026.07.20 06:46:00,06:46:00,58,
2026.07.20 06:47:00,06:47:00,62,
2026.07.20 06:48:00,06:48:00,66,
2026.07.20 06:49:00,06:49:00,59,
2026.07.20 06:50:00,06:50:00,66,
2026.07.20 06:51:00,06:51:00,60,
2026.07.20 06:52:00,06:52:00,69,
2026.07.20 06:53:00,06:53:00,72,
2026.07.20 06:54:00,06:54:00,66,
2026.07.20 06:55:00,06:55:00,74,
2026.07.20 06:56:00,06:56:00,86,
2026.07.20 06:57:00,06:57:00,89,
2026.07.20 06:58:00,06:58:00,95,
2026.07.20 06:59:00,06:59:00,103,
2026.07.20 07:00:00,07:00:00,90,
2026.07.20 07:01:00,07:01:00,102,
2026.07.20 07:02:00,07:02:00,110,
2026.07.20 07:03:00,07:03:00,115,
2026.07.20 07:04:00,07:04:00,110,
2026.07.20 07:05:00,07:05:00,106,
2026.07.20 07:06:00,07:06:00,95,
2026.07.20 07:07:00,07:07:00,85,
2026.07.20 07:08:00,07:08:00,89,
2026.07.20 07:09:00,07:09:00,94,
2026.07.20 07:10:00,07:10:00,83,
2026.07.20 07:11:00,07:11:00,82,
2026.07.20 07:12:00,07:12:00,100,
2026.07.20 07:13:00,07:13:00,97,
2026.07.20 07:14:00,07:14:00,89,
2026.07.20 07:15:00,07:15:00,86,
2026.07.20 07:16:00,07:16:00,80,
2026.07.20 07:17:00,07:17:00,71,
2026.07.20 07:18:00,07:18:00,67,
2026.07.20 07:19:00,07:19:00,71,
2026.07.20 07:20:00,07:20:00,69,
2026.07.20 07:21:00,07:21:00,73,
2026.07.20 07:22:00,07:22:00,84,
2026.07.20 07:23:00,07:23:00,86,
2026.07.20 07:24:00,07:24:00,92,
2026.07.20 07:25:00,07:25:00,85,
2026.07.20 07:26:00,07:26:00,85,
2026.07.20 07:27:00,07:27:00,82,
2026.07.20 07:28:00,07:28:00,85,
2026.07.20 07:29:00,07:29:00,83,
2026.07.20 07:30:00,07:30:00,84,
2026.07.20 07:31:00,07:31:00,87,
2026.07.20 07:32:00,07:32:00,86,
2026.07.20 07:33:00,07:33:00,85,
2026.07.20 07:34:00,07:34:00,86,
2026.07.20 07:35:00,07:35:00,85,
2026.07.20 07:36:00,07:36:00,90,
2026.07.20 07:37:00,07:37:00,90,
2026.07.20 07:38:00,07:38:00,89,
2026.07.20 07:39:00,07:39:00,98,
2026.07.20 07:40:00,07:40:00,91,
2026.07.20 07:41:00,07:41:00,86,
2026.07.20 07:42:00,07:42:00,87,
2026.07.20 07:43:00,07:43:00,93,
2026.07.20 07:44:00,07:44:00,88,
2026.07.20 07:45:00,07:45:00,88,
2026.07.20 07:46:00,07:46:00,87,
2026.07.20 07:47:00,07:47:00,91,
2026.07.20 07:48:00,07:48:00,93,
2026.07.20 07:49:00,07:49:00,86,
2026.07.20 07:50:00,07:50:00,93,
2026.07.20 07:51:00,07:51:00,89,
2026.07.20 07:52:00,07:52:00,92,
2026.07.20 07:53:00,07:53:00,94,
2026.07.20 07:54:00,07:54:00,90,
2026.07.20 07:55:00,07:55:00,92,
2026.07.20 07:56:00,07:56:00,92,
2026.07.20 07:57:00,07:57:00,89,
2026.07.20 07:58:00,07:58:00,92,
2026.07.20 07:59:00,07:59:00,88,
2026.07.20 08:00:00,08:00:00,91,
2026.07.20 08:01:00,08:01:00,89,
2026.07.20 08:02:00,08:02:00,93,
2026.07.20 08:03:00,08:03:00,89,
2026.07.20 08:04:00,08:04:00,91,
2026.07.20 08:05:00,08:05:00,90,
2026.07.20 08:06:00,08:06:00,88,
2026.07.20 08:07:00,08:07:00,85,
2026.07.20 08:08:00,08:08:00,83,
2026.07.20 08:09:00,08:09:00,81,
2026.07.20 08:10:00,08:10:00,81,
2026.07.20 08:11:00,08:11:00,86,
2026.07.20 08:12:00,08:12:00,87,
2026.07.20 08:13:00,08:13:00,88,
2026.07.20 08:14:00,08:14:00,87,
2026.07.20 08:15:00,08:15:00,88,
2026.07.20 08:16:00,08:16:00,89,
2026.07.20 08:17:00,08:17:00,92,
2026.07.20 08:18:00,08:18:00,94,
2026.07.20 08:19:00,08:19:00,89,
2026.07.20 08:20:00,08:20:00,88,
2026.07.20 08:21:00,08:21:00,89,
2026.07.20 08:22:00,08:22:00,91,
2026.07.20 08:23:00,08:23:00,85,
2026.07.20 08:24:00,08:24:00,91,
2026.07.20 08:25:00,08:25:00,91,
2026.07.20 08:26:00,08:26:00,92,
2026.07.20 08:27:00,08:27:00,95,
2026.07.20 08:28:00,08:28:00,95,
2026.07.20 08:29:00,08:29:00,87,
2026.07.20 08:30:00,08:30:00,86,
2026.07.20 08:31:00,08:31:00,85,
2026.07.20 08:32:00,08:32:00,90,
2026.07.20 08:33:00,08:33:00,87,
2026.07.20 08:34:00,08:34:00,89,
2026.07.20 08:35:00,08:35:00,87,
2026.07.20 08:36:00,08:36:00,90,
2026.07.20 08:37:00,08:37:00,91,
2026.07.20 08:38:00,08:38:00,89,
2026.07.20 08:39:00,08:39:00,92,
2026.07.20 08:40:00,08:40:00,90,
2026.07.20 08:41:00,08:41:00,91,
2026.07.20 08:42:00,08:42:00,94,
2026.07.20 08:43:00,08:43:00,112,
2026.07.20 08:44:00,08:44:00,116,
2026.07.20 08:45:00,08:45:00,87,
2026.07.20 08:46:00,08:46:00,93,
2026.07.20 08:47:00,08:47:00,100,
2026.07.20 08:48:00,08:48:00,94,
2026.07.20 08:49:00,08:49:00,97,
2026.07.20 08:50:00,08:50:00,92,
2026.07.20 08:51:00,08:51:00,105,
2026.07.20 08:52:00,08:52:00,107,
2026.07.20 08:53:00,08:53:00,103,
2026.07.20 08:54:00,08:54:00,99,
2026.07.20 08:55:00,08:55:00,107,
2026.07.20 08:56:00,08:56:00,114,
2026.07.20 08:57:00,08:57:00,137,
2026.07.20 08:58:00,08:58:00,138,
2026.07.20 08:59:00,08:59:00,106,
2026.07.20 09:00:00,09:00:00,100,
2026.07.20 09:01:00,09:01:00,101,
2026.07.20 09:02:00,09:02:00,110,
2026.07.20 09:03:00,09:03:00,103,
2026.07.20 09:04:00,09:04:00,105,
2026.07.20 09:05:00,09:05:00,91,
2026.07.20 09:06:00,09:06:00,96,
2026.07.20 09:07:00,09:07:00,121,
2026.07.20 09:08:00,09:08:00,125,
2026.07.20 09:09:00,09:09:00,109,
2026.07.20 09:10:00,09:10:00,103,
2026.07.20 09:37:00,09:37:00,84,
2026.07.20 09:38:00,09:38:00,99,
2026.07.20 09:39:00,09:39:00,117,
2026.07.20 09:40:00,09:40:00,109,
2026.07.20 09:41:00,09:41:00,101,
2026.07.20 09:42:00,09:42:00,102,
2026.07.20 09:43:00,09:43:00,94,
2026.07.20 09:44:00,09:44:00,102,
2026.07.20 09:45:00,09:45:00,102,
2026.07.20 09:46:00,09:46:00,95,
2026.07.20 09:47:00,09:47:00,94,
2026.07.20 09:48:00,09:48:00,95,
2026.07.20 09:49:00,09:49:00,99,
2026.07.20 09:50:00,09:50:00,94,
2026.07.20 09:51:00,09:51:00,95,
2026.07.20 09:52:00,09:52:00,95,
2026.07.20 09:53:00,09:53:00,95,
2026.07.20 09:54:00,09:54:00,96,
2026.07.20 09:55:00,09:55:00,98,
2026.07.20 09:56:00,09:56:00,95,
2026.07.20 09:57:00,09:57:00,95,
2026.07.20 09:58:00,09:58:00,93,
2026.07.20 09:59:00,09:59:00,101,
2026.07.20 10:00:00,10:00:00,105,
2026.07.20 10:01:00,10:01:00,94,
2026.07.20 10:02:00,10:02:00,94,
2026.07.20 10:03:00,10:03:00,94,
2026.07.20 10:04:00,10:04:00,94,
2026.07.20 10:05:00,10:05:00,94,
2026.07.20 10:06:00,10:06:00,99,
2026.07.20 10:07:00,10:07:00,97,
2026.07.20 10:08:00,10:08:00,94,
2026.07.20 10:09:00,10:09:00,94,
2026.07.20 10:10:00,10:10:00,93,
2026.07.20 10:11:00,10:11:00,94,
2026.07.20 10:12:00,10:12:00,93,
2026.07.20 10:13:00,10:13:00,104,
2026.07.20 10:14:00,10:14:00,94,
2026.07.20 10:15:00,10:15:00,90,
2026.07.20 10:16:00,10:16:00,101,
2026.07.20 10:17:00,10:17:00,89,
2026.07.20 10:18:00,10:18:00,92,
2026.07.20 10:19:00,10:19:00,89,
2026.07.20 10:20:00,10:20:00,86,
2026.07.20 10:21:00,10:21:00,89,
2026.07.20 10:22:00,10:22:00,86,
2026.07.20 10:23:00,10:23:00,85,
2026.07.20 10:24:00,10:24:00,89,
2026.07.20 10:25:00,10:25:00,83,
2026.07.20 10:26:00,10:26:00,88,
2026.07.20 10:27:00,10:27:00,87,
2026.07.20 10:28:00,10:28:00,88,
2026.07.20 10:29:00,10:29:00,88,
2026.07.20 10:30:00,10:30:00,91,
2026.07.20 10:31:00,10:31:00,95,
2026.07.20 10:32:00,10:32:00,91,
2026.07.20 10:33:00,10:33:00,91,
2026.07.20 10:34:00,10:34:00,85,
2026.07.20 10:35:00,10:35:00,82,
2026.07.20 10:36:00,10:36:00,92,
2026.07.20 10:37:00,10:37:00,86,
2026.07.20 10:38:00,10:38:00,85,
2026.07.20 10:39:00,10:39:00,86,
2026.07.20 10:40:00,10:40:00,84,
2026.07.20 10:41:00,10:41:00,88,
2026.07.20 10:42:00,10:42:00,87,
2026.07.20 10:43:00,10:43:00,86,
2026.07.20 10:44:00,10:44:00,88,
2026.07.20 10:45:00,10:45:00,86,
2026.07.20 10:46:00,10:46:00,88,
2026.07.20 10:47:00,10:47:00,89,
2026.07.20 10:48:00,10:48:00,89,
2026.07.20 10:49:00,10:49:00,82,
2026.07.20 10:50:00,10:50:00,86,
2026.07.20 10:51:00,10:51:00,81,
2026.07.20 10:52:00,10:52:00,80,
2026.07.20 10:53:00,10:53:00,79,
2026.07.20 10:54:00,10:54:00,84,
2026.07.20 10:55:00,10:55:00,82,
2026.07.20 10:56:00,10:56:00,84,
2026.07.20 10:57:00,10:57:00,88,
2026.07.20 10:58:00,10:58:00,83,
2026.07.20 10:59:00,10:59:00,87,
2026.07.20 11:00:00,11:00:00,87,
2026.07.20 11:01:00,11:01:00,88,
2026.07.20 11:02:00,11:02:00,90,
2026.07.20 11:03:00,11:03:00,85,
2026.07.20 11:04:00,11:04:00,83,
2026.07.20 11:05:00,11:05:00,88,
2026.07.20 11:06:00,11:06:00,84,
2026.07.20 11:07:00,11:07:00,85,
2026.07.20 11:08:00,11:08:00,88,
2026.07.20 11:09:00,11:09:00,82,
2026.07.20 11:10:00,11:10:00,82,
2026.07.20 11:11:00,11:11:00,85,
2026.07.20 11:12:00,11:12:00,88,
2026.07.20 11:13:00,11:13:00,84,
2026.07.20 11:14:00,11:14:00,85,
2026.07.20 11:15:00,11:15:00,87,
2026.07.20 11:16:00,11:16:00,87,
2026.07.20 11:17:00,11:17:00,83,
2026.07.20 11:18:00,11:18:00,86,
2026.07.20 11:19:00,11:19:00,89,
2026.07.20 11:20:00,11:20:00,88,
2026.07.20 11:21:00,11:21:00,83,
2026.07.20 11:22:00,11:22:00,85,
2026.07.20 11:23:00,11:23:00,86,
2026.07.20 11:24:00,11:24:00,77,
2026.07.20 11:25:00,11:25:00,86,
2026.07.20 11:34:00,11:34:00,97,
2026.07.20 11:35:00,11:35:00,90,
2026.07.20 11:36:00,11:36:00,88,
2026.07.20 11:37:00,11:37:00,89,
2026.07.20 11:39:00,11:39:00,72,
2026.07.20 11:41:00,11:41:00,71,
2026.07.20 11:42:00,11:42:00,69,
2026.07.20 11:43:00,11:43:00,70,
2026.07.20 11:44:00,11:44:00,68,
2026.07.20 11:45:00,11:45:00,72,
2026.07.20 11:46:00,11:46:00,70,
2026.07.20 11:47:00,11:47:00,71,
2026.07.20 11:48:00,11:48:00,73,
2026.07.20 11:49:00,11:49:00,76,
2026.07.20 11:50:00,11:50:00,73,
2026.07.20 11:51:00,11:51:00,73,
2026.07.20 11:52:00,11:52:00,73,
2026.07.20 11:53:00,11:53:00,73,
2026.07.20 11:56:00,11:56:00,73,
2026.07.20 11:57:00,11:57:00,73,
2026.07.20 11:58:00,11:58:00,72,
2026.07.20 11:59:00,11:59:00,74,
2026.07.20 12:00:00,12:00:00,76,
2026.07.20 12:01:00,12:01:00,76,
2026.07.20 12:02:00,12:02:00,76,
2026.07.20 12:03:00,12:03:00,90,
2026.07.20 12:04:00,12:04:00,97,
2026.07.20 12:05:00,12:05:00,91,
2026.07.20 12:06:00,12:06:00,93,
2026.07.20 12:07:00,12:07:00,107,
2026.07.20 12:08:00,12:08:00,110,
2026.07.20 12:09:00,12:09:00,128,
2026.07.20 12:10:00,12:10:00,107,
2026.07.20 12:11:00,12:11:00,85,
2026.07.20 12:12:00,12:12:00,91,
2026.07.20 12:13:00,12:13:00,87,
2026.07.20 12:14:00,12:14:00,89,
2026.07.20 12:15:00,12:15:00,107,
2026.07.20 12:16:00,12:16:00,115,
2026.07.20 12:17:00,12:17:00,109,
2026.07.20 12:18:00,12:18:00,94,
2026.07.20 12:19:00,12:19:00,94,
2026.07.20 12:20:00,12:20:00,89,
2026.07.20 12:21:00,12:21:00,93,
2026.07.20 12:27:00,12:27:00,94,
2026.07.20 12:28:00,12:28:00,93,
2026.07.20 12:29:00,12:29:00,92,
2026.07.20 12:30:00,12:30:00,85,
2026.07.20 12:31:00,12:31:00,92,
2026.07.20 12:32:00,12:32:00,85,
2026.07.20 12:33:00,12:33:00,94,
2026.07.20 12:34:00,12:34:00,95,
2026.07.20 12:35:00,12:35:00,94,
2026.07.20 12:36:00,12:36:00,89,
2026.07.20 12:37:00,12:37:00,93,
2026.07.20 12:38:00,12:38:00,91,
2026.07.20 12:39:00,12:39:00,91,
2026.07.20 12:40:00,12:40:00,91,
2026.07.20 12:41:00,12:41:00,93,
2026.07.20 12:42:00,12:42:00,96,
2026.07.20 12:43:00,12:43:00,88,
2026.07.20 12:44:00,12:44:00,96,
2026.07.20 12:45:00,12:45:00,76,
2026.07.20 12:46:00,12:46:00,78,
2026.07.20 12:47:00,12:47:00,82,
2026.07.20 12:48:00,12:48:00,75,
2026.07.20 12:49:00,12:49:00,81,
2026.07.20 12:50:00,12:50:00,72,
2026.07.20 12:51:00,12:51:00,87,
2026.07.20 12:52:00,12:52:00,97,
2026.07.20 12:53:00,12:53:00,84,
2026.07.20 12:54:00,12:54:00,92,
2026.07.20 12:55:00,12:55:00,103,
2026.07.20 12:56:00,12:56:00,97,
2026.07.20 12:57:00,12:57:00,88,
2026.07.20 12:58:00,12:58:00,90,
2026.07.20 12:59:00,12:59:00,94,
2026.07.20 13:00:00,13:00:00,83,
2026.07.20 13:01:00,13:01:00,87,
2026.07.20 13:02:00,13:02:00,89,
2026.07.20 13:03:00,13:03:00,94,
2026.07.20 13:04:00,13:04:00,88,
2026.07.20 13:05:00,13:05:00,93,
2026.07.20 13:06:00,13:06:00,93,
2026.07.20 13:07:00,13:07:00,105,
2026.07.20 13:08:00,13:08:00,101,
2026.07.20 13:09:00,13:09:00,92,
2026.07.20 13:10:00,13:10:00,89,
2026.07.20 13:11:00,13:11:00,95,
2026.07.20 13:12:00,13:12:00,91,
2026.07.20 13:13:00,13:13:00,87,
2026.07.20 13:14:00,13:14:00,87,
2026.07.20 13:15:00,13:15:00,94,
2026.07.20 13:16:00,13:16:00,93,
2026.07.20 13:17:00,13:17:00,93,
2026.07.20 13:18:00,13:18:00,101,
2026.07.20 13:19:00,13:19:00,89,
2026.07.20 13:20:00,13:20:00,95,
2026.07.20 13:21:00,13:21:00,93,
2026.07.20 13:22:00,13:22:00,98,
2026.07.20 13:23:00,13:23:00,94,
2026.07.20 13:24:00,13:24:00,94,
2026.07.20 13:25:00,13:25:00,95,
2026.07.20 13:26:00,13:26:00,102,
2026.07.20 13:27:00,13:27:00,98,
2026.07.20 13:28:00,13:28:00,95,
2026.07.20 13:29:00,13:29:00,102,
2026.07.20 13:30:00,13:30:00,102,
2026.07.20 13:31:00,13:31:00,93,
2026.07.20 13:32:00,13:32:00,97,
2026.07.20 13:33:00,13:33:00,94,
2026.07.20 13:34:00,13:34:00,95,
2026.07.20 13:35:00,13:35:00,95,
2026.07.20 13:36:00,13:36:00,94,
2026.07.20 13:37:00,13:37:00,95,
2026.07.20 13:38:00,13:38:00,95,
2026.07.20 13:39:00,13:39:00,95,
2026.07.20 13:40:00,13:40:00,95,
2026.07.20 13:41:00,13:41:00,94,
2026.07.20 13:42:00,13:42:00,95,
2026.07.20 13:43:00,13:43:00,96,
2026.07.20 13:44:00,13:44:00,97,
2026.07.20 13:45:00,13:45:00,115,
2026.07.20 13:46:00,13:46:00,124,
2026.07.20 13:47:00,13:47:00,105,
2026.07.20 13:48:00,13:48:00,114,
2026.07.20 13:49:00,13:49:00,104,
2026.07.20 13:50:00,13:50:00,90,
2026.07.20 13:51:00,13:51:00,103,
2026.07.20 13:52:00,13:52:00,92,
2026.07.20 13:53:00,13:53:00,98,
2026.07.20 13:54:00,13:54:00,89,
2026.07.20 13:55:00,13:55:00,90,
2026.07.20 13:56:00,13:56:00,92,
2026.07.20 13:57:00,13:57:00,85,
2026.07.20 13:58:00,13:58:00,91,
2026.07.20 13:59:00,13:59:00,91,
2026.07.20 14:00:00,14:00:00,89,
2026.07.20 14:01:00,14:01:00,91,
2026.07.20 14:02:00,14:02:00,87,
2026.07.20 14:03:00,14:03:00,91,
2026.07.20 14:04:00,14:04:00,107,
2026.07.20 14:05:00,14:05:00,97,
2026.07.20 14:06:00,14:06:00,95,
2026.07.20 14:07:00,14:07:00,88,
2026.07.20 14:08:00,14:08:00,98,
2026.07.20 14:09:00,14:09:00,100,
2026.07.20 14:10:00,14:10:00,92,
2026.07.20 14:11:00,14:11:00,99,
2026.07.20 14:12:00,14:12:00,94,
2026.07.20 14:13:00,14:13:00,104,
2026.07.20 14:14:00,14:14:00,95,
2026.07.20 14:15:00,14:15:00,98,
2026.07.20 14:16:00,14:16:00,95,
2026.07.20 14:17:00,14:17:00,93,
2026.07.20 14:18:00,14:18:00,91,
2026.07.20 14:19:00,14:19:00,88,
2026.07.20 14:20:00,14:20:00,93,
2026.07.20 14:21:00,14:21:00,91,
2026.07.20 14:22:00,14:22:00,94,
2026.07.20 14:23:00,14:23:00,94,
2026.07.20 14:24:00,14:24:00,111,
2026.07.20 14:25:00,14:25:00,115,
2026.07.20 14:26:00,14:26:00,90,
2026.07.20 14:27:00,14:27:00,90,
2026.07.20 14:28:00,14:28:00,94,
2026.07.20 14:29:00,14:29:00,89,
2026.07.20 14:30:00,14:30:00,85,
2026.07.20 14:31:00,14:31:00,110,
2026.07.20 14:32:00,14:32:00,107,
2026.07.20 14:33:00,14:33:00,104,
2026.07.20 14:34:00,14:34:00,107,
2026.07.20 14:35:00,14:35:00,100,
2026.07.20 14:36:00,14:36:00,100,
2026.07.20 14:37:00,14:37:00,107,
2026.07.20 14:51:00,14:51:00,101,
2026.07.20 14:52:00,14:52:00,109,
2026.07.20 14:53:00,14:53:00,108,
2026.07.20 14:54:00,14:54:00,95,
2026.07.20 14:55:00,14:55:00,90,
2026.07.20 14:56:00,14:56:00,95,
2026.07.20 14:57:00,14:57:00,92,
2026.07.20 14:58:00,14:58:00,91,
2026.07.20 14:59:00,14:59:00,90,
2026.07.20 15:00:00,15:00:00,86,
2026.07.20 15:01:00,15:01:00,86,
2026.07.20 15:02:00,15:02:00,88,
2026.07.20 15:03:00,15:03:00,93,
2026.07.20 15:04:00,15:04:00,86,
2026.07.20 15:05:00,15:05:00,84,
2026.07.20 15:06:00,15:06:00,86,
2026.07.20 15:07:00,15:07:00,89,
2026.07.20 15:08:00,15:08:00,87,
2026.07.20 15:09:00,15:09:00,92,
2026.07.20 15:10:00,15:10:00,92,
2026.07.20 15:11:00,15:11:00,92,
2026.07.20 15:12:00,15:12:00,93,
2026.07.20 15:13:00,15:13:00,88,
2026.07.20 15:14:00,15:14:00,89,
2026.07.20 15:15:00,15:15:00,92,
2026.07.20 15:16:00,15:16:00,93,
2026.07.20 15:17:00,15:17:00,95,
2026.07.20 15:18:00,15:18:00,90,
2026.07.20 15:19:00,15:19:00,88,
2026.07.20 15:20:00,15:20:00,86,
2026.07.20 15:21:00,15:21:00,92,
2026.07.20 15:22:00,15:22:00,92,
2026.07.20 15:23:00,15:23:00,88,
2026.07.20 15:24:00,15:24:00,88,
2026.07.20 15:25:00,15:25:00,93,
2026.07.20 15:26:00,15:26:00,90,
2026.07.20 15:27:00,15:27:00,89,
2026.07.20 15:28:00,15:28:00,94,
2026.07.20 15:29:00,15:29:00,88,
2026.07.20 15:30:00,15:30:00,86,
2026.07.20 15:31:00,15:31:00,85,
2026.07.20 15:32:00,15:32:00,90,
2026.07.20 15:33:00,15:33:00,94,
2026.07.20 15:34:00,15:34:00,94,
2026.07.20 15:35:00,15:35:00,88,
2026.07.20 15:36:00,15:36:00,83,
2026.07.20 15:37:00,15:37:00,82,
2026.07.20 15:38:00,15:38:00,83,
2026.07.20 15:39:00,15:39:00,86,
2026.07.20 15:40:00,15:40:00,78,
2026.07.20 15:41:00,15:41:00,81,
2026.07.20 15:42:00,15:42:00,80,
2026.07.20 15:43:00,15:43:00,85,
2026.07.20 15:44:00,15:44:00,78,
2026.07.20 15:45:00,15:45:00,84,
2026.07.20 15:46:00,15:46:00,81,
2026.07.20 15:47:00,15:47:00,87,
2026.07.20 15:48:00,15:48:00,84,
2026.07.20 15:49:00,15:49:00,88,
2026.07.20 15:50:00,15:50:00,79,
2026.07.20 15:51:00,15:51:00,80,
2026.07.20 15:52:00,15:52:00,86,
2026.07.20 15:53:00,15:53:00,82,
2026.07.20 15:54:00,15:54:00,87,
2026.07.20 15:55:00,15:55:00,81,
2026.07.20 15:56:00,15:56:00,87,
2026.07.20 15:57:00,15:57:00,86,
2026.07.20 15:58:00,15:58:00,84,
2026.07.20 15:59:00,15:59:00,86,
2026.07.20 16:00:00,16:00:00,84,
2026.07.20 16:01:00,16:01:00,77,
2026.07.20 16:02:00,16:02:00,94,
2026.07.20 16:03:00,16:03:00,82,
2026.07.20 16:04:00,16:04:00,82,
2026.07.20 16:05:00,16:05:00,90,
2026.07.20 16:06:00,16:06:00,83,
2026.07.20 16:07:00,16:07:00,77,
2026.07.20 16:08:00,16:08:00,76,
2026.07.20 16:09:00,16:09:00,76,
2026.07.20 16:10:00,16:10:00,81,
2026.07.20 16:11:00,16:11:00,79,
2026.07.20 16:12:00,16:12:00,81,
2026.07.20 16:13:00,16:13:00,82,
2026.07.20 16:14:00,16:14:00,81,
2026.07.20 16:15:00,16:15:00,80,
2026.07.20 16:16:00,16:16:00,86,
2026.07.20 16:17:00,16:17:00,83,
2026.07.20 16:18:00,16:18:00,87,
2026.07.20 16:19:00,16:19:00,83,
2026.07.20 16:20:00,16:20:00,88,
2026.07.20 16:21:00,16:21:00,89,
2026.07.20 16:22:00,16:22:00,81,
2026.07.20 16:23:00,16:23:00,80,
2026.07.20 16:24:00,16:24:00,83,
2026.07.20 16:25:00,16:25:00,89,
2026.07.20 16:26:00,16:26:00,89,
2026.07.20 16:27:00,16:27:00,90,
2026.07.20 16:28:00,16:28:00,81,
2026.07.20 16:29:00,16:29:00,87,
2026.07.20 16:30:00,16:30:00,79,
2026.07.20 16:31:00,16:31:00,75,
2026.07.20 16:32:00,16:32:00,69,
2026.07.20 16:33:00,16:33:00,78,
2026.07.20 16:34:00,16:34:00,78,
2026.07.20 16:35:00,16:35:00,81,
2026.07.20 16:36:00,16:36:00,77,
2026.07.20 16:37:00,16:37:00,92,
2026.07.20 16:38:00,16:38:00,82,
2026.07.20 16:39:00,16:39:00,77,
2026.07.20 16:40:00,16:40:00,81,
2026.07.20 16:41:00,16:41:00,83,
2026.07.20 16:42:00,16:42:00,82,
2026.07.20 16:43:00,16:43:00,83,
2026.07.20 16:44:00,16:44:00,87,
2026.07.20 16:45:00,16:45:00,81,
2026.07.20 16:46:00,16:46:00,81,
2026.07.20 16:47:00,16:47:00,79,
2026.07.20 16:48:00,16:48:00,79,
2026.07.20 16:49:00,16:49:00,79,
2026.07.20 16:50:00,16:50:00,71,
2026.07.20 16:51:00,16:51:00,75,
2026.07.20 16:52:00,16:52:00,76,
2026.07.20 16:53:00,16:53:00,78,
2026.07.20 16:54:00,16:54:00,83,
2026.07.20 16:55:00,16:55:00,77,
2026.07.20 16:56:00,16:56:00,72,
2026.07.20 16:57:00,16:57:00,78,
2026.07.20 16:58:00,16:58:00,78,
2026.07.20 16:59:00,16:59:00,77,
2026.07.20 17:00:00,17:00:00,93,
2026.07.20 17:01:00,17:01:00,102,
2026.07.20 17:02:00,17:02:00,100,
2026.07.20 17:03:00,17:03:00,103,
2026.07.20 17:04:00,17:04:00,120,
2026.07.20 17:05:00,17:05:00,125,
2026.07.20 17:06:00,17:06:00,89,
2026.07.20 17:07:00,17:07:00,94,
2026.07.20 17:08:00,17:08:00,130,
2026.07.20 17:09:00,17:09:00,142,
2026.07.20 17:10:00,17:10:00,108,
2026.07.20 17:11:00,17:11:00,93,
2026.07.20 17:12:00,17:12:00,90,
2026.07.20 17:13:00,17:13:00,92,
2026.07.20 17:14:00,17:14:00,108,
2026.07.20 17:15:00,17:15:00,105,
2026.07.20 17:16:00,17:16:00,101,
2026.07.20 17:17:00,17:17:00,100,
2026.07.20 17:29:00,17:29:00,73,
2026.07.20 17:30:00,17:30:00,93,
2026.07.20 17:31:00,17:31:00,81,
2026.07.20 17:34:00,17:34:00,73,
2026.07.20 17:35:00,17:35:00,77,
2026.07.20 17:36:00,17:36:00,99,
2026.07.20 17:37:00,17:37:00,84,
2026.07.20 17:38:00,17:38:00,84,
2026.07.20 17:39:00,17:39:00,81,
2026.07.20 17:40:00,17:40:00,80,
2026.07.20 17:41:00,17:41:00,90,
2026.07.20 17:42:00,17:42:00,91,
2026.07.20 17:43:00,17:43:00,75,
2026.07.20 17:44:00,17:44:00,86,
2026.07.20 17:45:00,17:45:00,75,
2026.07.20 17:46:00,17:46:00,77,
2026.07.20 17:47:00,17:47:00,83,
2026.07.20 17:48:00,17:48:00,78,
2026.07.20 17:49:00,17:49:00,81,
2026.07.20 17:50:00,17:50:00,75,
2026.07.20 17:51:00,17:51:00,77,
2026.07.20 17:52:00,17:52:00,77,
2026.07.20 17:53:00,17:53:00,78,
2026.07.20 17:54:00,17:54:00,77,
2026.07.20 17:55:00,17:55:00,76,
2026.07.20 17:56:00,17:56:00,80,
2026.07.20 17:57:00,17:57:00,80,
2026.07.20 17:58:00,17:58:00,84,
2026.07.20 17:59:00,17:59:00,78,
2026.07.20 18:00:00,18:00:00,80,
2026.07.20 18:01:00,18:01:00,80,
2026.07.20 18:02:00,18:02:00,96,
2026.07.20 18:03:00,18:03:00,75,
2026.07.20 18:04:00,18:04:00,71,
2026.07.20 18:05:00,18:05:00,74,
2026.07.20 18:06:00,18:06:00,72,
2026.07.20 18:07:00,18:07:00,73,
2026.07.20 18:08:00,18:08:00,75,
2026.07.20 18:09:00,18:09:00,70,
2026.07.20 18:10:00,18:10:00,76,
2026.07.20 18:11:00,18:11:00,71,
2026.07.20 18:12:00,18:12:00,89,
2026.07.20 18:13:00,18:13:00,65,
2026.07.20 18:14:00,18:14:00,82,
2026.07.20 18:15:00,18:15:00,75,
2026.07.20 18:16:00,18:16:00,81,
2026.07.20 18:17:00,18:17:00,73,
2026.07.20 18:18:00,18:18:00,74,
2026.07.20 18:19:00,18:19:00,75,
2026.07.20 18:20:00,18:20:00,69,
2026.07.20 18:21:00,18:21:00,69,
2026.07.20 18:22:00,18:22:00,70,
2026.07.20 18:23:00,18:23:00,74,
2026.07.20 18:24:00,18:24:00,75,
2026.07.20 18:25:00,18:25:00,74,
2026.07.20 18:26:00,18:26:00,91,
2026.07.20 18:27:00,18:27:00,82,
2026.07.20 18:28:00,18:28:00,74,
2026.07.20 18:29:00,18:29:00,72,
2026.07.20 18:30:00,18:30:00,70,
2026.07.20 18:31:00,18:31:00,71,
2026.07.20 18:32:00,18:32:00,73,
2026.07.20 18:33:00,18:33:00,75,
2026.07.20 18:34:00,18:34:00,80,
2026.07.20 18:35:00,18:35:00,76,
2026.07.20 18:36:00,18:36:00,75,
2026.07.20 18:37:00,18:37:00,79,
2026.07.20 18:38:00,18:38:00,77,
2026.07.20 18:39:00,18:39:00,69,
2026.07.20 18:40:00,18:40:00,77,
2026.07.20 18:41:00,18:41:00,75,
2026.07.20 18:42:00,18:42:00,77,
2026.07.20 18:43:00,18:43:00,77,
2026.07.20 18:44:00,18:44:00,80,
2026.07.20 18:45:00,18:45:00,80,
2026.07.20 18:46:00,18:46:00,74,
2026.07.20 18:47:00,18:47:00,83,
2026.07.20 18:48:00,18:48:00,71,
2026.07.20 18:49:00,18:49:00,75,
2026.07.20 18:50:00,18:50:00,68,
2026.07.20 18:51:00,18:51:00,83,
2026.07.20 18:52:00,18:52:00,78,
2026.07.20 18:53:00,18:53:00,76,
2026.07.20 18:54:00,18:54:00,80,
2026.07.20 18:55:00,18:55:00,87,
2026.07.20 18:56:00,18:56:00,84,
2026.07.20 18:57:00,18:57:00,80,
2026.07.20 18:58:00,18:58:00,82,
2026.07.20 18:59:00,18:59:00,83,
2026.07.20 19:00:00,19:00:00,75,
2026.07.20 19:01:00,19:01:00,74,
2026.07.20 19:02:00,19:02:00,80,
2026.07.20 19:03:00,19:03:00,69,
2026.07.20 19:04:00,19:04:00,78,
2026.07.20 19:05:00,19:05:00,74,
2026.07.20 19:06:00,19:06:00,75,
2026.07.20 19:07:00,19:07:00,80,
2026.07.20 19:08:00,19:08:00,76,
2026.07.20 19:09:00,19:09:00,76,
2026.07.20 19:10:00,19:10:00,75,
2026.07.20 19:11:00,19:11:00,75,
2026.07.20 19:12:00,19:12:00,80,
2026.07.20 19:13:00,19:13:00,78,
2026.07.20 19:14:00,19:14:00,87,
2026.07.20 19:15:00,19:15:00,78,
2026.07.20 19:16:00,19:16:00,81,
2026.07.20 19:17:00,19:17:00,83,
2026.07.20 19:18:00,19:18:00,80,
2026.07.20 19:19:00,19:19:00,78,
2026.07.20 19:20:00,19:20:00,79,
2026.07.20 19:21:00,19:21:00,76,
2026.07.20 19:22:00,19:22:00,84,
2026.07.20 19:23:00,19:23:00,82,
2026.07.20 19:24:00,19:24:00,83,
2026.07.20 19:25:00,19:25:00,85,
2026.07.20 19:26:00,19:26:00,78,
2026.07.20 19:27:00,19:27:00,80,
2026.07.20 19:28:00,19:28:00,79,
2026.07.20 19:29:00,19:29:00,69,
2026.07.20 19:30:00,19:30:00,86,
2026.07.20 19:31:00,19:31:00,89,
2026.07.20 19:32:00,19:32:00,95,
2026.07.20 19:33:00,19:33:00,88,
2026.07.20 19:34:00,19:34:00,84,
2026.07.20 19:35:00,19:35:00,80,
2026.07.20 19:36:00,19:36:00,93,
2026.07.20 19:37:00,19:37:00,81,
2026.07.20 19:38:00,19:38:00,86,
2026.07.20 19:39:00,19:39:00,85,
2026.07.20 19:40:00,19:40:00,102,
2026.07.20 19:41:00,19:41:00,96,
2026.07.20 19:42:00,19:42:00,111,
2026.07.20 19:43:00,19:43:00,97,
2026.07.20 19:44:00,19:44:00,100,
2026.07.20 19:45:00,19:45:00,96,
2026.07.20 19:46:00,19:46:00,108,
2026.07.20 19:47:00,19:47:00,105,
2026.07.20 19:48:00,19:48:00,90,
2026.07.20 19:49:00,19:49:00,97,
2026.07.20 19:50:00,19:50:00,90,
2026.07.20 19:51:00,19:51:00,94,
2026.07.20 19:52:00,19:52:00,93,
2026.07.20 19:53:00,19:53:00,91,
2026.07.20 19:54:00,19:54:00,94,
2026.07.20 19:55:00,19:55:00,101,
2026.07.20 19:56:00,19:56:00,89,
2026.07.20 19:57:00,19:57:00,95,
2026.07.20 19:58:00,19:58:00,91,
2026.07.20 19:59:00,19:59:00,91,
2026.07.20 20:00:00,20:00:00,93,
2026.07.20 20:01:00,20:01:00,95,
2026.07.20 20:02:00,20:02:00,91,
2026.07.20 20:03:00,20:03:00,90,
2026.07.20 20:04:00,20:04:00,91,
2026.07.20 20:05:00,20:05:00,94,
2026.07.20 20:06:00,20:06:00,91,
2026.07.20 20:07:00,20:07:00,89,
2026.07.20 20:08:00,20:08:00,89,
2026.07.20 20:09:00,20:09:00,92,
2026.07.20 20:10:00,20:10:00,91,
2026.07.20 20:11:00,20:11:00,95,
2026.07.20 20:12:00,20:12:00,95,
2026.07.20 20:13:00,20:13:00,91,
2026.07.20 20:14:00,20:14:00,90,
2026.07.20 20:15:00,20:15:00,87,
2026.07.20 20:16:00,20:16:00,91,
2026.07.20 20:17:00,20:17:00,85,
2026.07.20 20:18:00,20:18:00,93,
2026.07.20 20:19:00,20:19:00,91,
2026.07.20 20:20:00,20:20:00,91,
2026.07.20 20:21:00,20:21:00,98,
2026.07.20 20:22:00,20:22:00,99,
2026.07.20 20:23:00,20:23:00,91,
2026.07.20 20:24:00,20:24:00,94,
2026.07.20 20:25:00,20:25:00,89,
2026.07.20 20:26:00,20:26:00,94,
2026.07.20 20:27:00,20:27:00,102,
2026.07.20 20:28:00,20:28:00,99,
2026.07.20 20:29:00,20:29:00,97,
2026.07.20 20:30:00,20:30:00,97,
2026.07.20 20:31:00,20:31:00,91,
2026.07.20 20:32:00,20:32:00,106,
2026.07.20 20:33:00,20:33:00,96,
2026.07.20 20:34:00,20:34:00,92,
2026.07.20 20:35:00,20:35:00,97,
2026.07.20 20:36:00,20:36:00,96,
2026.07.20 20:37:00,20:37:00,121,
2026.07.20 20:38:00,20:38:00,97,
2026.07.20 20:39:00,20:39:00,86,
2026.07.20 20:40:00,20:40:00,89,
2026.07.20 20:41:00,20:41:00,88,
2026.07.20 20:42:00,20:42:00,92,
2026.07.20 20:43:00,20:43:00,80,
2026.07.20 20:44:00,20:44:00,85,
2026.07.20 20:45:00,20:45:00,82,
2026.07.20 20:46:00,20:46:00,86,
2026.07.20 20:47:00,20:47:00,95,
2026.07.20 20:48:00,20:48:00,89,
2026.07.20 20:49:00,20:49:00,93,
2026.07.20 20:50:00,20:50:00,86,
2026.07.20 20:51:00,20:51:00,91,
2026.07.20 20:52:00,20:52:00,137,
2026.07.20 20:53:00,20:53:00,153,
2026.07.20 20:54:00,20:54:00,108,
2026.07.20 20:55:00,20:55:00,97,
2026.07.20 20:56:00,20:56:00,77,
2026.07.20 20:57:00,20:57:00,83,
2026.07.20 20:58:00,20:58:00,97,
2026.07.20 20:59:00,20:59:00,75,
2026.07.20 21:00:00,21:00:00,72,
2026.07.20 21:01:00,21:01:00,74,
2026.07.20 21:02:00,21:02:00,80,
2026.07.20 21:03:00,21:03:00,86,
2026.07.20 21:04:00,21:04:00,85,
2026.07.20 21:05:00,21:05:00,80,
2026.07.20 21:06:00,21:06:00,80,
2026.07.20 21:07:00,21:07:00,122,
2026.07.20 21:08:00,21:08:00,130,
2026.07.20 21:09:00,21:09:00,131,
2026.07.20 21:10:00,21:10:00,91,
2026.07.20 21:11:00,21:11:00,92,
2026.07.20 21:12:00,21:12:00,96,
2026.07.20 21:13:00,21:13:00,110,
2026.07.20 21:14:00,21:14:00,126,
2026.07.20 21:15:00,21:15:00,91,
2026.07.20 21:16:00,21:16:00,95,
2026.07.20 21:17:00,21:17:00,97,
2026.07.20 21:18:00,21:18:00,119,
2026.07.20 21:19:00,21:19:00,115,
2026.07.20 21:20:00,21:20:00,100,
2026.07.20 21:21:00,21:21:00,101,
2026.07.20 21:22:00,21:22:00,97,
2026.07.20 21:23:00,21:23:00,98,
2026.07.20 21:24:00,21:24:00,96,
2026.07.20 21:25:00,21:25:00,98,
2026.07.20 21:26:00,21:26:00,94,
2026.07.20 21:27:00,21:27:00,86,
2026.07.20 21:28:00,21:28:00,84,
2026.07.20 21:29:00,21:29:00,88,
2026.07.20 21:30:00,21:30:00,87,
2026.07.20 21:31:00,21:31:00,95,
2026.07.20 21:32:00,21:32:00,91,
2026.07.20 21:33:00,21:33:00,93,
2026.07.20 21:34:00,21:34:00,91,
2026.07.20 21:35:00,21:35:00,85,
2026.07.20 21:36:00,21:36:00,92,
2026.07.20 21:37:00,21:37:00,88,
2026.07.20 21:38:00,21:38:00,87,
2026.07.20 21:39:00,21:39:00,94,
2026.07.20 21:40:00,21:40:00,96,
2026.07.20 21:41:00,21:41:00,94,
2026.07.20 21:42:00,21:42:00,94,
2026.07.20 21:43:00,21:43:00,85,
2026.07.20 21:44:00,21:44:00,93,
2026.07.20 21:45:00,21:45:00,91,
2026.07.20 21:46:00,21:46:00,88,
2026.07.20 21:47:00,21:47:00,81,
2026.07.20 21:48:00,21:48:00,80,
2026.07.20 21:49:00,21:49:00,78,
2026.07.20 21:50:00,21:50:00,77,
2026.07.20 21:51:00,21:51:00,82,
2026.07.20 21:52:00,21:52:00,79,
2026.07.20 21:53:00,21:53:00,89,
2026.07.20 21:54:00,21:54:00,78,
2026.07.20 21:55:00,21:55:00,85,
2026.07.20 21:56:00,21:56:00,82,
2026.07.20 21:57:00,21:57:00,78,
2026.07.20 21:58:00,21:58:00,77,
2026.07.20 21:59:00,21:59:00,78,
2026.07.20 22:00:00,22:00:00,77,
2026.07.20 22:01:00,22:01:00,81,
2026.07.20 22:02:00,22:02:00,80,
2026.07.20 22:03:00,22:03:00,72,
2026.07.20 22:04:00,22:04:00,71,
2026.07.20 22:05:00,22:05:00,72,
2026.07.20 22:06:00,22:06:00,84,
2026.07.20 22:07:00,22:07:00,73,
2026.07.20 22:08:00,22:08:00,71,
2026.07.20 22:09:00,22:09:00,73,
2026.07.20 22:10:00,22:10:00,79,
2026.07.20 22:11:00,22:11:00,77,
2026.07.20 22:12:00,22:12:00,74,
2026.07.20 22:13:00,22:13:00,76,
2026.07.20 22:14:00,22:14:00,84,
2026.07.20 22:15:00,22:15:00,74,
2026.07.20 22:16:00,22:16:00,82,
2026.07.20 22:17:00,22:17:00,80,
2026.07.20 22:18:00,22:18:00,75,
2026.07.20 22:19:00,22:19:00,73,
2026.07.20 22:20:00,22:20:00,77,
2026.07.20 22:21:00,22:21:00,85,
2026.07.20 22:22:00,22:22:00,74,
2026.07.20 22:23:00,22:23:00,73,
2026.07.20 22:24:00,22:24:00,67,
2026.07.20 22:25:00,22:25:00,71,
2026.07.20 22:26:00,22:26:00,75,
2026.07.20 22:27:00,22:27:00,72,
2026.07.20 22:28:00,22:28:00,68,
2026.07.20 22:29:00,22:29:00,69,
2026.07.20 22:30:00,22:30:00,72,
2026.07.20 22:31:00,22:31:00,75,
2026.07.20 22:32:00,22:32:00,73,
2026.07.20 22:33:00,22:33:00,83,
2026.07.20 22:34:00,22:34:00,78,
2026.07.20 22:35:00,22:35:00,76,
2026.07.20 22:36:00,22:36:00,75,
2026.07.20 22:37:00,22:37:00,75,
2026.07.20 22:38:00,22:38:00,81,
2026.07.20 22:39:00,22:39:00,70,
2026.07.20 22:40:00,22:40:00,76,
2026.07.20 22:41:00,22:41:00,71,
2026.07.20 22:42:00,22:42:00,77,
2026.07.20 22:43:00,22:43:00,76,
2026.07.20 22:44:00,22:44:00,79,
2026.07.20 22:45:00,22:45:00,84,
2026.07.20 22:46:00,22:46:00,85,
2026.07.20 22:47:00,22:47:00,75,
2026.07.20 22:48:00,22:48:00,74,
2026.07.20 22:49:00,22:49:00,76,
2026.07.20 22:50:00,22:50:00,75,
2026.07.20 22:51:00,22:51:00,70,
2026.07.20 22:52:00,22:52:00,75,
2026.07.20 22:53:00,22:53:00,71,
2026.07.20 22:54:00,22:54:00,75,
2026.07.20 22:55:00,22:55:00,76,
2026.07.20 22:56:00,22:56:00,73,
2026.07.20 22:57:00,22:57:00,69,
2026.07.20 22:58:00,22:58:00,69,
2026.07.20 22:59:00,22:59:00,76,
2026.07.20 23:00:00,23:00:00,91,
2026.07.20 23:01:00,23:01:00,86,
2026.07.20 23:02:00,23:02:00,73,
2026.07.20 23:03:00,23:03:00,72,
2026.07.20 23:04:00,23:04:00,63,
2026.07.20 23:05:00,23:05:00,79,
2026.07.20 23:06:00,23:06:00,80,
2026.07.20 23:07:00,23:07:00,93,
2026.07.20 23:08:00,23:08:00,69,
2026.07.20 23:09:00,23:09:00,79,
2026.07.20 23:10:00,23:10:00,71,
2026.07.20 23:11:00,23:11:00,73,
2026.07.20 23:12:00,23:12:00,66,
2026.07.20 23:13:00,23:13:00,66,
2026.07.20 23:14:00,23:14:00,70,
2026.07.20 23:15:00,23:15:00,72,
2026.07.20 23:16:00,23:16:00,73,
2026.07.20 23:17:00,23:17:00,73,
2026.07.20 23:18:00,23:18:00,64,
2026.07.20 23:19:00,23:19:00,78,
2026.07.20 23:20:00,23:20:00,71,
2026.07.20 23:21:00,23:21:00,72,
2026.07.20 23:22:00,23:22:00,71,
2026.07.20 23:23:00,23:23:00,68,
2026.07.20 23:24:00,23:24:00,66,
2026.07.20 23:25:00,23:25:00,66,
2026.07.20 23:26:00,23:26:00,65,
2026.07.20 23:27:00,23:27:00,68,
2026.07.20 23:28:00,23:28:00,68,
2026.07.20 23:29:00,23:29:00,67,
2026.07.20 23:30:00,23:30:00,67,
2026.07.20 23:31:00,23:31:00,67,
2026.07.20 23:32:00,23:32:00,68,
2026.07.20 23:33:00,23:33:00,61,
2026.07.20 23:34:00,23:34:00,61,
2026.07.20 23:35:00,23:35:00,61,
2026.07.20 23:36:00,23:36:00,62,
2026.07.20 23:37:00,23:37:00,61,
2026.07.20 23:38:00,23:38:00,75,
2026.07.20 23:39:00,23:39:00,65,
2026.07.20 23:40:00,23:40:00,65,
2026.07.20 23:41:00,23:41:00,64,
2026.07.20 23:42:00,23:42:00,58,
2026.07.20 23:43:00,23:43:00,62,
2026.07.20 23:44:00,23:44:00,61,
2026.07.20 23:45:00,23:45:00,61,
2026.07.20 23:46:00,23:46:00,62,
2026.07.20 23:47:00,23:47:00,58,
2026.07.20 23:48:00,23:48:00,59,
2026.07.20 23:49:00,23:49:00,61,
2026.07.20 23:50:00,23:50:00,59,
2026.07.20 23:51:00,23:51:00,62,
2026.07.20 23:52:00,23:52:00,61,
2026.07.20 23:53:00,23:53:00,61,
2026.07.20 23:54:00,23:54:00,61,
2026.07.20 23:55:00,23:55:00,61,
2026.07.20 23:56:00,23:56:00,62,
2026.07.20 23:57:00,23:57:00,61,
2026.07.20 23:58:00,23:58:00,60,
2026.07.20 23:59:00,23:59:00,61,
2026.07.21 00:00:00,00:00:00,62,
2026.07.21 00:01:00,00:01:00,63,
2026.07.21 00:02:00,00:02:00,65,
2026.07.21 00:03:00,00:03:00,62,
2026.07.21 00:04:00,00:04:00,63,
2026.07.21 00:05:00,00:05:00,63,
2026.07.21 00:06:00,00:06:00,62,
2026.07.21 00:07:00,00:07:00,63,
2026.07.21 00:08:00,00:08:00,63,
2026.07.21 00:09:00,00:09:00,62,
2026.07.21 00:10:00,00:10:00,63,
2026.07.21 00:11:00,00:11:00,63,
2026.07.21 00:12:00,00:12:00,61,
2026.07.21 00:13:00,00:13:00,63,
2026.07.21 00:14:00,00:14:00,62,
2026.07.21 00:15:00,00:15:00,62,
2026.07.21 00:16:00,00:16:00,63,
2026.07.21 00:17:00,00:17:00,64,
2026.07.21 00:18:00,00:18:00,64,
2026.07.21 00:19:00,00:19:00,63,
2026.07.21 00:20:00,00:20:00,62,
2026.07.21 00:21:00,00:21:00,62,
2026.07.21 00:22:00,00:22:00,62,
2026.07.21 00:23:00,00:23:00,74,
2026.07.21 00:24:00,00:24:00,62,
2026.07.21 00:25:00,00:25:00,63,
2026.07.21 00:26:00,00:26:00,58,
2026.07.21 00:27:00,00:27:00,75,
2026.07.21 00:28:00,00:28:00,55,
2026.07.21 00:29:00,00:29:00,56,
2026.07.21 00:30:00,00:30:00,57,
2026.07.21 00:31:00,00:31:00,59,
2026.07.21 00:32:00,00:32:00,59,
2026.07.21 00:33:00,00:33:00,61,
2026.07.21 00:34:00,00:34:00,59,
2026.07.21 00:35:00,00:35:00,61,
2026.07.21 00:36:00,00:36:00,60,
2026.07.21 00:37:00,00:37:00,62,
2026.07.21 00:38:00,00:38:00,63,
2026.07.21 00:39:00,00:39:00,63,
2026.07.21 00:40:00,00:40:00,75,
2026.07.21 00:41:00,00:41:00,58,
2026.07.21 00:42:00,00:42:00,58,
2026.07.21 00:43:00,00:43:00,62,
2026.07.21 00:44:00,00:44:00,59,
2026.07.21 00:45:00,00:45:00,60,
2026.07.21 00:46:00,00:46:00,61,
2026.07.21 00:47:00,00:47:00,58,
2026.07.21 00:48:00,00:48:00,60,
2026.07.21 00:49:00,00:49:00,59,
2026.07.21 00:50:00,00:50:00,60,
2026.07.21 00:51:00,00:51:00,70,
2026.07.21 00:52:00,00:52:00,78,
2026.07.21 00:53:00,00:53:00,61,
2026.07.21 00:54:00,00:54:00,59,
2026.07.21 00:55:00,00:55:00,59,
2026.07.21 00:56:00,00:56:00,60,
2026.07.21 00:57:00,00:57:00,61,
2026.07.21 00:58:00,00:58:00,61,
2026.07.21 00:59:00,00:59:00,60,
2026.07.21 01:00:00,01:00:00,60,
2026.07.21 01:01:00,01:01:00,60,
2026.07.21 01:02:00,01:02:00,61,
2026.07.21 01:03:00,01:03:00,60,
2026.07.21 01:04:00,01:04:00,59,
2026.07.21 01:05:00,01:05:00,59,
2026.07.21 01:06:00,01:06:00,60,
2026.07.21 01:07:00,01:07:00,59,
2026.07.21 01:08:00,01:08:00,60,
2026.07.21 01:09:00,01:09:00,61,
2026.07.21 01:10:00,01:10:00,60,
2026.07.21 01:11:00,01:11:00,60,
2026.07.21 01:12:00,01:12:00,59,
2026.07.21 01:13:00,01:13:00,60,
2026.07.21 01:14:00,01:14:00,59,
2026.07.21 01:15:00,01:15:00,59,
2026.07.21 01:16:00,01:16:00,60,
2026.07.21 01:17:00,01:17:00,59,
2026.07.21 01:18:00,01:18:00,59,
2026.07.21 01:19:00,01:19:00,60,
2026.07.21 01:20:00,01:20:00,76,
2026.07.21 01:21:00,01:21:00,85,
2026.07.21 01:22:00,01:22:00,64,
2026.07.21 01:23:00,01:23:00,60,
2026.07.21 01:24:00,01:24:00,65,
2026.07.21 01:25:00,01:25:00,52,
2026.07.21 01:26:00,01:26:00,54,
2026.07.21 01:27:00,01:27:00,53,
2026.07.21 01:28:00,01:28:00,53,
2026.07.21 01:29:00,01:29:00,53,
2026.07.21 01:30:00,01:30:00,54,
2026.07.21 01:31:00,01:31:00,55,
2026.07.21 01:32:00,01:32:00,57,
2026.07.21 01:33:00,01:33:00,55,
2026.07.21 01:34:00,01:34:00,56,
2026.07.21 01:35:00,01:35:00,56,
2026.07.21 01:36:00,01:36:00,76,
2026.07.21 01:37:00,01:37:00,53,
2026.07.21 01:38:00,01:38:00,55,
2026.07.21 01:39:00,01:39:00,54,
2026.07.21 01:40:00,01:40:00,55,
2026.07.21 01:41:00,01:41:00,58,
2026.07.21 01:42:00,01:42:00,56,
2026.07.21 01:43:00,01:43:00,58,
2026.07.21 01:44:00,01:44:00,59,
2026.07.21 01:45:00,01:45:00,58,
2026.07.21 01:46:00,01:46:00,56,
2026.07.21 01:47:00,01:47:00,74,
2026.07.21 01:48:00,01:48:00,52,
2026.07.21 01:49:00,01:49:00,55,
2026.07.21 01:50:00,01:50:00,55,
2026.07.21 01:51:00,01:51:00,57,
2026.07.21 01:52:00,01:52:00,56,
2026.07.21 01:53:00,01:53:00,58,
2026.07.21 01:54:00,01:54:00,57,
2026.07.21 01:55:00,01:55:00,58,
2026.07.21 01:56:00,01:56:00,60,
2026.07.21 01:57:00,01:57:00,60,
2026.07.21 01:58:00,01:58:00,60,
2026.07.21 01:59:00,01:59:00,58,
2026.07.21 02:00:00,02:00:00,60,
2026.07.21 02:01:00,02:01:00,60,
2026.07.21 02:02:00,02:02:00,60,
2026.07.21 02:03:00,02:03:00,62,
2026.07.21 02:04:00,02:04:00,61,
2026.07.21 02:05:00,02:05:00,61,
2026.07.21 02:06:00,02:06:00,61,
2026.07.21 02:07:00,02:07:00,60,
2026.07.21 02:08:00,02:08:00,60,
2026.07.21 02:09:00,02:09:00,59,
2026.07.21 02:10:00,02:10:00,58,
2026.07.21 02:11:00,02:11:00,60,
2026.07.21 02:12:00,02:12:00,57,
2026.07.21 02:13:00,02:13:00,60,
2026.07.21 02:14:00,02:14:00,61,
2026.07.21 02:15:00,02:15:00,61,
2026.07.21 02:16:00,02:16:00,63,
2026.07.21 02:17:00,02:17:00,61,
2026.07.21 02:18:00,02:18:00,66,
2026.07.21 02:19:00,02:19:00,64,
2026.07.21 02:20:00,02:20:00,71,
2026.07.21 02:21:00,02:21:00,61,
2026.07.21 02:22:00,02:22:00,64,
2026.07.21 02:23:00,02:23:00,71,
2026.07.21 02:24:00,02:24:00,66,
2026.07.21 02:25:00,02:25:00,66,
2026.07.21 02:26:00,02:26:00,63,
2026.07.21 02:27:00,02:27:00,66,
2026.07.21 02:28:00,02:28:00,65,
2026.07.21 02:29:00,02:29:00,62,
2026.07.21 02:30:00,02:30:00,63,
2026.07.21 02:31:00,02:31:00,65,
2026.07.21 02:32:00,02:32:00,65,
2026.07.21 02:33:00,02:33:00,66,
2026.07.21 02:34:00,02:34:00,57,
2026.07.21 02:35:00,02:35:00,65,
2026.07.21 02:36:00,02:36:00,64,
2026.07.21 02:37:00,02:37:00,62,
2026.07.21 02:38:00,02:38:00,67,
2026.07.21 02:39:00,02:39:00,62,
2026.07.21 02:40:00,02:40:00,60,
2026.07.21 02:41:00,02:41:00,60,
2026.07.21 02:42:00,02:42:00,69,
2026.07.21 02:43:00,02:43:00,68,
2026.07.21 02:44:00,02:44:00,65,
2026.07.21 02:45:00,02:45:00,60,
2026.07.21 02:46:00,02:46:00,60,
2026.07.21 02:47:00,02:47:00,61,
2026.07.21 02:48:00,02:48:00,60,
2026.07.21 02:49:00,02:49:00,62,
2026.07.21 02:50:00,02:50:00,61,
2026.07.21 02:51:00,02:51:00,59,
2026.07.21 02:52:00,02:52:00,64,
2026.07.21 02:53:00,02:53:00,60,
2026.07.21 02:54:00,02:54:00,62,
2026.07.21 02:55:00,02:55:00,61,
2026.07.21 02:56:00,02:56:00,61,
2026.07.21 02:57:00,02:57:00,61,
2026.07.21 02:58:00,02:58:00,61,
2026.07.21 02:59:00,02:59:00,62,
2026.07.21 03:00:00,03:00:00,61,
2026.07.21 03:01:00,03:01:00,64,
2026.07.21 03:02:00,03:02:00,61,
2026.07.21 03:03:00,03:03:00,65,
2026.07.21 03:04:00,03:04:00,61,
2026.07.21 03:05:00,03:05:00,55,
2026.07.21 03:06:00,03:06:00,58,
2026.07.21 03:07:00,03:07:00,59,
2026.07.21 03:08:00,03:08:00,60,
2026.07.21 03:09:00,03:09:00,61,
2026.07.21 03:10:00,03:10:00,60,
2026.07.21 03:11:00,03:11:00,60,
2026.07.21 03:12:00,03:12:00,61,
2026.07.21 03:13:00,03:13:00,62,
2026.07.21 03:14:00,03:14:00,62,
2026.07.21 03:15:00,03:15:00,60,
2026.07.21 03:16:00,03:16:00,63,
2026.07.21 03:17:00,03:17:00,63,
2026.07.21 03:18:00,03:18:00,61,
2026.07.21 03:19:00,03:19:00,64,
2026.07.21 03:20:00,03:20:00,64,
2026.07.21 03:21:00,03:21:00,62,
2026.07.21 03:22:00,03:22:00,61,
2026.07.21 03:23:00,03:23:00,90,
2026.07.21 03:24:00,03:24:00,91,
2026.07.21 03:25:00,03:25:00,62,
2026.07.21 03:26:00,03:26:00,75,
2026.07.21 03:27:00,03:27:00,65,
2026.07.21 03:28:00,03:28:00,66,
2026.07.21 03:29:00,03:29:00,64,
2026.07.21 03:30:00,03:30:00,56,
2026.07.21 03:31:00,03:31:00,58,
2026.07.21 03:32:00,03:32:00,53,
2026.07.21 03:33:00,03:33:00,65,
2026.07.21 03:34:00,03:34:00,70,
2026.07.21 03:35:00,03:35:00,66,
2026.07.21 03:37:00,03:37:00,68,
2026.07.21 03:38:00,03:38:00,64,
2026.07.21 03:39:00,03:39:00,74,
2026.07.21 03:40:00,03:40:00,62,
2026.07.21 03:41:00,03:41:00,65,
2026.07.21 03:42:00,03:42:00,61,
2026.07.21 03:43:00,03:43:00,59,
2026.07.21 03:44:00,03:44:00,58,
2026.07.21 03:45:00,03:45:00,58,
2026.07.21 03:46:00,03:46:00,62,
2026.07.21 03:47:00,03:47:00,57,
2026.07.21 03:48:00,03:48:00,74,
2026.07.21 03:49:00,03:49:00,55,
2026.07.21 03:50:00,03:50:00,56,
2026.07.21 03:51:00,03:51:00,53,
2026.07.21 03:52:00,03:52:00,53,
2026.07.21 03:53:00,03:53:00,54,
2026.07.21 03:54:00,03:54:00,54,
2026.07.21 03:55:00,03:55:00,54,
2026.07.21 03:56:00,03:56:00,54,
2026.07.21 03:57:00,03:57:00,54,
2026.07.21 03:58:00,03:58:00,57,
2026.07.21 03:59:00,03:59:00,56,
2026.07.21 04:00:00,04:00:00,57,
2026.07.21 04:01:00,04:01:00,58,
2026.07.21 04:02:00,04:02:00,58,
2026.07.21 04:03:00,04:03:00,58,
2026.07.21 04:04:00,04:04:00,60,
2026.07.21 04:05:00,04:05:00,61,
2026.07.21 04:06:00,04:06:00,58,
2026.07.21 04:07:00,04:07:00,58,
2026.07.21 04:08:00,04:08:00,59,
2026.07.21 04:09:00,04:09:00,59,
2026.07.21 04:10:00,04:10:00,62,
2026.07.21 04:11:00,04:11:00,57,
2026.07.21 04:12:00,04:12:00,55,
2026.07.21 04:13:00,04:13:00,59,
2026.07.21 04:14:00,04:14:00,61,
2026.07.21 04:15:00,04:15:00,57,
2026.07.21 04:16:00,04:16:00,64,
2026.07.21 04:17:00,04:17:00,69,
2026.07.21 04:18:00,04:18:00,70,
2026.07.21 04:19:00,04:19:00,65,
2026.07.21 04:20:00,04:20:00,62,
2026.07.21 04:21:00,04:21:00,69,
2026.07.21 04:22:00,04:22:00,67,
2026.07.21 04:23:00,04:23:00,66,
2026.07.21 04:24:00,04:24:00,69,
2026.07.21 04:25:00,04:25:00,63,
2026.07.21 04:26:00,04:26:00,64,
2026.07.21 04:27:00,04:27:00,59,
2026.07.21 04:28:00,04:28:00,54,
2026.07.21 04:29:00,04:29:00,56,
2026.07.21 04:30:00,04:30:00,60,
2026.07.21 04:31:00,04:31:00,58,
2026.07.21 04:32:00,04:32:00,58,
2026.07.21 04:33:00,04:33:00,62,
2026.07.21 04:34:00,04:34:00,63,
2026.07.21 04:35:00,04:35:00,63,
2026.07.21 04:36:00,04:36:00,65,
2026.07.21 04:37:00,04:37:00,60,
2026.07.21 04:38:00,04:38:00,62,
2026.07.21 04:39:00,04:39:00,63,
2026.07.21 04:40:00,04:40:00,61,
2026.07.21 04:41:00,04:41:00,65,
2026.07.21 04:42:00,04:42:00,61,
2026.07.21 04:43:00,04:43:00,56,
2026.07.21 04:44:00,04:44:00,56,
2026.07.21 04:45:00,04:45:00,59,
2026.07.21 04:46:00,04:46:00,58,
2026.07.21 04:47:00,04:47:00,59,
2026.07.21 04:48:00,04:48:00,61,
2026.07.21 04:49:00,04:49:00,62,
2026.07.21 04:50:00,04:50:00,63,
2026.07.21 04:51:00,04:51:00,64,
2026.07.21 04:52:00,04:52:00,62,
2026.07.21 04:53:00,04:53:00,65,
2026.07.21 04:54:00,04:54:00,64,
2026.07.21 04:55:00,04:55:00,64,
2026.07.21 04:56:00,04:56:00,64,
2026.07.21 04:57:00,04:57:00,64,
2026.07.21 04:58:00,04:58:00,65,
2026.07.21 04:59:00,04:59:00,65,
2026.07.21 05:00:00,05:00:00,64,
2026.07.21 05:01:00,05:01:00,64,
2026.07.21 05:02:00,05:02:00,65,
2026.07.21 05:03:00,05:03:00,65,
2026.07.21 05:04:00,05:04:00,65,
2026.07.21 05:05:00,05:05:00,66,
2026.07.21 05:06:00,05:06:00,68,
2026.07.21 05:07:00,05:07:00,68,
2026.07.21 05:08:00,05:08:00,66,
2026.07.21 05:09:00,05:09:00,65,
2026.07.21 05:10:00,05:10:00,67,
2026.07.21 05:11:00,05:11:00,69,
2026.07.21 05:12:00,05:12:00,67,
2026.07.21 05:13:00,05:13:00,57,
2026.07.21 05:14:00,05:14:00,63,
2026.07.21 05:15:00,05:15:00,57,
2026.07.21 05:16:00,05:16:00,78,
2026.07.21 05:17:00,05:17:00,74,
2026.07.21 05:18:00,05:18:00,72,
2026.07.21 05:19:00,05:19:00,67,
2026.07.21 05:20:00,05:20:00,79,
2026.07.21 05:21:00,05:21:00,60,
2026.07.21 05:22:00,05:22:00,64,
2026.07.21 05:23:00,05:23:00,66,
2026.07.21 05:24:00,05:24:00,64,
2026.07.21 05:25:00,05:25:00,66,
2026.07.21 05:26:00,05:26:00,68,
2026.07.21 05:27:00,05:27:00,71,
2026.07.21 05:28:00,05:28:00,70,
2026.07.21 05:29:00,05:29:00,62,
2026.07.21 05:30:00,05:30:00,75,
2026.07.21 05:31:00,05:31:00,71,
2026.07.21 05:32:00,05:32:00,67,
2026.07.21 05:33:00,05:33:00,79,
2026.07.21 05:34:00,05:34:00,60,
2026.07.21 05:35:00,05:35:00,60,
2026.07.21 05:36:00,05:36:00,61,
2026.07.21 05:37:00,05:37:00,63,
2026.07.21 05:38:00,05:38:00,70,
2026.07.21 05:39:00,05:39:00,67,
2026.07.21 05:40:00,05:40:00,67,
2026.07.21 05:41:00,05:41:00,65,
2026.07.21 05:42:00,05:42:00,60,
2026.07.21 05:43:00,05:43:00,65,
2026.07.21 05:44:00,05:44:00,63,
2026.07.21 05:45:00,05:45:00,60,
2026.07.21 05:46:00,05:46:00,62,
2026.07.21 05:47:00,05:47:00,65,
2026.07.21 05:48:00,05:48:00,67,
2026.07.21 05:49:00,05:49:00,70,
2026.07.21 05:50:00,05:50:00,67,
2026.07.21 05:51:00,05:51:00,68,
2026.07.21 05:52:00,05:52:00,70,
2026.07.21 05:53:00,05:53:00,69,
2026.07.21 05:54:00,05:54:00,67,
2026.07.21 05:55:00,05:55:00,69,
2026.07.21 05:56:00,05:56:00,64,
2026.07.21 05:57:00,05:57:00,64,
2026.07.21 05:58:00,05:58:00,72,
2026.07.21 05:59:00,05:59:00,89,
2026.07.21 06:00:00,06:00:00,71,
2026.07.21 06:01:00,06:01:00,70,
2026.07.21 06:02:00,06:02:00,66,
2026.07.21 06:03:00,06:03:00,65,
2026.07.21 06:04:00,06:04:00,66,
2026.07.21 06:05:00,06:05:00,64,
2026.07.21 06:06:00,06:06:00,67,
2026.07.21 06:07:00,06:07:00,69,
2026.07.21 06:08:00,06:08:00,60,
2026.07.21 06:09:00,06:09:00,58,
2026.07.21 06:10:00,06:10:00,62,
2026.07.21 06:11:00,06:11:00,58,
2026.07.21 06:12:00,06:12:00,62,
2026.07.21 06:13:00,06:13:00,66,
2026.07.21 06:14:00,06:14:00,65,
2026.07.21 06:15:00,06:15:00,67,
2026.07.21 06:16:00,06:16:00,66,
2026.07.21 06:17:00,06:17:00,63,
2026.07.21 06:18:00,06:18:00,67,
2026.07.21 06:19:00,06:19:00,64,
2026.07.21 06:20:00,06:20:00,68,
2026.07.21 06:21:00,06:21:00,60,
2026.07.21 06:22:00,06:22:00,61,
2026.07.21 06:23:00,06:23:00,61,
2026.07.21 06:24:00,06:24:00,59,
2026.07.21 06:25:00,06:25:00,60,
2026.07.21 06:26:00,06:26:00,61,
2026.07.21 06:27:00,06:27:00,61,
2026.07.21 06:28:00,06:28:00,61,
2026.07.21 06:29:00,06:29:00,63,
2026.07.21 06:30:00,06:30:00,60,
2026.07.21 06:31:00,06:31:00,62,
2026.07.21 06:32:00,06:32:00,62,
2026.07.21 06:33:00,06:33:00,63,
2026.07.21 06:34:00,06:34:00,60,
2026.07.21 06:35:00,06:35:00,62,
2026.07.21 06:36:00,06:36:00,59,
2026.07.21 06:37:00,06:37:00,62,
2026.07.21 06:38:00,06:38:00,64,
2026.07.21 06:39:00,06:39:00,62,
2026.07.21 06:40:00,06:40:00,63,
2026.07.21 06:41:00,06:41:00,63,
2026.07.21 06:42:00,06:42:00,64,
2026.07.21 06:43:00,06:43:00,66,
2026.07.21 06:44:00,06:44:00,63,
2026.07.21 06:45:00,06:45:00,64,
2026.07.21 06:46:00,06:46:00,64,
2026.07.21 06:47:00,06:47:00,66,
2026.07.21 06:48:00,06:48:00,67,
2026.07.21 06:49:00,06:49:00,66,
2026.07.21 06:50:00,06:50:00,69,
2026.07.21 06:51:00,06:51:00,67,
2026.07.21 06:52:00,06:52:00,69,
2026.07.21 06:53:00,06:53:00,66,
2026.07.21 06:54:00,06:54:00,66,
2026.07.21 06:55:00,06:55:00,67,
2026.07.21 06:56:00,06:56:00,68,
2026.07.21 06:57:00,06:57:00,66,
2026.07.21 06:58:00,06:58:00,65,
2026.07.21 06:59:00,06:59:00,61,
2026.07.21 07:00:00,07:00:00,75,
2026.07.21 07:01:00,07:01:00,75,
2026.07.21 07:02:00,07:02:00,71,
2026.07.21 07:03:00,07:03:00,73,
2026.07.21 07:04:00,07:04:00,66,
2026.07.21 07:05:00,07:05:00,84,
2026.07.21 07:06:00,07:06:00,73,
2026.07.21 07:07:00,07:07:00,67,
2026.07.21 07:08:00,07:08:00,80,
2026.07.21 07:09:00,07:09:00,69,
2026.07.21 07:10:00,07:10:00,73,
2026.07.21 07:11:00,07:11:00,68,
2026.07.21 07:12:00,07:12:00,71,
2026.07.21 07:13:00,07:13:00,65,
2026.07.21 07:14:00,07:14:00,65,
2026.07.21 07:15:00,07:15:00,67,
2026.07.21 07:16:00,07:16:00,69,
2026.07.21 07:17:00,07:17:00,71,
2026.07.21 07:18:00,07:18:00,78,
2026.07.21 07:19:00,07:19:00,103,
2026.07.21 07:20:00,07:20:00,89,
2026.07.21 07:21:00,07:21:00,91,
2026.07.21 07:22:00,07:22:00,90,
2026.07.21 07:23:00,07:23:00,93,
2026.07.21 07:24:00,07:24:00,82,
2026.07.21 07:25:00,07:25:00,83,
2026.07.21 07:26:00,07:26:00,83,
2026.07.21 07:27:00,07:27:00,80,
2026.07.21 07:28:00,07:28:00,84,
2026.07.21 07:29:00,07:29:00,81,
2026.07.21 07:30:00,07:30:00,84,
2026.07.21 07:31:00,07:31:00,82,
2026.07.21 07:32:00,07:32:00,79,
2026.07.21 07:33:00,07:33:00,80,
2026.07.21 07:34:00,07:34:00,104,
2026.07.21 07:35:00,07:35:00,90,
2026.07.21 07:36:00,07:36:00,106,
2026.07.21 07:37:00,07:37:00,97,
2026.07.21 07:38:00,07:38:00,91,
2026.07.21 07:39:00,07:39:00,91,
2026.07.21 07:40:00,07:40:00,90,
2026.07.21 07:41:00,07:41:00,84,
2026.07.21 07:42:00,07:42:00,91,
2026.07.21 07:43:00,07:43:00,92,
2026.07.21 07:44:00,07:44:00,79,
2026.07.21 07:45:00,07:45:00,82,
2026.07.21 07:46:00,07:46:00,87,
2026.07.21 07:47:00,07:47:00,88,
2026.07.21 07:48:00,07:48:00,90,
2026.07.21 07:49:00,07:49:00,88,
2026.07.21 07:50:00,07:50:00,84,
2026.07.21 07:51:00,07:51:00,88,
2026.07.21 07:52:00,07:52:00,86,
2026.07.21 07:53:00,07:53:00,83,
2026.07.21 07:54:00,07:54:00,83,
2026.07.21 07:55:00,07:55:00,89,
2026.07.21 07:56:00,07:56:00,81,
2026.07.21 07:57:00,07:57:00,88,
2026.07.21 07:58:00,07:58:00,86,
2026.07.21 07:59:00,07:59:00,88,
2026.07.21 08:00:00,08:00:00,91,
2026.07.21 08:01:00,08:01:00,96,
2026.07.21 08:02:00,08:02:00,86,
2026.07.21 08:03:00,08:03:00,83,
2026.07.21 08:04:00,08:04:00,82,
2026.07.21 08:05:00,08:05:00,83,
2026.07.21 08:06:00,08:06:00,81,
2026.07.21 08:07:00,08:07:00,78,
2026.07.21 08:08:00,08:08:00,81,
2026.07.21 08:09:00,08:09:00,81,
2026.07.21 08:10:00,08:10:00,92,
2026.07.21 08:11:00,08:11:00,90,
2026.07.21 08:12:00,08:12:00,96,
2026.07.21 08:13:00,08:13:00,115,
2026.07.21 08:14:00,08:14:00,97,
2026.07.21 08:15:00,08:15:00,81,
2026.07.21 08:16:00,08:16:00,81,
2026.07.21 08:17:00,08:17:00,88,
2026.07.21 08:18:00,08:18:00,87,
2026.07.21 08:19:00,08:19:00,85,
2026.07.21 08:20:00,08:20:00,92,
2026.07.21 08:21:00,08:21:00,84,
2026.07.21 08:22:00,08:22:00,86,
2026.07.21 08:23:00,08:23:00,91,
2026.07.21 08:24:00,08:24:00,87,
2026.07.21 08:25:00,08:25:00,93,
2026.07.21 08:26:00,08:26:00,93,
2026.07.21 08:27:00,08:27:00,95,
2026.07.21 08:28:00,08:28:00,90,
2026.07.21 08:29:00,08:29:00,90,
2026.07.21 08:30:00,08:30:00,95,
2026.07.21 08:31:00,08:31:00,91,
2026.07.21 08:32:00,08:32:00,102,
2026.07.21 08:33:00,08:33:00,108,
2026.07.21 08:34:00,08:34:00,101,
2026.07.21 08:35:00,08:35:00,105,
2026.07.21 08:36:00,08:36:00,97,
2026.07.21 08:37:00,08:37:00,99,
2026.07.21 08:38:00,08:38:00,95,
2026.07.21 08:39:00,08:39:00,113,
2026.07.21 08:40:00,08:40:00,111,
2026.07.21 08:41:00,08:41:00,96,
2026.07.21 08:42:00,08:42:00,97,
2026.07.21 08:43:00,08:43:00,95,
2026.07.21 08:44:00,08:44:00,98,
2026.07.21 08:45:00,08:45:00,104,
2026.07.21 08:46:00,08:46:00,111,
2026.07.21 08:47:00,08:47:00,107,
2026.07.21 08:48:00,08:48:00,118,
2026.07.21 08:49:00,08:49:00,120,
2026.07.21 08:50:00,08:50:00,117,
2026.07.21 08:51:00,08:51:00,117,
2026.07.21 09:02:00,09:02:00,112,
2026.07.21 09:03:00,09:03:00,125,
2026.07.21 09:04:00,09:04:00,145,
2026.07.21 09:05:00,09:05:00,151,
2026.07.21 09:06:00,09:06:00,153,
2026.07.21 09:07:00,09:07:00,158,
2026.07.21 09:08:00,09:08:00,111,
2026.07.21 09:09:00,09:09:00,100,
2026.07.21 09:10:00,09:10:00,120,
2026.07.21 09:11:00,09:11:00,129,
2026.07.21 09:12:00,09:12:00,141,
2026.07.21 09:13:00,09:13:00,152,
2026.07.21 09:14:00,09:14:00,135,
2026.07.21 09:15:00,09:15:00,118,
2026.07.21 09:16:00,09:16:00,116,
2026.07.21 09:17:00,09:17:00,134,
2026.07.21 09:18:00,09:18:00,120,
2026.07.21 09:19:00,09:19:00,114,
2026.07.21 09:21:00,09:21:00,102,
2026.07.21 09:22:00,09:22:00,132,
2026.07.21 09:23:00,09:23:00,119,
2026.07.21 09:24:00,09:24:00,106,
2026.07.21 09:25:00,09:25:00,101,
2026.07.21 09:26:00,09:26:00,100,
2026.07.21 09:27:00,09:27:00,101,
2026.07.21 09:28:00,09:28:00,94,
2026.07.21 09:29:00,09:29:00,94,
2026.07.21 09:30:00,09:30:00,95,
2026.07.21 09:31:00,09:31:00,95,
2026.07.21 09:32:00,09:32:00,91,
2026.07.21 09:33:00,09:33:00,89,
2026.07.21 09:34:00,09:34:00,92,
2026.07.21 09:35:00,09:35:00,93,
2026.07.21 09:36:00,09:36:00,95,
2026.07.21 09:37:00,09:37:00,92,
2026.07.21 09:38:00,09:38:00,95,
2026.07.21 09:39:00,09:39:00,91,
2026.07.21 09:40:00,09:40:00,101,
2026.07.21 09:41:00,09:41:00,93,
2026.07.21 09:42:00,09:42:00,92,
2026.07.21 09:43:00,09:43:00,97,
2026.07.21 09:44:00,09:44:00,94,
2026.07.21 09:45:00,09:45:00,96,
2026.07.21 09:46:00,09:46:00,93,
2026.07.21 09:47:00,09:47:00,92,
2026.07.21 09:48:00,09:48:00,94,
2026.07.21 09:49:00,09:49:00,94,
2026.07.21 09:50:00,09:50:00,94,
2026.07.21 09:51:00,09:51:00,91,
2026.07.21 09:52:00,09:52:00,94,
2026.07.21 09:53:00,09:53:00,91,
2026.07.21 09:54:00,09:54:00,87,
2026.07.21 09:55:00,09:55:00,84,
2026.07.21 09:56:00,09:56:00,89,
2026.07.21 09:57:00,09:57:00,95,
2026.07.21 09:58:00,09:58:00,94,
2026.07.21 09:59:00,09:59:00,94,
2026.07.21 10:00:00,10:00:00,94,
2026.07.21 10:01:00,10:01:00,102,
2026.07.21 10:02:00,10:02:00,93,
2026.07.21 10:03:00,10:03:00,95,
2026.07.21 10:04:00,10:04:00,94,
2026.07.21 10:05:00,10:05:00,94,
2026.07.21 10:06:00,10:06:00,93,
2026.07.21 10:08:00,10:08:00,87,
2026.07.21 10:09:00,10:09:00,86,
2026.07.21 10:10:00,10:10:00,87,
2026.07.21 10:11:00,10:11:00,88,
2026.07.21 10:12:00,10:12:00,88,
2026.07.21 10:13:00,10:13:00,88,
2026.07.21 10:14:00,10:14:00,84,
2026.07.21 10:15:00,10:15:00,85,
2026.07.21 10:16:00,10:16:00,86,
2026.07.21 10:17:00,10:17:00,84,
2026.07.21 10:18:00,10:18:00,86,
2026.07.21 10:19:00,10:19:00,86,
2026.07.21 10:20:00,10:20:00,90,
2026.07.21 10:21:00,10:21:00,87,
2026.07.21 10:22:00,10:22:00,121,
2026.07.21 10:23:00,10:23:00,103,
2026.07.21 10:24:00,10:24:00,90,
2026.07.21 10:25:00,10:25:00,89,
2026.07.21 10:26:00,10:26:00,88,
2026.07.21 10:27:00,10:27:00,81,
2026.07.21 10:28:00,10:28:00,83,
2026.07.21 10:29:00,10:29:00,81,
2026.07.21 10:30:00,10:30:00,83,
2026.07.21 10:31:00,10:31:00,84,
2026.07.21 10:32:00,10:32:00,95,
2026.07.21 10:33:00,10:33:00,101,
2026.07.21 10:34:00,10:34:00,93,
2026.07.21 10:35:00,10:35:00,98,
2026.07.21 10:36:00,10:36:00,93,
2026.07.21 10:37:00,10:37:00,94,
2026.07.21 10:38:00,10:38:00,99,
2026.07.21 10:39:00,10:39:00,90,
2026.07.21 10:40:00,10:40:00,87,
2026.07.21 10:41:00,10:41:00,91,
2026.07.21 10:42:00,10:42:00,90,
2026.07.21 10:43:00,10:43:00,86,
2026.07.21 10:44:00,10:44:00,93,
2026.07.21 10:45:00,10:45:00,92,
2026.07.21 10:46:00,10:46:00,93,
2026.07.21 10:47:00,10:47:00,83,
2026.07.21 11:19:00,11:19:00,111,
2026.07.21 11:20:00,11:20:00,116,
2026.07.21 11:21:00,11:21:00,102,
2026.07.21 11:22:00,11:22:00,117,
2026.07.21 11:23:00,11:23:00,97,
2026.07.21 11:24:00,11:24:00,106,
2026.07.21 11:25:00,11:25:00,91,
2026.07.21 11:26:00,11:26:00,84,
2026.07.21 11:27:00,11:27:00,86,
2026.07.21 11:28:00,11:28:00,84,
2026.07.21 11:29:00,11:29:00,83,
2026.07.21 11:30:00,11:30:00,82,
2026.07.21 11:31:00,11:31:00,83,
2026.07.21 11:32:00,11:32:00,81,
2026.07.21 11:33:00,11:33:00,87,
2026.07.21 11:34:00,11:34:00,80,
2026.07.21 11:35:00,11:35:00,87,
2026.07.21 11:36:00,11:36:00,89,
2026.07.21 11:37:00,11:37:00,82,
2026.07.21 11:38:00,11:38:00,80,
2026.07.21 11:39:00,11:39:00,81,
2026.07.21 11:40:00,11:40:00,83,
2026.07.21 11:41:00,11:41:00,79,
2026.07.21 11:42:00,11:42:00,78,
2026.07.21 11:43:00,11:43:00,79,
2026.07.21 11:44:00,11:44:00,79,
2026.07.21 11:45:00,11:45:00,82,
2026.07.21 11:46:00,11:46:00,81,
2026.07.21 11:47:00,11:47:00,79,
2026.07.21 11:48:00,11:48:00,86,
2026.07.21 11:49:00,11:49:00,82,
2026.07.21 11:50:00,11:50:00,80,
2026.07.21 11:51:00,11:51:00,77,
2026.07.21 11:52:00,11:52:00,90,
2026.07.21 11:53:00,11:53:00,98,
2026.07.21 11:54:00,11:54:00,94,
2026.07.21 11:55:00,11:55:00,115,
2026.07.21 11:56:00,11:56:00,133,
2026.07.21 11:57:00,11:57:00,128,
2026.07.21 11:58:00,11:58:00,102,
2026.07.21 11:59:00,11:59:00,93,
2026.07.21 12:00:00,12:00:00,94,
2026.07.21 12:01:00,12:01:00,95,
2026.07.21 12:02:00,12:02:00,95,
2026.07.21 12:03:00,12:03:00,91,
2026.07.21 12:04:00,12:04:00,90,
2026.07.21 12:05:00,12:05:00,81,
2026.07.21 12:06:00,12:06:00,88,
2026.07.21 12:07:00,12:07:00,101,
2026.07.21 12:08:00,12:08:00,79,
2026.07.21 12:09:00,12:09:00,79,
2026.07.21 12:10:00,12:10:00,78,
2026.07.21 12:11:00,12:11:00,97,
2026.07.21 12:12:00,12:12:00,91,
2026.07.21 12:13:00,12:13:00,83,
2026.07.21 12:14:00,12:14:00,94,
2026.07.21 12:15:00,12:15:00,78,
2026.07.21 12:16:00,12:16:00,82,
2026.07.21 12:17:00,12:17:00,85,
2026.07.21 12:18:00,12:18:00,82,
2026.07.21 12:19:00,12:19:00,81,
2026.07.21 12:20:00,12:20:00,82,
2026.07.21 12:27:00,12:27:00,74,
2026.07.21 12:28:00,12:28:00,92,
2026.07.21 12:29:00,12:29:00,91,
2026.07.21 12:30:00,12:30:00,76,
2026.07.21 12:31:00,12:31:00,74,
2026.07.21 12:32:00,12:32:00,75,
2026.07.21 12:33:00,12:33:00,74,
2026.07.21 12:34:00,12:34:00,72,
2026.07.21 12:35:00,12:35:00,67,
2026.07.21 12:36:00,12:36:00,70,
2026.07.21 12:37:00,12:37:00,80,
2026.07.21 12:38:00,12:38:00,72,
2026.07.21 12:39:00,12:39:00,94,
2026.07.21 12:40:00,12:40:00,98,
2026.07.21 12:41:00,12:41:00,98,
2026.07.21 12:42:00,12:42:00,102,
2026.07.21 12:43:00,12:43:00,109,
2026.07.21 12:44:00,12:44:00,99,
2026.07.21 12:45:00,12:45:00,89,
2026.07.21 12:46:00,12:46:00,93,
2026.07.21 12:47:00,12:47:00,96,
2026.07.21 12:48:00,12:48:00,90,
2026.07.21 12:49:00,12:49:00,90,
2026.07.21 12:50:00,12:50:00,90,
2026.07.21 12:51:00,12:51:00,103,
2026.07.21 12:52:00,12:52:00,78,
2026.07.21 12:53:00,12:53:00,90,
2026.07.21 12:54:00,12:54:00,89,
2026.07.21 12:55:00,12:55:00,88,
2026.07.21 12:56:00,12:56:00,93,
2026.07.21 12:57:00,12:57:00,90,
2026.07.21 12:58:00,12:58:00,88,
2026.07.21 12:59:00,12:59:00,100,
2026.07.21 13:00:00,13:00:00,89,
2026.07.21 13:01:00,13:01:00,89,
2026.07.21 13:02:00,13:02:00,85,
2026.07.21 13:03:00,13:03:00,96,
2026.07.21 13:04:00,13:04:00,91,
2026.07.21 13:05:00,13:05:00,92,
2026.07.21 13:06:00,13:06:00,96,
2026.07.21 13:07:00,13:07:00,89,
2026.07.21 13:08:00,13:08:00,91,
2026.07.21 13:09:00,13:09:00,93,
2026.07.21 13:10:00,13:10:00,87,
2026.07.21 13:11:00,13:11:00,92,
2026.07.21 13:12:00,13:12:00,84,
2026.07.21 13:13:00,13:13:00,94,
2026.07.21 13:14:00,13:14:00,95,
2026.07.21 13:15:00,13:15:00,93,
2026.07.21 13:16:00,13:16:00,92,
2026.07.21 13:17:00,13:17:00,95,
2026.07.21 13:18:00,13:18:00,93,
2026.07.21 13:19:00,13:19:00,89,
2026.07.21 13:20:00,13:20:00,92,
2026.07.21 13:21:00,13:21:00,94,
2026.07.21 13:22:00,13:22:00,94,
2026.07.21 13:23:00,13:23:00,95,
2026.07.21 13:24:00,13:24:00,99,
2026.07.21 13:25:00,13:25:00,100,
2026.07.21 13:26:00,13:26:00,100,
2026.07.21 13:27:00,13:27:00,103,
2026.07.21 13:28:00,13:28:00,89,
2026.07.21 13:29:00,13:29:00,95,
2026.07.21 13:30:00,13:30:00,95,
2026.07.21 13:31:00,13:31:00,94,
2026.07.21 13:32:00,13:32:00,94,
2026.07.21 13:33:00,13:33:00,93,
2026.07.21 13:34:00,13:34:00,94,
2026.07.21 13:35:00,13:35:00,94,
2026.07.21 13:36:00,13:36:00,99,
2026.07.21 13:37:00,13:37:00,94,
2026.07.21 13:38:00,13:38:00,97,
2026.07.21 13:39:00,13:39:00,104,
2026.07.21 13:40:00,13:40:00,107,
2026.07.21 13:41:00,13:41:00,94,
2026.07.21 13:42:00,13:42:00,95,
2026.07.21 13:43:00,13:43:00,96,
2026.07.21 13:44:00,13:44:00,107,
2026.07.21 13:45:00,13:45:00,97,
2026.07.21 13:46:00,13:46:00,99,
2026.07.21 13:47:00,13:47:00,106,
2026.07.21 13:48:00,13:48:00,108,
2026.07.21 13:49:00,13:49:00,124,
2026.07.21 13:50:00,13:50:00,113,
2026.07.21 13:51:00,13:51:00,93,
2026.07.21 13:52:00,13:52:00,95,
2026.07.21 13:53:00,13:53:00,99,
2026.07.21 13:54:00,13:54:00,96,
2026.07.21 13:55:00,13:55:00,95,
2026.07.21 13:56:00,13:56:00,94,
2026.07.21 13:57:00,13:57:00,93,
2026.07.21 13:58:00,13:58:00,90,
2026.07.21 13:59:00,13:59:00,93,
2026.07.21 14:00:00,14:00:00,89,
2026.07.21 14:01:00,14:01:00,103,
2026.07.21 14:02:00,14:02:00,102,
2026.07.21 14:03:00,14:03:00,103,
2026.07.21 14:04:00,14:04:00,96,
2026.07.21 14:05:00,14:05:00,102,
2026.07.21 14:06:00,14:06:00,106,
2026.07.21 14:07:00,14:07:00,107,
2026.07.21 14:08:00,14:08:00,101,
2026.07.21 14:09:00,14:09:00,101,
2026.07.21 14:10:00,14:10:00,92,
2026.07.21 14:11:00,14:11:00,97,
2026.07.21 14:12:00,14:12:00,93,
2026.07.21 14:13:00,14:13:00,95,
2026.07.21 14:14:00,14:14:00,93,
2026.07.21 14:15:00,14:15:00,93,
2026.07.21 14:16:00,14:16:00,91,
2026.07.21 14:17:00,14:17:00,90,
2026.07.21 14:18:00,14:18:00,92,
2026.07.21 14:19:00,14:19:00,121,
2026.07.21 14:20:00,14:20:00,109,
2026.07.21 14:21:00,14:21:00,97,
2026.07.21 14:22:00,14:22:00,106,
2026.07.21 14:23:00,14:23:00,102,
2026.07.21 14:24:00,14:24:00,100,
2026.07.21 14:25:00,14:25:00,111,
2026.07.21 14:26:00,14:26:00,90,
2026.07.21 14:27:00,14:27:00,95,
2026.07.21 14:28:00,14:28:00,93,
2026.07.21 14:29:00,14:29:00,89,
2026.07.21 14:30:00,14:30:00,90,
2026.07.21 14:53:00,14:53:00,80,
2026.07.21 14:54:00,14:54:00,75,
2026.07.21 14:55:00,14:55:00,77,
2026.07.21 14:56:00,14:56:00,76,
2026.07.21 14:57:00,14:57:00,77,
2026.07.21 14:58:00,14:58:00,75,
2026.07.21 14:59:00,14:59:00,76,
2026.07.21 15:00:00,15:00:00,73,
2026.07.21 15:01:00,15:01:00,74,
2026.07.21 15:02:00,15:02:00,89,
2026.07.21 15:03:00,15:03:00,81,
2026.07.21 15:04:00,15:04:00,81,
2026.07.21 15:06:00,15:06:00,97,
2026.07.21 15:07:00,15:07:00,103,
2026.07.21 15:08:00,15:08:00,74,
2026.07.21 15:09:00,15:09:00,75,
2026.07.21 15:10:00,15:10:00,70,
2026.07.21 15:11:00,15:11:00,71,
2026.07.21 15:12:00,15:12:00,73,
2026.07.21 15:13:00,15:13:00,72,
2026.07.21 15:14:00,15:14:00,82,
2026.07.21 15:15:00,15:15:00,76,
2026.07.21 15:16:00,15:16:00,83,
2026.07.21 15:17:00,15:17:00,82,
2026.07.21 15:18:00,15:18:00,77,
2026.07.21 15:19:00,15:19:00,80,
2026.07.21 15:20:00,15:20:00,77,
2026.07.21 15:21:00,15:21:00,79,
2026.07.21 15:22:00,15:22:00,82,
2026.07.21 15:23:00,15:23:00,84,
2026.07.21 15:24:00,15:24:00,85,
2026.07.21 15:25:00,15:25:00,77,
2026.07.21 15:26:00,15:26:00,74,
2026.07.21 15:27:00,15:27:00,77,
2026.07.21 15:28:00,15:28:00,79,
2026.07.21 15:29:00,15:29:00,71,
2026.07.21 15:30:00,15:30:00,78,
2026.07.21 15:31:00,15:31:00,81,
2026.07.21 15:32:00,15:32:00,80,
2026.07.21 15:33:00,15:33:00,81,
2026.07.21 15:34:00,15:34:00,79,
2026.07.21 15:35:00,15:35:00,83,
2026.07.21 15:36:00,15:36:00,80,
2026.07.21 15:37:00,15:37:00,83,
2026.07.21 15:38:00,15:38:00,85,
2026.07.21 15:39:00,15:39:00,84,
2026.07.21 15:40:00,15:40:00,81,
2026.07.21 15:41:00,15:41:00,80,
2026.07.21 15:42:00,15:42:00,80,
2026.07.21 15:43:00,15:43:00,82,
2026.07.21 15:44:00,15:44:00,78,
2026.07.21 15:45:00,15:45:00,80,
2026.07.21 15:46:00,15:46:00,79,
2026.07.21 15:47:00,15:47:00,86,
2026.07.21 15:48:00,15:48:00,83,
2026.07.21 15:49:00,15:49:00,82,
2026.07.21 15:50:00,15:50:00,83,
2026.07.21 15:51:00,15:51:00,86,
2026.07.21 15:52:00,15:52:00,83,
2026.07.21 15:53:00,15:53:00,84,
2026.07.21 15:54:00,15:54:00,83,
2026.07.21 15:55:00,15:55:00,81,
2026.07.21 15:56:00,15:56:00,88,
2026.07.21 15:57:00,15:57:00,86,
2026.07.21 15:58:00,15:58:00,95,
2026.07.21 15:59:00,15:59:00,89,
2026.07.21 16:00:00,16:00:00,94,
2026.07.21 16:01:00,16:01:00,90,
2026.07.21 16:02:00,16:02:00,87,
2026.07.21 16:03:00,16:03:00,84,
2026.07.21 16:04:00,16:04:00,99,
2026.07.21 16:05:00,16:05:00,85,
2026.07.21 16:06:00,16:06:00,89,
2026.07.21 16:07:00,16:07:00,86,
2026.07.21 16:08:00,16:08:00,94,
2026.07.21 16:09:00,16:09:00,111,
2026.07.21 16:10:00,16:10:00,104,
2026.07.21 16:11:00,16:11:00,111,
2026.07.21 16:12:00,16:12:00,104,
2026.07.21 16:13:00,16:13:00,76,
2026.07.21 16:14:00,16:14:00,96,
2026.07.21 16:15:00,16:15:00,93,
2026.07.21 16:16:00,16:16:00,88,
2026.07.21 16:17:00,16:17:00,85,
2026.07.21 16:18:00,16:18:00,87,
2026.07.21 16:19:00,16:19:00,86,
2026.07.21 16:20:00,16:20:00,83,
2026.07.21 16:21:00,16:21:00,78,
2026.07.21 16:22:00,16:22:00,86,
2026.07.21 16:23:00,16:23:00,84,
2026.07.21 16:24:00,16:24:00,91,
2026.07.21 16:25:00,16:25:00,94,
2026.07.21 16:49:00,16:49:00,90,
2026.07.21 16:50:00,16:50:00,81,
2026.07.21 16:51:00,16:51:00,82,
2026.07.21 16:52:00,16:52:00,74,
2026.07.21 16:53:00,16:53:00,70,
2026.07.21 16:54:00,16:54:00,71,
2026.07.21 16:55:00,16:55:00,73,
2026.07.21 16:56:00,16:56:00,73,
2026.07.21 16:57:00,16:57:00,73,
2026.07.21 16:58:00,16:58:00,72,
2026.07.21 16:59:00,16:59:00,76,
2026.07.21 17:00:00,17:00:00,68,
2026.07.21 17:01:00,17:01:00,71,
2026.07.21 17:02:00,17:02:00,69,
2026.07.21 17:03:00,17:03:00,70,
2026.07.21 17:04:00,17:04:00,72,
2026.07.21 17:05:00,17:05:00,71,
2026.07.21 17:06:00,17:06:00,74,
2026.07.21 17:07:00,17:07:00,79,
2026.07.21 17:08:00,17:08:00,75,
2026.07.21 17:09:00,17:09:00,81,
2026.07.21 17:10:00,17:10:00,82,
2026.07.21 17:11:00,17:11:00,81,
2026.07.21 17:12:00,17:12:00,77,
2026.07.21 17:13:00,17:13:00,85,
2026.07.21 17:14:00,17:14:00,77,
2026.07.21 17:15:00,17:15:00,87,
2026.07.21 17:16:00,17:16:00,84,
2026.07.21 17:17:00,17:17:00,88,
2026.07.21 17:18:00,17:18:00,81,
2026.07.21 17:19:00,17:19:00,80,
2026.07.21 17:20:00,17:20:00,84,
2026.07.21 17:21:00,17:21:00,88,
2026.07.21 17:22:00,17:22:00,77,
2026.07.21 17:23:00,17:23:00,75,
2026.07.21 17:24:00,17:24:00,74,
2026.07.21 17:25:00,17:25:00,89,
2026.07.21 17:26:00,17:26:00,79,
2026.07.21 17:27:00,17:27:00,81,
2026.07.21 17:28:00,17:28:00,83,
2026.07.21 17:29:00,17:29:00,84,
2026.07.21 17:30:00,17:30:00,81,
2026.07.21 17:31:00,17:31:00,82,
2026.07.21 17:32:00,17:32:00,120,
2026.07.21 17:33:00,17:33:00,98,
2026.07.21 17:34:00,17:34:00,92,
2026.07.21 17:35:00,17:35:00,83,
2026.07.21 17:36:00,17:36:00,81,
2026.07.21 17:37:00,17:37:00,78,
2026.07.21 17:38:00,17:38:00,74,
2026.07.21 17:39:00,17:39:00,79,
2026.07.21 17:40:00,17:40:00,75,
2026.07.21 17:41:00,17:41:00,80,
2026.07.21 17:42:00,17:42:00,81,
2026.07.21 17:43:00,17:43:00,80,
2026.07.21 17:44:00,17:44:00,78,
2026.07.21 17:45:00,17:45:00,76,
2026.07.21 17:46:00,17:46:00,79,
2026.07.21 17:47:00,17:47:00,77,
2026.07.21 17:48:00,17:48:00,93,
2026.07.21 17:49:00,17:49:00,101,
2026.07.21 17:50:00,17:50:00,102,
2026.07.21 17:51:00,17:51:00,84,
2026.07.21 17:52:00,17:52:00,94,
2026.07.21 17:53:00,17:53:00,110,
2026.07.21 17:54:00,17:54:00,130,
2026.07.21 17:55:00,17:55:00,116,
2026.07.21 17:56:00,17:56:00,102,
2026.07.21 17:57:00,17:57:00,99,
2026.07.21 17:58:00,17:58:00,84,
2026.07.21 17:59:00,17:59:00,82,
2026.07.21 18:00:00,18:00:00,94,
2026.07.21 18:01:00,18:01:00,88,
2026.07.21 18:02:00,18:02:00,88,
2026.07.21 18:03:00,18:03:00,90,
2026.07.21 18:04:00,18:04:00,88,
2026.07.21 18:05:00,18:05:00,92,
2026.07.21 18:06:00,18:06:00,88,
2026.07.21 18:07:00,18:07:00,92,
2026.07.21 18:08:00,18:08:00,85,
2026.07.21 18:09:00,18:09:00,82,
2026.07.21 18:10:00,18:10:00,84,
2026.07.21 18:11:00,18:11:00,94,
2026.07.21 18:12:00,18:12:00,98,
2026.07.21 18:13:00,18:13:00,88,
2026.07.21 18:14:00,18:14:00,91,
2026.07.21 18:15:00,18:15:00,91,
2026.07.21 18:16:00,18:16:00,92,
2026.07.21 18:17:00,18:17:00,90,
2026.07.21 18:25:00,18:25:00,84,
2026.07.21 18:26:00,18:26:00,87,
2026.07.21 18:27:00,18:27:00,83,
2026.07.21 18:28:00,18:28:00,82,
2026.07.21 18:29:00,18:29:00,87,
2026.07.21 18:30:00,18:30:00,86,
2026.07.21 18:31:00,18:31:00,88,
2026.07.21 18:32:00,18:32:00,87,
2026.07.21 18:33:00,18:33:00,86,
2026.07.21 18:34:00,18:34:00,96,
2026.07.21 18:35:00,18:35:00,82,
2026.07.21 18:36:00,18:36:00,77,
2026.07.21 18:37:00,18:37:00,72,
2026.07.21 18:38:00,18:38:00,74,
2026.07.21 18:39:00,18:39:00,84,
2026.07.21 18:40:00,18:40:00,75,
2026.07.21 18:41:00,18:41:00,80,
2026.07.21 18:42:00,18:42:00,74,
2026.07.21 18:43:00,18:43:00,73,
2026.07.21 18:44:00,18:44:00,75,
2026.07.21 18:45:00,18:45:00,77,
2026.07.21 18:46:00,18:46:00,79,
2026.07.21 18:47:00,18:47:00,75,
2026.07.21 18:48:00,18:48:00,83,
2026.07.21 18:49:00,18:49:00,73,
2026.07.21 18:50:00,18:50:00,77,
2026.07.21 18:51:00,18:51:00,81,
2026.07.21 18:52:00,18:52:00,76,
2026.07.21 18:53:00,18:53:00,81,
2026.07.21 18:54:00,18:54:00,81,
2026.07.21 18:55:00,18:55:00,82,
2026.07.21 18:56:00,18:56:00,73,
2026.07.21 18:57:00,18:57:00,70,
2026.07.21 18:58:00,18:58:00,76,
2026.07.21 18:59:00,18:59:00,79,
2026.07.21 19:00:00,19:00:00,80,
2026.07.21 19:01:00,19:01:00,74,
2026.07.21 19:02:00,19:02:00,79,
2026.07.21 19:03:00,19:03:00,71,
2026.07.21 19:04:00,19:04:00,87,
2026.07.21 19:05:00,19:05:00,77,
2026.07.21 19:06:00,19:06:00,73,
2026.07.21 19:07:00,19:07:00,81,
2026.07.21 19:08:00,19:08:00,75,
2026.07.21 19:09:00,19:09:00,78,
2026.07.21 19:10:00,19:10:00,73,
2026.07.21 19:11:00,19:11:00,71,
2026.07.21 19:12:00,19:12:00,76,
2026.07.21 19:13:00,19:13:00,73,
2026.07.21 19:14:00,19:14:00,74,
2026.07.21 19:15:00,19:15:00,73,
2026.07.21 19:16:00,19:16:00,76,
2026.07.21 19:17:00,19:17:00,71,
2026.07.21 19:18:00,19:18:00,74,
2026.07.21 19:19:00,19:19:00,73,
2026.07.21 19:20:00,19:20:00,69,
2026.07.21 19:21:00,19:21:00,81,
2026.07.21 19:22:00,19:22:00,75,
2026.07.21 19:23:00,19:23:00,74,
2026.07.21 19:24:00,19:24:00,72,
2026.07.21 19:25:00,19:25:00,76,
2026.07.21 19:26:00,19:26:00,76,
2026.07.21 19:27:00,19:27:00,85,
2026.07.21 19:28:00,19:28:00,72,
2026.07.21 19:29:00,19:29:00,70,
2026.07.21 19:30:00,19:30:00,73,
2026.07.21 19:31:00,19:31:00,75,
2026.07.21 19:32:00,19:32:00,107,
2026.07.21 19:33:00,19:33:00,87,
2026.07.21 19:34:00,19:34:00,99,
2026.07.21 19:35:00,19:35:00,96,
2026.07.21 19:36:00,19:36:00,85,
2026.07.21 19:37:00,19:37:00,99,
2026.07.21 19:38:00,19:38:00,86,
2026.07.21 19:39:00,19:39:00,90,
2026.07.21 19:40:00,19:40:00,96,
2026.07.21 19:41:00,19:41:00,107,
2026.07.21 19:42:00,19:42:00,92,
2026.07.21 19:43:00,19:43:00,86,
2026.07.21 19:44:00,19:44:00,95,
2026.07.21 19:45:00,19:45:00,99,
2026.07.21 19:46:00,19:46:00,84,
2026.07.21 19:47:00,19:47:00,90,
2026.07.21 19:48:00,19:48:00,87,
2026.07.21 19:49:00,19:49:00,93,
2026.07.21 19:50:00,19:50:00,87,
2026.07.21 19:51:00,19:51:00,87,
2026.07.21 19:52:00,19:52:00,81,
2026.07.21 19:53:00,19:53:00,85,
2026.07.21 19:54:00,19:54:00,94,
2026.07.21 19:55:00,19:55:00,88,
2026.07.21 19:56:00,19:56:00,90,
2026.07.21 19:57:00,19:57:00,92,
2026.07.21 19:58:00,19:58:00,89,
2026.07.21 19:59:00,19:59:00,89,
2026.07.21 20:00:00,20:00:00,94,
2026.07.21 20:01:00,20:01:00,95,
2026.07.21 20:02:00,20:02:00,93,
2026.07.21 20:03:00,20:03:00,89,
2026.07.21 20:04:00,20:04:00,88,
2026.07.21 20:05:00,20:05:00,92,
2026.07.21 20:06:00,20:06:00,91,
2026.07.21 20:07:00,20:07:00,94,
2026.07.21 20:08:00,20:08:00,93,
2026.07.21 20:09:00,20:09:00,94,
2026.07.21 20:10:00,20:10:00,93,
2026.07.21 20:11:00,20:11:00,94,
2026.07.21 20:12:00,20:12:00,92,
2026.07.21 20:13:00,20:13:00,94,
2026.07.21 20:14:00,20:14:00,103,
2026.07.21 20:15:00,20:15:00,96,
2026.07.21 20:16:00,20:16:00,96,
2026.07.21 20:17:00,20:17:00,108,
2026.07.21 20:18:00,20:18:00,88,
2026.07.21 20:19:00,20:19:00,104,
2026.07.21 20:20:00,20:20:00,120,
2026.07.21 20:21:00,20:21:00,118,
2026.07.21 20:22:00,20:22:00,117,
2026.07.21 20:23:00,20:23:00,105,
2026.07.21 20:24:00,20:24:00,103,
2026.07.21 20:25:00,20:25:00,112,
2026.07.21 20:26:00,20:26:00,109,
2026.07.21 20:27:00,20:27:00,114,
2026.07.21 20:28:00,20:28:00,101,
2026.07.21 20:29:00,20:29:00,87,
2026.07.21 20:30:00,20:30:00,89,
2026.07.21 20:31:00,20:31:00,92,
2026.07.21 20:32:00,20:32:00,84,
2026.07.21 20:33:00,20:33:00,87,
2026.07.21 20:34:00,20:34:00,85,
2026.07.21 20:35:00,20:35:00,83,
2026.07.21 20:36:00,20:36:00,82,
2026.07.21 20:37:00,20:37:00,100,
2026.07.21 20:38:00,20:38:00,100,
2026.07.21 20:39:00,20:39:00,97,
2026.07.21 20:40:00,20:40:00,81,
2026.07.21 20:41:00,20:41:00,95,
2026.07.21 20:42:00,20:42:00,91,
2026.07.21 20:43:00,20:43:00,96,
2026.07.21 20:44:00,20:44:00,87,
2026.07.21 20:45:00,20:45:00,87,
2026.07.21 20:46:00,20:46:00,89,
2026.07.21 20:47:00,20:47:00,87,
2026.07.21 20:48:00,20:48:00,108,
2026.07.21 20:49:00,20:49:00,105,
2026.07.21 20:50:00,20:50:00,86,
2026.07.21 20:51:00,20:51:00,98,
2026.07.21 20:52:00,20:52:00,95,
2026.07.21 20:53:00,20:53:00,78,
2026.07.21 20:54:00,20:54:00,81,
2026.07.21 20:55:00,20:55:00,90,
2026.07.21 20:56:00,20:56:00,83,
2026.07.21 20:57:00,20:57:00,93,
2026.07.21 20:58:00,20:58:00,82,
2026.07.21 20:59:00,20:59:00,86,
2026.07.21 21:00:00,21:00:00,84,
2026.07.21 21:01:00,21:01:00,83,
2026.07.21 21:02:00,21:02:00,84,
2026.07.21 21:03:00,21:03:00,84,
2026.07.21 21:04:00,21:04:00,86,
2026.07.21 21:05:00,21:05:00,82,
2026.07.21 21:06:00,21:06:00,85,
2026.07.21 21:07:00,21:07:00,76,
2026.07.21 21:08:00,21:08:00,77,
2026.07.21 21:09:00,21:09:00,80,
2026.07.21 21:10:00,21:10:00,88,
2026.07.21 21:11:00,21:11:00,81,
2026.07.21 21:12:00,21:12:00,81,
2026.07.21 21:13:00,21:13:00,84,
2026.07.21 21:14:00,21:14:00,84,
2026.07.21 21:15:00,21:15:00,80,
2026.07.21 21:16:00,21:16:00,84,
2026.07.21 21:17:00,21:17:00,81,
2026.07.21 21:18:00,21:18:00,79,
2026.07.21 21:19:00,21:19:00,88,
2026.07.21 21:20:00,21:20:00,84,
2026.07.21 21:21:00,21:21:00,86,
2026.07.21 21:22:00,21:22:00,84,
2026.07.21 21:23:00,21:23:00,75,
2026.07.21 21:24:00,21:24:00,86,
2026.07.21 21:25:00,21:25:00,84,
2026.07.21 21:26:00,21:26:00,93,
2026.07.21 21:27:00,21:27:00,93,
2026.07.21 21:28:00,21:28:00,95,
2026.07.21 21:29:00,21:29:00,80,
2026.07.21 21:30:00,21:30:00,83,
2026.07.21 21:31:00,21:31:00,76,
2026.07.21 21:32:00,21:32:00,98,
2026.07.21 21:33:00,21:33:00,95,
2026.07.21 21:34:00,21:34:00,86,
2026.07.21 21:35:00,21:35:00,82,
2026.07.21 21:36:00,21:36:00,81,
2026.07.21 21:37:00,21:37:00,88,
2026.07.21 21:38:00,21:38:00,87,
2026.07.21 21:39:00,21:39:00,82,
2026.07.21 21:40:00,21:40:00,86,
2026.07.21 21:41:00,21:41:00,88,
2026.07.21 21:42:00,21:42:00,87,
2026.07.21 21:43:00,21:43:00,82,
2026.07.21 21:44:00,21:44:00,87,
2026.07.21 21:45:00,21:45:00,88,
2026.07.21 21:46:00,21:46:00,91,
2026.07.21 21:47:00,21:47:00,89,
2026.07.21 21:48:00,21:48:00,88,
2026.07.21 21:49:00,21:49:00,88,
2026.07.21 21:50:00,21:50:00,85,
2026.07.21 21:51:00,21:51:00,87,
2026.07.21 21:52:00,21:52:00,91,
2026.07.21 21:53:00,21:53:00,88,
2026.07.21 21:54:00,21:54:00,86,
2026.07.21 21:55:00,21:55:00,86,
2026.07.21 21:56:00,21:56:00,85,
2026.07.21 21:57:00,21:57:00,86,
2026.07.21 21:58:00,21:58:00,98,
2026.07.21 21:59:00,21:59:00,92,
2026.07.21 22:00:00,22:00:00,90,
2026.07.21 22:01:00,22:01:00,92,
2026.07.21 22:02:00,22:02:00,93,
2026.07.21 22:03:00,22:03:00,96,
2026.07.21 22:04:00,22:04:00,99,
2026.07.21 22:05:00,22:05:00,85,
2026.07.21 22:06:00,22:06:00,93,
2026.07.21 22:07:00,22:07:00,91,
2026.07.21 22:08:00,22:08:00,87,
2026.07.21 22:09:00,22:09:00,86,
2026.07.21 22:10:00,22:10:00,92,
2026.07.21 22:11:00,22:11:00,78,
2026.07.21 22:12:00,22:12:00,78,
2026.07.21 22:13:00,22:13:00,81,
2026.07.21 22:14:00,22:14:00,89,
2026.07.21 22:15:00,22:15:00,73,
2026.07.21 22:16:00,22:16:00,68,
2026.07.21 22:17:00,22:17:00,70,
2026.07.21 22:18:00,22:18:00,71,
2026.07.21 22:19:00,22:19:00,75,
2026.07.21 22:20:00,22:20:00,73,
2026.07.21 22:21:00,22:21:00,72,
2026.07.21 22:22:00,22:22:00,72,
2026.07.21 22:23:00,22:23:00,73,
2026.07.21 22:24:00,22:24:00,76,
2026.07.21 22:25:00,22:25:00,82,
2026.07.21 22:26:00,22:26:00,96,
2026.07.21 22:27:00,22:27:00,99,
2026.07.21 22:28:00,22:28:00,76,
2026.07.21 22:29:00,22:29:00,68,
2026.07.21 22:30:00,22:30:00,73,
2026.07.21 22:31:00,22:31:00,74,
2026.07.21 22:32:00,22:32:00,68,
2026.07.21 22:33:00,22:33:00,70,
2026.07.21 22:34:00,22:34:00,75,
2026.07.21 22:35:00,22:35:00,72,
2026.07.21 22:36:00,22:36:00,75,
2026.07.21 22:37:00,22:37:00,72,
2026.07.21 22:38:00,22:38:00,69,
2026.07.21 22:39:00,22:39:00,74,
2026.07.21 22:40:00,22:40:00,80,
2026.07.21 22:41:00,22:41:00,78,
2026.07.21 22:42:00,22:42:00,81,
2026.07.21 22:43:00,22:43:00,91,
2026.07.21 22:44:00,22:44:00,94,
2026.07.21 22:45:00,22:45:00,75,
2026.07.21 22:46:00,22:46:00,74,
2026.07.21 22:47:00,22:47:00,68,
2026.07.21 22:48:00,22:48:00,70,
2026.07.21 22:49:00,22:49:00,66,
2026.07.21 22:50:00,22:50:00,65,
2026.07.21 22:51:00,22:51:00,61,
2026.07.21 22:52:00,22:52:00,67,
2026.07.21 22:53:00,22:53:00,75,
2026.07.21 22:54:00,22:54:00,69,
2026.07.21 22:55:00,22:55:00,68,
2026.07.21 22:56:00,22:56:00,76,
2026.07.21 22:57:00,22:57:00,67,
2026.07.21 22:58:00,22:58:00,69,
2026.07.21 22:59:00,22:59:00,65,
2026.07.21 23:00:00,23:00:00,64,
2026.07.21 23:01:00,23:01:00,66,
2026.07.21 23:02:00,23:02:00,61,
2026.07.21 23:03:00,23:03:00,64,
2026.07.21 23:04:00,23:04:00,63,
2026.07.21 23:05:00,23:05:00,62,
2026.07.21 23:06:00,23:06:00,63,
2026.07.21 23:07:00,23:07:00,62,
2026.07.21 23:08:00,23:08:00,63,
2026.07.21 23:09:00,23:09:00,64,
2026.07.21 23:10:00,23:10:00,63,
2026.07.21 23:11:00,23:11:00,63,
2026.07.21 23:12:00,23:12:00,61,
2026.07.21 23:13:00,23:13:00,64,
2026.07.21 23:14:00,23:14:00,64,
2026.07.21 23:15:00,23:15:00,60,
2026.07.21 23:16:00,23:16:00,65,
2026.07.21 23:17:00,23:17:00,63,
2026.07.21 23:18:00,23:18:00,63,
2026.07.21 23:19:00,23:19:00,62,
2026.07.21 23:20:00,23:20:00,65,
2026.07.21 23:21:00,23:21:00,64,
2026.07.21 23:22:00,23:22:00,66,
2026.07.21 23:23:00,23:23:00,68,
2026.07.21 23:24:00,23:24:00,66,
2026.07.21 23:25:00,23:25:00,62,
2026.07.21 23:26:00,23:26:00,63,
2026.07.21 23:27:00,23:27:00,62,
2026.07.21 23:28:00,23:28:00,63,
2026.07.21 23:29:00,23:29:00,61,
2026.07.21 23:30:00,23:30:00,63,
2026.07.21 23:31:00,23:31:00,63,
2026.07.21 23:32:00,23:32:00,63,
2026.07.21 23:33:00,23:33:00,62,
2026.07.21 23:34:00,23:34:00,62,
2026.07.21 23:35:00,23:35:00,64,
2026.07.21 23:36:00,23:36:00,62,
2026.07.21 23:37:00,23:37:00,64,
2026.07.21 23:38:00,23:38:00,64,
2026.07.21 23:39:00,23:39:00,64,
2026.07.21 23:40:00,23:40:00,65,
2026.07.21 23:41:00,23:41:00,63,
2026.07.21 23:42:00,23:42:00,65,
2026.07.21 23:43:00,23:43:00,60,
2026.07.21 23:44:00,23:44:00,63,
2026.07.21 23:45:00,23:45:00,62,
2026.07.21 23:46:00,23:46:00,61,
2026.07.21 23:47:00,23:47:00,65,
2026.07.21 23:48:00,23:48:00,64,
2026.07.21 23:49:00,23:49:00,65,
2026.07.21 23:50:00,23:50:00,63,
2026.07.21 23:51:00,23:51:00,64,
2026.07.21 23:52:00,23:52:00,64,
2026.07.21 23:53:00,23:53:00,63,
2026.07.21 23:54:00,23:54:00,65,
2026.07.21 23:55:00,23:55:00,63,
2026.07.21 23:56:00,23:56:00,63,
2026.07.21 23:57:00,23:57:00,62,
2026.07.21 23:58:00,23:58:00,63,
2026.07.21 23:59:00,23:59:00,63,
2026.07.22 00:00:00,00:00:00,63,
2026.07.22 00:01:00,00:01:00,64,
2026.07.22 00:02:00,00:02:00,64,
2026.07.22 00:03:00,00:03:00,65,
2026.07.22 00:04:00,00:04:00,74,
2026.07.22 00:05:00,00:05:00,56,
2026.07.22 00:06:00,00:06:00,53,
2026.07.22 00:07:00,00:07:00,62,
2026.07.22 00:08:00,00:08:00,59,
2026.07.22 00:09:00,00:09:00,62,
2026.07.22 00:10:00,00:10:00,66,
2026.07.22 00:11:00,00:11:00,64,
2026.07.22 00:12:00,00:12:00,62,
2026.07.22 00:13:00,00:13:00,62,
2026.07.22 00:14:00,00:14:00,67,
2026.07.22 00:15:00,00:15:00,65,
2026.07.22 00:16:00,00:16:00,61,
2026.07.22 00:17:00,00:17:00,69,
2026.07.22 00:18:00,00:18:00,64,
2026.07.22 00:19:00,00:19:00,78,
2026.07.22 00:20:00,00:20:00,67,
2026.07.22 00:21:00,00:21:00,64,
2026.07.22 00:22:00,00:22:00,62,
2026.07.22 00:23:00,00:23:00,64,
2026.07.22 00:24:00,00:24:00,65,
2026.07.22 00:25:00,00:25:00,64,
2026.07.22 00:26:00,00:26:00,61,
2026.07.22 00:27:00,00:27:00,61,
2026.07.22 00:28:00,00:28:00,64,
2026.07.22 00:29:00,00:29:00,64,
2026.07.22 00:30:00,00:30:00,65,
2026.07.22 00:31:00,00:31:00,65,
2026.07.22 00:32:00,00:32:00,64,
2026.07.22 00:33:00,00:33:00,65,
2026.07.22 00:34:00,00:34:00,64,
2026.07.22 00:35:00,00:35:00,64,
2026.07.22 00:36:00,00:36:00,66,
2026.07.22 00:37:00,00:37:00,63,
2026.07.22 00:38:00,00:38:00,63,
2026.07.22 00:39:00,00:39:00,64,
2026.07.22 00:40:00,00:40:00,64,
2026.07.22 00:41:00,00:41:00,64,
2026.07.22 00:42:00,00:42:00,83,
2026.07.22 00:43:00,00:43:00,59,
2026.07.22 00:44:00,00:44:00,61,
2026.07.22 00:45:00,00:45:00,57,
2026.07.22 00:46:00,00:46:00,56,
2026.07.22 00:47:00,00:47:00,60,
2026.07.22 00:48:00,00:48:00,58,
2026.07.22 00:49:00,00:49:00,59,
2026.07.22 00:50:00,00:50:00,59,
2026.07.22 00:51:00,00:51:00,60,
2026.07.22 00:52:00,00:52:00,59,
2026.07.22 00:53:00,00:53:00,59,
2026.07.22 00:54:00,00:54:00,60,
2026.07.22 00:55:00,00:55:00,63,
2026.07.22 00:56:00,00:56:00,59,
2026.07.22 00:57:00,00:57:00,60,
2026.07.22 00:58:00,00:58:00,58,
2026.07.22 00:59:00,00:59:00,61,
2026.07.22 01:00:00,01:00:00,62,
2026.07.22 01:01:00,01:01:00,61,
2026.07.22 01:02:00,01:02:00,61,
2026.07.22 01:03:00,01:03:00,62,
2026.07.22 01:04:00,01:04:00,61,
2026.07.22 01:05:00,01:05:00,61,
2026.07.22 01:06:00,01:06:00,61,
2026.07.22 01:07:00,01:07:00,60,
2026.07.22 01:08:00,01:08:00,62,
2026.07.22 01:09:00,01:09:00,60,
2026.07.22 01:10:00,01:10:00,56,
2026.07.22 01:11:00,01:11:00,51,
2026.07.22 01:12:00,01:12:00,53,
2026.07.22 01:13:00,01:13:00,53,
2026.07.22 01:14:00,01:14:00,54,
2026.07.22 01:15:00,01:15:00,56,
2026.07.22 01:16:00,01:16:00,55,
2026.07.22 01:17:00,01:17:00,55,
2026.07.22 01:18:00,01:18:00,54,
2026.07.22 01:19:00,01:19:00,54,
2026.07.22 01:20:00,01:20:00,54,
2026.07.22 01:21:00,01:21:00,55,
2026.07.22 01:22:00,01:22:00,54,
2026.07.22 01:23:00,01:23:00,57,
2026.07.22 01:24:00,01:24:00,55,
2026.07.22 01:25:00,01:25:00,55,
2026.07.22 01:26:00,01:26:00,55,
2026.07.22 01:27:00,01:27:00,57,
2026.07.22 01:28:00,01:28:00,56,
2026.07.22 01:29:00,01:29:00,55,
2026.07.22 01:30:00,01:30:00,57,
2026.07.22 01:31:00,01:31:00,70,
2026.07.22 01:32:00,01:32:00,67,
2026.07.22 01:33:00,01:33:00,58,
2026.07.22 01:34:00,01:34:00,56,
2026.07.22 01:35:00,01:35:00,56,
2026.07.22 01:36:00,01:36:00,61,
2026.07.22 01:37:00,01:37:00,64,
2026.07.22 01:38:00,01:38:00,58,
2026.07.22 01:39:00,01:39:00,64,
2026.07.22 01:40:00,01:40:00,65,
2026.07.22 01:41:00,01:41:00,63,
2026.07.22 01:42:00,01:42:00,66,
2026.07.22 01:43:00,01:43:00,64,
2026.07.22 01:44:00,01:44:00,64,
2026.07.22 01:45:00,01:45:00,62,
2026.07.22 01:46:00,01:46:00,64,
2026.07.22 01:47:00,01:47:00,65,
2026.07.22 01:48:00,01:48:00,63,
2026.07.22 01:49:00,01:49:00,63,
2026.07.22 01:50:00,01:50:00,60,
2026.07.22 01:51:00,01:51:00,64,
2026.07.22 01:52:00,01:52:00,64,
2026.07.22 01:53:00,01:53:00,65,
2026.07.22 01:54:00,01:54:00,72,
2026.07.22 01:55:00,01:55:00,67,
2026.07.22 01:56:00,01:56:00,66,
2026.07.22 01:57:00,01:57:00,65,
2026.07.22 01:58:00,01:58:00,63,
2026.07.22 01:59:00,01:59:00,62,
2026.07.22 02:00:00,02:00:00,61,
2026.07.22 02:01:00,02:01:00,61,
2026.07.22 02:02:00,02:02:00,65,
2026.07.22 02:03:00,02:03:00,58,
2026.07.22 02:04:00,02:04:00,58,
2026.07.22 02:05:00,02:05:00,60,
2026.07.22 02:06:00,02:06:00,61,
2026.07.22 02:07:00,02:07:00,55,
2026.07.22 02:08:00,02:08:00,57,
2026.07.22 02:09:00,02:09:00,58,
2026.07.22 02:10:00,02:10:00,56,
2026.07.22 02:11:00,02:11:00,58,
2026.07.22 02:12:00,02:12:00,59,
2026.07.22 02:13:00,02:13:00,58,
2026.07.22 02:14:00,02:14:00,60,
2026.07.22 02:15:00,02:15:00,60,
2026.07.22 02:16:00,02:16:00,60,
2026.07.22 02:17:00,02:17:00,60,
2026.07.22 02:18:00,02:18:00,60,
2026.07.22 02:19:00,02:19:00,60,
2026.07.22 02:20:00,02:20:00,61,
2026.07.22 02:21:00,02:21:00,59,
2026.07.22 02:22:00,02:22:00,60,
2026.07.22 02:23:00,02:23:00,61,
2026.07.22 02:24:00,02:24:00,61,
2026.07.22 02:25:00,02:25:00,61,
2026.07.22 02:26:00,02:26:00,62,
2026.07.22 02:27:00,02:27:00,62,
2026.07.22 02:28:00,02:28:00,61,
2026.07.22 02:29:00,02:29:00,63,
2026.07.22 02:30:00,02:30:00,64,
2026.07.22 02:31:00,02:31:00,64,
2026.07.22 02:32:00,02:32:00,63,
2026.07.22 02:33:00,02:33:00,62,
2026.07.22 02:34:00,02:34:00,63,
2026.07.22 02:35:00,02:35:00,62,
2026.07.22 02:36:00,02:36:00,63,
2026.07.22 02:37:00,02:37:00,63,
2026.07.22 02:38:00,02:38:00,61,
2026.07.22 02:39:00,02:39:00,63,
2026.07.22 02:40:00,02:40:00,61,
2026.07.22 02:41:00,02:41:00,71,
2026.07.22 02:42:00,02:42:00,62,
2026.07.22 02:43:00,02:43:00,65,
2026.07.22 02:44:00,02:44:00,60,
2026.07.22 02:45:00,02:45:00,65,
2026.07.22 02:46:00,02:46:00,68,
2026.07.22 02:47:00,02:47:00,56,
2026.07.22 02:48:00,02:48:00,71,
2026.07.22 02:49:00,02:49:00,61,
2026.07.22 02:50:00,02:50:00,59,
2026.07.22 02:51:00,02:51:00,57,
2026.07.22 02:52:00,02:52:00,59,
2026.07.22 02:53:00,02:53:00,56,
2026.07.22 02:54:00,02:54:00,57,
2026.07.22 02:55:00,02:55:00,58,
2026.07.22 02:56:00,02:56:00,59,
2026.07.22 02:57:00,02:57:00,61,
2026.07.22 02:58:00,02:58:00,72,
2026.07.22 02:59:00,02:59:00,70,
2026.07.22 03:00:00,03:00:00,53,
2026.07.22 03:01:00,03:01:00,56,
2026.07.22 03:02:00,03:02:00,56,
2026.07.22 03:03:00,03:03:00,54,
2026.07.22 03:04:00,03:04:00,56,
2026.07.22 03:05:00,03:05:00,57,
2026.07.22 03:06:00,03:06:00,58,
2026.07.22 03:07:00,03:07:00,56,
2026.07.22 03:08:00,03:08:00,56,
2026.07.22 03:09:00,03:09:00,57,
2026.07.22 03:10:00,03:10:00,58,
2026.07.22 03:11:00,03:11:00,68,
2026.07.22 03:12:00,03:12:00,60,
2026.07.22 03:13:00,03:13:00,67,
2026.07.22 03:14:00,03:14:00,63,
2026.07.22 03:15:00,03:15:00,62,
2026.07.22 03:16:00,03:16:00,59,
2026.07.22 03:17:00,03:17:00,60,
2026.07.22 03:18:00,03:18:00,59,
2026.07.22 03:19:00,03:19:00,59,
2026.07.22 03:20:00,03:20:00,59,
2026.07.22 03:21:00,03:21:00,60,
2026.07.22 03:22:00,03:22:00,60,
2026.07.22 03:23:00,03:23:00,61,
2026.07.22 03:24:00,03:24:00,61,
2026.07.22 03:25:00,03:25:00,65,
2026.07.22 03:26:00,03:26:00,65,
2026.07.22 03:27:00,03:27:00,65,
2026.07.22 03:28:00,03:28:00,68,
2026.07.22 03:29:00,03:29:00,65,
2026.07.22 03:30:00,03:30:00,66,
2026.07.22 03:31:00,03:31:00,68,
2026.07.22 03:32:00,03:32:00,70,
2026.07.22 03:33:00,03:33:00,69,
2026.07.22 03:34:00,03:34:00,70,
2026.07.22 03:35:00,03:35:00,84,
2026.07.22 03:36:00,03:36:00,60,
2026.07.22 03:37:00,03:37:00,66,
2026.07.22 03:38:00,03:38:00,61,
2026.07.22 03:39:00,03:39:00,65,
2026.07.22 03:40:00,03:40:00,64,
2026.07.22 03:41:00,03:41:00,61,
2026.07.22 03:42:00,03:42:00,62,
2026.07.22 03:43:00,03:43:00,70,
2026.07.22 03:44:00,03:44:00,60,
2026.07.22 03:45:00,03:45:00,59,
2026.07.22 03:46:00,03:46:00,72,
2026.07.22 03:47:00,03:47:00,61,
2026.07.22 03:48:00,03:48:00,79,
2026.07.22 03:49:00,03:49:00,58,
2026.07.22 03:50:00,03:50:00,62,
2026.07.22 03:51:00,03:51:00,63,
2026.07.22 03:52:00,03:52:00,62,
2026.07.22 03:53:00,03:53:00,59,
2026.07.22 03:54:00,03:54:00,60,
2026.07.22 03:55:00,03:55:00,59,
2026.07.22 03:56:00,03:56:00,61,
2026.07.22 03:57:00,03:57:00,60,
2026.07.22 03:58:00,03:58:00,62,
2026.07.22 03:59:00,03:59:00,61,
2026.07.22 04:00:00,04:00:00,61,
2026.07.22 04:01:00,04:01:00,60,
2026.07.22 04:02:00,04:02:00,61,
2026.07.22 04:03:00,04:03:00,61,
2026.07.22 04:04:00,04:04:00,61,
2026.07.22 04:05:00,04:05:00,63,
2026.07.22 04:06:00,04:06:00,62,
2026.07.22 04:07:00,04:07:00,56,
2026.07.22 04:08:00,04:08:00,53,
2026.07.22 04:09:00,04:09:00,53,
2026.07.22 04:10:00,04:10:00,58,
2026.07.22 04:11:00,04:11:00,60,
2026.07.22 04:12:00,04:12:00,53,
2026.07.22 04:13:00,04:13:00,59,
2026.07.22 04:14:00,04:14:00,59,
2026.07.22 04:15:00,04:15:00,60,
2026.07.22 04:16:00,04:16:00,61,
2026.07.22 04:17:00,04:17:00,59,
2026.07.22 04:18:00,04:18:00,59,
2026.07.22 04:19:00,04:19:00,60,
2026.07.22 04:20:00,04:20:00,62,
2026.07.22 04:21:00,04:21:00,61,
2026.07.22 04:22:00,04:22:00,64,
2026.07.22 04:23:00,04:23:00,61,
2026.07.22 04:24:00,04:24:00,61,
2026.07.22 04:25:00,04:25:00,63,
2026.07.22 04:26:00,04:26:00,65,
2026.07.22 04:27:00,04:27:00,68,
2026.07.22 04:28:00,04:28:00,60,
2026.07.22 04:29:00,04:29:00,62,
2026.07.22 04:30:00,04:30:00,61,
2026.07.22 04:31:00,04:31:00,65,
2026.07.22 04:32:00,04:32:00,58,
2026.07.22 04:33:00,04:33:00,62,
2026.07.22 04:34:00,04:34:00,63,
2026.07.22 04:35:00,04:35:00,57,
2026.07.22 04:36:00,04:36:00,60,
2026.07.22 04:37:00,04:37:00,69,
2026.07.22 04:38:00,04:38:00,66,
2026.07.22 04:39:00,04:39:00,64,
2026.07.22 04:40:00,04:40:00,63,
2026.07.22 04:41:00,04:41:00,61,
2026.07.22 04:42:00,04:42:00,60,
2026.07.22 04:43:00,04:43:00,61,
2026.07.22 04:44:00,04:44:00,62,
2026.07.22 04:45:00,04:45:00,64,
2026.07.22 04:46:00,04:46:00,64,
2026.07.22 04:47:00,04:47:00,66,
2026.07.22 04:48:00,04:48:00,67,
2026.07.22 04:49:00,04:49:00,66,
2026.07.22 04:50:00,04:50:00,67,
2026.07.22 04:51:00,04:51:00,69,
2026.07.22 04:52:00,04:52:00,67,
2026.07.22 04:53:00,04:53:00,58,
2026.07.22 04:54:00,04:54:00,64,
2026.07.22 04:55:00,04:55:00,63,
2026.07.22 04:56:00,04:56:00,62,
2026.07.22 04:57:00,04:57:00,60,
2026.07.22 04:58:00,04:58:00,60,
2026.07.22 04:59:00,04:59:00,59,
2026.07.22 05:00:00,05:00:00,64,
2026.07.22 05:01:00,05:01:00,63,
2026.07.22 05:02:00,05:02:00,65,
2026.07.22 05:03:00,05:03:00,63,
2026.07.22 05:04:00,05:04:00,56,
2026.07.22 05:05:00,05:05:00,62,
2026.07.22 05:06:00,05:06:00,55,
2026.07.22 05:07:00,05:07:00,58,
2026.07.22 05:08:00,05:08:00,57,
2026.07.22 05:09:00,05:09:00,58,
2026.07.22 05:10:00,05:10:00,63,
2026.07.22 05:11:00,05:11:00,60,
2026.07.22 05:12:00,05:12:00,63,
2026.07.22 05:13:00,05:13:00,62,
2026.07.22 05:14:00,05:14:00,62,
2026.07.22 05:15:00,05:15:00,62,
2026.07.22 05:16:00,05:16:00,67,
2026.07.22 05:17:00,05:17:00,63,
2026.07.22 05:18:00,05:18:00,64,
2026.07.22 05:19:00,05:19:00,65,
2026.07.22 05:20:00,05:20:00,63,
2026.07.22 05:21:00,05:21:00,65,
2026.07.22 05:22:00,05:22:00,68,
2026.07.22 05:23:00,05:23:00,62,
2026.07.22 05:24:00,05:24:00,58,
2026.07.22 05:25:00,05:25:00,64,
2026.07.22 05:26:00,05:26:00,58,
2026.07.22 05:27:00,05:27:00,61,
2026.07.22 05:28:00,05:28:00,60,
2026.07.22 05:29:00,05:29:00,60,
2026.07.22 05:30:00,05:30:00,63,
2026.07.22 05:31:00,05:31:00,62,
2026.07.22 05:32:00,05:32:00,64,
2026.07.22 05:33:00,05:33:00,64,
2026.07.22 05:34:00,05:34:00,62,
2026.07.22 05:35:00,05:35:00,59,
2026.07.22 05:36:00,05:36:00,59,
2026.07.22 05:37:00,05:37:00,54,
2026.07.22 05:38:00,05:38:00,59,
2026.07.22 05:39:00,05:39:00,56,
2026.07.22 05:40:00,05:40:00,60,
2026.07.22 05:41:00,05:41:00,55,
2026.07.22 05:42:00,05:42:00,55,
2026.07.22 05:43:00,05:43:00,58,
2026.07.22 05:44:00,05:44:00,55,
2026.07.22 05:45:00,05:45:00,59,
2026.07.22 05:46:00,05:46:00,56,
2026.07.22 05:47:00,05:47:00,59,
2026.07.22 05:48:00,05:48:00,56,
2026.07.22 05:49:00,05:49:00,56,
2026.07.22 05:50:00,05:50:00,60,
2026.07.22 05:51:00,05:51:00,60,
2026.07.22 05:52:00,05:52:00,56,
2026.07.22 05:53:00,05:53:00,57,
2026.07.22 05:54:00,05:54:00,74,
2026.07.22 05:55:00,05:55:00,60,
2026.07.22 05:56:00,05:56:00,55,
2026.07.22 05:57:00,05:57:00,57,
2026.07.22 05:58:00,05:58:00,66,
2026.07.22 05:59:00,05:59:00,53,
2026.07.22 06:00:00,06:00:00,55,
2026.07.22 06:01:00,06:01:00,59,
2026.07.22 06:02:00,06:02:00,57,
2026.07.22 06:03:00,06:03:00,58,
2026.07.22 06:04:00,06:04:00,59,
2026.07.22 06:05:00,06:05:00,56,
2026.07.22 06:06:00,06:06:00,55,
2026.07.22 06:07:00,06:07:00,59,
2026.07.22 06:08:00,06:08:00,59,
2026.07.22 06:09:00,06:09:00,59,
2026.07.22 06:10:00,06:10:00,58,
2026.07.22 06:11:00,06:11:00,63,
2026.07.22 06:12:00,06:12:00,58,
2026.07.22 06:13:00,06:13:00,61,
2026.07.22 06:14:00,06:14:00,62,
2026.07.22 06:15:00,06:15:00,60,
2026.07.22 06:16:00,06:16:00,61,
2026.07.22 06:17:00,06:17:00,61,
2026.07.22 06:18:00,06:18:00,77,
2026.07.22 06:19:00,06:19:00,59,
2026.07.22 06:20:00,06:20:00,61,
2026.07.22 06:21:00,06:21:00,61,
2026.07.22 06:22:00,06:22:00,65,
2026.07.22 06:23:00,06:23:00,61,
2026.07.22 06:24:00,06:24:00,70,
2026.07.22 06:25:00,06:25:00,61,
2026.07.22 06:26:00,06:26:00,74,
2026.07.22 06:27:00,06:27:00,92,
2026.07.22 06:28:00,06:28:00,75,
2026.07.22 06:29:00,06:29:00,63,
2026.07.22 06:30:00,06:30:00,72,
2026.07.22 06:31:00,06:31:00,63,
2026.07.22 06:32:00,06:32:00,65,
2026.07.22 06:33:00,06:33:00,64,
2026.07.22 06:34:00,06:34:00,81,
2026.07.22 06:35:00,06:35:00,71,
2026.07.22 06:36:00,06:36:00,71,
2026.07.22 06:37:00,06:37:00,74,
2026.07.22 06:38:00,06:38:00,63,
2026.07.22 06:39:00,06:39:00,67,
2026.07.22 06:40:00,06:40:00,98,
2026.07.22 06:41:00,06:41:00,79,
2026.07.22 06:42:00,06:42:00,73,
2026.07.22 06:43:00,06:43:00,77,
2026.07.22 06:44:00,06:44:00,84,
2026.07.22 06:45:00,06:45:00,81,
2026.07.22 06:46:00,06:46:00,72,
2026.07.22 06:47:00,06:47:00,75,
2026.07.22 06:48:00,06:48:00,78,
2026.07.22 06:49:00,06:49:00,73,
2026.07.22 06:50:00,06:50:00,75,
2026.07.22 06:51:00,06:51:00,73,
2026.07.22 06:52:00,06:52:00,71,
2026.07.22 06:53:00,06:53:00,69,
2026.07.22 06:54:00,06:54:00,88,
2026.07.22 06:55:00,06:55:00,100,
2026.07.22 06:56:00,06:56:00,94,
2026.07.22 06:57:00,06:57:00,75,
2026.07.22 06:58:00,06:58:00,72,
2026.07.22 06:59:00,06:59:00,70,
2026.07.22 07:00:00,07:00:00,86,
2026.07.22 07:01:00,07:01:00,87,
2026.07.22 07:02:00,07:02:00,76,
2026.07.22 07:03:00,07:03:00,65,
2026.07.22 07:04:00,07:04:00,64,
2026.07.22 07:05:00,07:05:00,62,
2026.07.22 07:06:00,07:06:00,64,
2026.07.22 07:07:00,07:07:00,63,
2026.07.22 07:08:00,07:08:00,66,
2026.07.22 07:09:00,07:09:00,67,
2026.07.22 07:10:00,07:10:00,75,
2026.07.22 07:11:00,07:11:00,70,
2026.07.22 07:12:00,07:12:00,65,
2026.07.22 07:13:00,07:13:00,75,
2026.07.22 07:14:00,07:14:00,68,
2026.07.22 07:15:00,07:15:00,69,
2026.07.22 07:16:00,07:16:00,69,
2026.07.22 07:17:00,07:17:00,73,
2026.07.22 07:18:00,07:18:00,87,
2026.07.22 07:19:00,07:19:00,63,
2026.07.22 07:20:00,07:20:00,87,
2026.07.22 07:21:00,07:21:00,62,
2026.07.22 07:22:00,07:22:00,59,
2026.07.22 07:23:00,07:23:00,87,
2026.07.22 07:24:00,07:24:00,67,
2026.07.22 07:25:00,07:25:00,62,
2026.07.22 07:26:00,07:26:00,64,
2026.07.22 07:27:00,07:27:00,65,
2026.07.22 07:28:00,07:28:00,63,
2026.07.22 07:29:00,07:29:00,88,
2026.07.22 07:30:00,07:30:00,91,
2026.07.22 07:31:00,07:31:00,80,
2026.07.22 07:32:00,07:32:00,88,
2026.07.22 07:33:00,07:33:00,80,
2026.07.22 07:34:00,07:34:00,80,
2026.07.22 07:35:00,07:35:00,88,
2026.07.22 07:36:00,07:36:00,72,
2026.07.22 07:37:00,07:37:00,76,
2026.07.22 07:38:00,07:38:00,80,
2026.07.22 07:39:00,07:39:00,85,
2026.07.22 07:40:00,07:40:00,80,
2026.07.22 07:41:00,07:41:00,80,
2026.07.22 07:42:00,07:42:00,78,
2026.07.22 07:43:00,07:43:00,84,
2026.07.22 07:44:00,07:44:00,82,
2026.07.22 07:45:00,07:45:00,79,
2026.07.22 07:46:00,07:46:00,76,
2026.07.22 07:47:00,07:47:00,80,
2026.07.22 07:48:00,07:48:00,85,
2026.07.22 07:49:00,07:49:00,84,
2026.07.22 07:50:00,07:50:00,83,
2026.07.22 07:51:00,07:51:00,85,
2026.07.22 07:52:00,07:52:00,86,
2026.07.22 07:53:00,07:53:00,82,
2026.07.22 07:54:00,07:54:00,87,
2026.07.22 07:55:00,07:55:00,80,
2026.07.22 07:56:00,07:56:00,82,
2026.07.22 07:57:00,07:57:00,84,
2026.07.22 07:58:00,07:58:00,79,
2026.07.22 07:59:00,07:59:00,79,
2026.07.22 08:00:00,08:00:00,77,
2026.07.22 08:01:00,08:01:00,81,
2026.07.22 08:02:00,08:02:00,79,
2026.07.22 08:03:00,08:03:00,82,
2026.07.22 08:04:00,08:04:00,70,
2026.07.22 08:05:00,08:05:00,74,
2026.07.22 08:06:00,08:06:00,76,
2026.07.22 08:07:00,08:07:00,76,
2026.07.22 08:08:00,08:08:00,79,
2026.07.22 08:09:00,08:09:00,83,
2026.07.22 08:10:00,08:10:00,81,
2026.07.22 08:11:00,08:11:00,82,
2026.07.22 08:12:00,08:12:00,72,
2026.07.22 08:13:00,08:13:00,73,
2026.07.22 08:14:00,08:14:00,71,
2026.07.22 08:15:00,08:15:00,72,
2026.07.22 08:16:00,08:16:00,70,
2026.07.22 08:17:00,08:17:00,73,
2026.07.22 08:18:00,08:18:00,71,
2026.07.22 08:19:00,08:19:00,71,
2026.07.22 08:20:00,08:20:00,73,
2026.07.22 08:21:00,08:21:00,75,
2026.07.22 08:22:00,08:22:00,69,
2026.07.22 08:23:00,08:23:00,76,
2026.07.22 08:24:00,08:24:00,76,
2026.07.22 08:25:00,08:25:00,88,
2026.07.22 08:26:00,08:26:00,98,
2026.07.22 08:27:00,08:27:00,84,
2026.07.22 08:28:00,08:28:00,88,
2026.07.22 08:29:00,08:29:00,92,
2026.07.22 08:30:00,08:30:00,83,
2026.07.22 08:31:00,08:31:00,85,
2026.07.22 08:32:00,08:32:00,93,
2026.07.22 08:33:00,08:33:00,109,
2026.07.22 08:34:00,08:34:00,113,
2026.07.22 08:35:00,08:35:00,89,
2026.07.22 08:36:00,08:36:00,95,
2026.07.22 08:37:00,08:37:00,115,
2026.07.22 08:38:00,08:38:00,94,
2026.07.22 08:39:00,08:39:00,85,
2026.07.22 08:40:00,08:40:00,79,
2026.07.22 08:41:00,08:41:00,94,
2026.07.22 08:42:00,08:42:00,88,
2026.07.22 08:43:00,08:43:00,94,
2026.07.22 08:44:00,08:44:00,87,
2026.07.22 08:45:00,08:45:00,103,
2026.07.22 08:46:00,08:46:00,108,
2026.07.22 08:47:00,08:47:00,96,
2026.07.22 08:48:00,08:48:00,94,
2026.07.22 08:49:00,08:49:00,100,
2026.07.22 08:50:00,08:50:00,97,
2026.07.22 08:51:00,08:51:00,97,
2026.07.22 08:52:00,08:52:00,96,
2026.07.22 08:53:00,08:53:00,97,
2026.07.22 08:54:00,08:54:00,122,
2026.07.22 08:55:00,08:55:00,125,
2026.07.22 08:56:00,08:56:00,95,
2026.07.22 08:57:00,08:57:00,99,
2026.07.22 08:58:00,08:58:00,107,
2026.07.22 08:59:00,08:59:00,98,
2026.07.22 09:00:00,09:00:00,99,
2026.07.22 09:01:00,09:01:00,91,
2026.07.22 09:02:00,09:02:00,100,
2026.07.22 09:03:00,09:03:00,96,
2026.07.22 09:04:00,09:04:00,96,
2026.07.22 09:05:00,09:05:00,96,
2026.07.22 09:06:00,09:06:00,114,
2026.07.22 09:07:00,09:07:00,97,
2026.07.22 09:08:00,09:08:00,92,
2026.07.22 09:09:00,09:09:00,94,
2026.07.22 09:10:00,09:10:00,89,
2026.07.22 09:11:00,09:11:00,83,
2026.07.22 09:12:00,09:12:00,79,
2026.07.22 09:13:00,09:13:00,78,
2026.07.22 09:14:00,09:14:00,73,
2026.07.22 09:15:00,09:15:00,77,
2026.07.22 09:16:00,09:16:00,80,
2026.07.22 09:17:00,09:17:00,81,
2026.07.22 09:18:00,09:18:00,70,
2026.07.22 09:19:00,09:19:00,70,
2026.07.22 09:20:00,09:20:00,70,
2026.07.22 09:21:00,09:21:00,83,
2026.07.22 09:22:00,09:22:00,80,
2026.07.22 09:23:00,09:23:00,74,
2026.07.22 09:24:00,09:24:00,78,
2026.07.22 09:25:00,09:25:00,76,
2026.07.22 09:26:00,09:26:00,88,
2026.07.22 09:27:00,09:27:00,81,
2026.07.22 09:28:00,09:28:00,87,
2026.07.22 09:29:00,09:29:00,77,
2026.07.22 09:30:00,09:30:00,84,
2026.07.22 09:31:00,09:31:00,79,
2026.07.22 09:32:00,09:32:00,75,
2026.07.22 09:33:00,09:33:00,78,
2026.07.22 09:34:00,09:34:00,76,
2026.07.22 09:35:00,09:35:00,74,
2026.07.22 09:36:00,09:36:00,79,
2026.07.22 09:37:00,09:37:00,80,
2026.07.22 09:38:00,09:38:00,84,
2026.07.22 09:39:00,09:39:00,80,
2026.07.22 09:40:00,09:40:00,81,
2026.07.22 09:41:00,09:41:00,82,
2026.07.22 09:42:00,09:42:00,81,
2026.07.22 09:43:00,09:43:00,76,
2026.07.22 09:44:00,09:44:00,72,
2026.07.22 09:45:00,09:45:00,76,
2026.07.22 09:46:00,09:46:00,76,
2026.07.22 09:47:00,09:47:00,75,
2026.07.22 09:48:00,09:48:00,77,
2026.07.22 09:49:00,09:49:00,72,
2026.07.22 09:50:00,09:50:00,72,
2026.07.22 09:51:00,09:51:00,73,
2026.07.22 09:52:00,09:52:00,72,
2026.07.22 09:53:00,09:53:00,76,
2026.07.22 09:54:00,09:54:00,75,
2026.07.22 09:55:00,09:55:00,74,
2026.07.22 09:56:00,09:56:00,72,
2026.07.22 09:57:00,09:57:00,74,
2026.07.22 09:58:00,09:58:00,71,
2026.07.22 09:59:00,09:59:00,75,
2026.07.22 10:00:00,10:00:00,89,
2026.07.22 10:01:00,10:01:00,69,
2026.07.22 10:02:00,10:02:00,74,
2026.07.22 10:03:00,10:03:00,77,
2026.07.22 10:04:00,10:04:00,76,
2026.07.22 10:05:00,10:05:00,73,
2026.07.22 10:06:00,10:06:00,72,
2026.07.22 10:07:00,10:07:00,76,
2026.07.22 10:08:00,10:08:00,82,
2026.07.22 10:09:00,10:09:00,71,
2026.07.22 10:10:00,10:10:00,73,
2026.07.22 10:11:00,10:11:00,78,
2026.07.22 10:12:00,10:12:00,79,
2026.07.22 10:13:00,10:13:00,85,
2026.07.22 10:14:00,10:14:00,85,
2026.07.22 10:15:00,10:15:00,74,
2026.07.22 10:16:00,10:16:00,79,
2026.07.22 10:17:00,10:17:00,78,
2026.07.22 10:18:00,10:18:00,80,
2026.07.22 10:19:00,10:19:00,68,
2026.07.22 10:20:00,10:20:00,66,
2026.07.22 10:21:00,10:21:00,66,
2026.07.22 10:22:00,10:22:00,66,
2026.07.22 10:23:00,10:23:00,79,
2026.07.22 10:24:00,10:24:00,73,
2026.07.22 10:25:00,10:25:00,88,
2026.07.22 10:26:00,10:26:00,120,
2026.07.22 10:27:00,10:27:00,99,
2026.07.22 10:28:00,10:28:00,103,
2026.07.22 10:29:00,10:29:00,122,
2026.07.22 10:30:00,10:30:00,136,
2026.07.22 10:31:00,10:31:00,141,
2026.07.22 10:32:00,10:32:00,144,
2026.07.22 10:33:00,10:33:00,107,
2026.07.22 10:34:00,10:34:00,127,
2026.07.22 10:35:00,10:35:00,141,
2026.07.22 10:36:00,10:36:00,148,
2026.07.22 10:37:00,10:37:00,162,
2026.07.22 10:38:00,10:38:00,163,
2026.07.22 10:39:00,10:39:00,110,
2026.07.22 10:40:00,10:40:00,149,
2026.07.22 10:41:00,10:41:00,110,
2026.07.22 10:42:00,10:42:00,130,
2026.07.22 10:43:00,10:43:00,110,
2026.07.22 10:44:00,10:44:00,101,
2026.07.22 10:45:00,10:45:00,113,
2026.07.22 10:46:00,10:46:00,93,
2026.07.22 10:47:00,10:47:00,90,
2026.07.22 10:48:00,10:48:00,83,
2026.07.22 10:49:00,10:49:00,86,
2026.07.22 10:50:00,10:50:00,82,
2026.07.22 10:51:00,10:51:00,89,
2026.07.22 10:52:00,10:52:00,80,
2026.07.22 10:53:00,10:53:00,80,
2026.07.22 10:54:00,10:54:00,80,
2026.07.22 10:55:00,10:55:00,76,
2026.07.22 10:56:00,10:56:00,82,
2026.07.22 10:57:00,10:57:00,80,
2026.07.22 10:58:00,10:58:00,82,
2026.07.22 10:59:00,10:59:00,84,
2026.07.22 11:00:00,11:00:00,83,
2026.07.22 11:01:00,11:01:00,83,
2026.07.22 11:02:00,11:02:00,83,
2026.07.22 11:03:00,11:03:00,82,
2026.07.22 11:04:00,11:04:00,83,
2026.07.22 11:05:00,11:05:00,82,
2026.07.22 11:06:00,11:06:00,82,
2026.07.22 11:07:00,11:07:00,79,
2026.07.22 11:08:00,11:08:00,73,
2026.07.22 11:09:00,11:09:00,78,
2026.07.22 11:10:00,11:10:00,78,
2026.07.22 11:11:00,11:11:00,82,
2026.07.22 11:12:00,11:12:00,84,
2026.07.22 11:13:00,11:13:00,79,
2026.07.22 11:14:00,11:14:00,81,
2026.07.22 11:15:00,11:15:00,82,
2026.07.22 11:16:00,11:16:00,84,
2026.07.22 11:17:00,11:17:00,82,
2026.07.22 11:18:00,11:18:00,84,
2026.07.22 11:19:00,11:19:00,80,
2026.07.22 11:20:00,11:20:00,79,
2026.07.22 11:21:00,11:21:00,76,
2026.07.22 11:22:00,11:22:00,75,
2026.07.22 11:23:00,11:23:00,78,
2026.07.22 11:24:00,11:24:00,80,
2026.07.22 11:25:00,11:25:00,82,
2026.07.22 11:26:00,11:26:00,87,
2026.07.22 11:27:00,11:27:00,71,
2026.07.22 11:28:00,11:28:00,68,
2026.07.22 11:29:00,11:29:00,73,
2026.07.22 11:30:00,11:30:00,74,
2026.07.22 11:31:00,11:31:00,73,
2026.07.22 11:32:00,11:32:00,73,
2026.07.22 11:33:00,11:33:00,69,
2026.07.22 11:34:00,11:34:00,70,
2026.07.22 11:35:00,11:35:00,72,
2026.07.22 11:36:00,11:36:00,75,
2026.07.22 11:37:00,11:37:00,74,
2026.07.22 11:38:00,11:38:00,79,
2026.07.22 11:39:00,11:39:00,77,
2026.07.22 11:40:00,11:40:00,70,
2026.07.22 11:41:00,11:41:00,67,
2026.07.22 11:42:00,11:42:00,65,
2026.07.22 11:43:00,11:43:00,68,
2026.07.22 11:44:00,11:44:00,64,
2026.07.22 11:45:00,11:45:00,70,
2026.07.22 11:46:00,11:46:00,72,
2026.07.22 11:47:00,11:47:00,75,
2026.07.22 11:48:00,11:48:00,67,
2026.07.22 11:49:00,11:49:00,70,
2026.07.22 11:50:00,11:50:00,70,
2026.07.22 11:51:00,11:51:00,86,
2026.07.22 11:52:00,11:52:00,92,
2026.07.22 11:53:00,11:53:00,103,
2026.07.22 11:54:00,11:54:00,102,
2026.07.22 11:55:00,11:55:00,116,
2026.07.22 11:56:00,11:56:00,117,
2026.07.22 11:57:00,11:57:00,105,
2026.07.22 11:58:00,11:58:00,97,
2026.07.22 11:59:00,11:59:00,92,
2026.07.22 12:00:00,12:00:00,93,
2026.07.22 12:01:00,12:01:00,94,
2026.07.22 12:02:00,12:02:00,101,
2026.07.22 12:03:00,12:03:00,119,
2026.07.22 12:04:00,12:04:00,110,
2026.07.22 12:05:00,12:05:00,92,
2026.07.22 12:06:00,12:06:00,96,
2026.07.22 12:07:00,12:07:00,92,
2026.07.22 12:08:00,12:08:00,82,
2026.07.22 12:09:00,12:09:00,91,
2026.07.22 12:10:00,12:10:00,102,
2026.07.22 12:11:00,12:11:00,92,
2026.07.22 12:12:00,12:12:00,89,
2026.07.22 12:13:00,12:13:00,80,
2026.07.22 12:14:00,12:14:00,80,
2026.07.22 12:15:00,12:15:00,86,
2026.07.22 12:16:00,12:16:00,90,
2026.07.22 12:17:00,12:17:00,99,
2026.07.22 12:18:00,12:18:00,94,
2026.07.22 12:19:00,12:19:00,81,
2026.07.22 12:20:00,12:20:00,77,
2026.07.22 12:21:00,12:21:00,80,
2026.07.22 12:22:00,12:22:00,74,
2026.07.22 12:23:00,12:23:00,66,
2026.07.22 12:24:00,12:24:00,76,
2026.07.22 12:25:00,12:25:00,66,
2026.07.22 12:26:00,12:26:00,67,
2026.07.22 12:27:00,12:27:00,66,
2026.07.22 12:28:00,12:28:00,67,
2026.07.22 12:29:00,12:29:00,67,
2026.07.22 12:30:00,12:30:00,86,
2026.07.22 12:31:00,12:31:00,95,
2026.07.22 12:32:00,12:32:00,90,
2026.07.22 12:33:00,12:33:00,83,
2026.07.22 12:34:00,12:34:00,94,
2026.07.22 12:35:00,12:35:00,89,
2026.07.22 12:36:00,12:36:00,93,
2026.07.22 12:37:00,12:37:00,90,
2026.07.22 12:38:00,12:38:00,90,
2026.07.22 12:39:00,12:39:00,95,
2026.07.22 12:40:00,12:40:00,81,
2026.07.22 12:41:00,12:41:00,89,
2026.07.22 12:42:00,12:42:00,85,
2026.07.22 12:43:00,12:43:00,86,
2026.07.22 12:44:00,12:44:00,78,
2026.07.22 12:45:00,12:45:00,78,
2026.07.22 12:46:00,12:46:00,90,
2026.07.22 12:47:00,12:47:00,86,
2026.07.22 12:48:00,12:48:00,84,
2026.07.22 12:49:00,12:49:00,94,
2026.07.22 12:50:00,12:50:00,92,
2026.07.22 12:51:00,12:51:00,82,
2026.07.22 12:52:00,12:52:00,86,
2026.07.22 12:53:00,12:53:00,85,
2026.07.22 12:54:00,12:54:00,85,
2026.07.22 12:55:00,12:55:00,76,
2026.07.22 12:56:00,12:56:00,86,
2026.07.22 12:57:00,12:57:00,88,
2026.07.22 12:58:00,12:58:00,87,
2026.07.22 12:59:00,12:59:00,88,
2026.07.22 13:00:00,13:00:00,79,
2026.07.22 13:01:00,13:01:00,91,
2026.07.22 13:02:00,13:02:00,91,
2026.07.22 13:03:00,13:03:00,89,
2026.07.22 13:04:00,13:04:00,87,
2026.07.22 13:05:00,13:05:00,84,
2026.07.22 13:06:00,13:06:00,88,
2026.07.22 13:07:00,13:07:00,84,
2026.07.22 13:08:00,13:08:00,86,
2026.07.22 13:09:00,13:09:00,87,
2026.07.22 13:10:00,13:10:00,90,
2026.07.22 13:11:00,13:11:00,90,
2026.07.22 13:12:00,13:12:00,90,
2026.07.22 13:13:00,13:13:00,92,
2026.07.22 13:14:00,13:14:00,89,
2026.07.22 13:15:00,13:15:00,91,
2026.07.22 13:16:00,13:16:00,90,
2026.07.22 13:17:00,13:17:00,94,
2026.07.22 13:18:00,13:18:00,86,
2026.07.22 13:19:00,13:19:00,88,
2026.07.22 13:20:00,13:20:00,88,
2026.07.22 13:21:00,13:21:00,85,
2026.07.22 13:22:00,13:22:00,86,
2026.07.22 13:23:00,13:23:00,86,
2026.07.22 13:24:00,13:24:00,87,
2026.07.22 13:25:00,13:25:00,88,
2026.07.22 13:26:00,13:26:00,103,
2026.07.22 13:27:00,13:27:00,90,
2026.07.22 13:28:00,13:28:00,95,
2026.07.22 13:29:00,13:29:00,96,
2026.07.22 13:30:00,13:30:00,92,
2026.07.22 13:31:00,13:31:00,80,
2026.07.22 13:32:00,13:32:00,89,
2026.07.22 13:33:00,13:33:00,81,
2026.07.22 13:34:00,13:34:00,73,
2026.07.22 13:35:00,13:35:00,73,
2026.07.22 13:36:00,13:36:00,77,
2026.07.22 13:37:00,13:37:00,78,
2026.07.22 13:38:00,13:38:00,76,
2026.07.22 13:39:00,13:39:00,76,
2026.07.22 13:40:00,13:40:00,75,
2026.07.22 13:41:00,13:41:00,77,
2026.07.22 13:42:00,13:42:00,73,
2026.07.22 13:43:00,13:43:00,71,
2026.07.22 13:44:00,13:44:00,78,
2026.07.22 13:45:00,13:45:00,87,
2026.07.22 13:46:00,13:46:00,93,
2026.07.22 13:47:00,13:47:00,74,
2026.07.22 13:48:00,13:48:00,87,
2026.07.22 13:49:00,13:49:00,87,
2026.07.22 13:50:00,13:50:00,85,
2026.07.22 13:51:00,13:51:00,81,
2026.07.22 13:52:00,13:52:00,73,
2026.07.22 13:53:00,13:53:00,74,
2026.07.22 13:54:00,13:54:00,83,
2026.07.22 13:55:00,13:55:00,84,
2026.07.22 13:56:00,13:56:00,75,
2026.07.22 13:57:00,13:57:00,86,
2026.07.22 13:58:00,13:58:00,85,
2026.07.22 13:59:00,13:59:00,93,
2026.07.22 14:00:00,14:00:00,84,
2026.07.22 14:01:00,14:01:00,83,
2026.07.22 14:02:00,14:02:00,77,
2026.07.22 14:03:00,14:03:00,82,
2026.07.22 14:04:00,14:04:00,82,
2026.07.22 14:05:00,14:05:00,83,
2026.07.22 14:06:00,14:06:00,97,
2026.07.22 14:07:00,14:07:00,101,
2026.07.22 14:08:00,14:08:00,96,
2026.07.22 14:09:00,14:09:00,100,
2026.07.22 14:10:00,14:10:00,95,
2026.07.22 14:11:00,14:11:00,92,
2026.07.22 14:12:00,14:12:00,86,
2026.07.22 14:13:00,14:13:00,86,
2026.07.22 14:14:00,14:14:00,87,
2026.07.22 14:54:00,14:54:00,99,
2026.07.22 14:55:00,14:55:00,100,
2026.07.22 14:56:00,14:56:00,97,
2026.07.22 14:57:00,14:57:00,91,
2026.07.22 14:58:00,14:58:00,86,
2026.07.22 14:59:00,14:59:00,80,
2026.07.22 15:00:00,15:00:00,81,
2026.07.22 15:01:00,15:01:00,85,
2026.07.22 15:02:00,15:02:00,87,
2026.07.22 15:03:00,15:03:00,94,
2026.07.22 15:04:00,15:04:00,93,
2026.07.22 15:05:00,15:05:00,84,
2026.07.22 15:06:00,15:06:00,88,
2026.07.22 15:07:00,15:07:00,87,
2026.07.22 15:08:00,15:08:00,90,
2026.07.22 15:09:00,15:09:00,92,
2026.07.22 15:10:00,15:10:00,91,
2026.07.22 15:11:00,15:11:00,92,
2026.07.22 15:12:00,15:12:00,89,
2026.07.22 15:13:00,15:13:00,94,
2026.07.22 15:14:00,15:14:00,91,
2026.07.22 15:15:00,15:15:00,88,
2026.07.22 15:16:00,15:16:00,89,
2026.07.22 15:17:00,15:17:00,83,
2026.07.22 15:18:00,15:18:00,90,
2026.07.22 15:19:00,15:19:00,84,
2026.07.22 15:20:00,15:20:00,90,
2026.07.22 15:21:00,15:21:00,85,
2026.07.22 15:22:00,15:22:00,89,
2026.07.22 15:23:00,15:23:00,89,
2026.07.22 15:24:00,15:24:00,84,
2026.07.22 15:25:00,15:25:00,83,
2026.07.22 15:26:00,15:26:00,86,
2026.07.22 15:27:00,15:27:00,83,
2026.07.22 15:28:00,15:28:00,87,
2026.07.22 15:29:00,15:29:00,84,
2026.07.22 15:30:00,15:30:00,88,
2026.07.22 15:31:00,15:31:00,91,
2026.07.22 15:32:00,15:32:00,91,
2026.07.22 15:33:00,15:33:00,85,
2026.07.22 15:34:00,15:34:00,89,
2026.07.22 15:35:00,15:35:00,91,
2026.07.22 15:36:00,15:36:00,86,
2026.07.22 15:37:00,15:37:00,80,
2026.07.22 15:38:00,15:38:00,89,
2026.07.22 15:39:00,15:39:00,86,
2026.07.22 15:40:00,15:40:00,83,
2026.07.22 15:41:00,15:41:00,92,
2026.07.22 15:42:00,15:42:00,88,
2026.07.22 15:43:00,15:43:00,88,
2026.07.22 15:44:00,15:44:00,85,
2026.07.22 15:45:00,15:45:00,85,
2026.07.22 15:46:00,15:46:00,90,
2026.07.22 15:47:00,15:47:00,90,
2026.07.22 15:48:00,15:48:00,95,
2026.07.22 15:49:00,15:49:00,90,
2026.07.22 15:50:00,15:50:00,91,
2026.07.22 15:51:00,15:51:00,90,
2026.07.22 15:52:00,15:52:00,93,
2026.07.22 15:53:00,15:53:00,92,
2026.07.22 15:54:00,15:54:00,90,
2026.07.22 15:55:00,15:55:00,89,
2026.07.22 15:56:00,15:56:00,91,
2026.07.22 15:57:00,15:57:00,90,
2026.07.22 15:58:00,15:58:00,83,
2026.07.22 15:59:00,15:59:00,84,
2026.07.22 16:00:00,16:00:00,83,
2026.07.22 16:01:00,16:01:00,86,
2026.07.22 16:02:00,16:02:00,88,
2026.07.22 16:03:00,16:03:00,93,
2026.07.22 16:04:00,16:04:00,107,
2026.07.22 16:05:00,16:05:00,116,
2026.07.22 16:35:00,16:35:00,98,
2026.07.22 16:36:00,16:36:00,89,
2026.07.22 16:37:00,16:37:00,89,
2026.07.22 16:38:00,16:38:00,81,
2026.07.22 16:39:00,16:39:00,84,
2026.07.22 16:40:00,16:40:00,82,
2026.07.22 16:41:00,16:41:00,76,
2026.07.22 16:42:00,16:42:00,85,
2026.07.22 16:43:00,16:43:00,82,
2026.07.22 16:44:00,16:44:00,82,
2026.07.22 16:45:00,16:45:00,80,
2026.07.22 16:46:00,16:46:00,75,
2026.07.22 16:47:00,16:47:00,82,
2026.07.22 16:48:00,16:48:00,78,
2026.07.22 16:49:00,16:49:00,75,
2026.07.22 16:50:00,16:50:00,80,
2026.07.22 16:51:00,16:51:00,77,
2026.07.22 16:54:00,16:54:00,73,
2026.07.22 16:55:00,16:55:00,76,
2026.07.22 16:56:00,16:56:00,73,
2026.07.22 16:57:00,16:57:00,77,
2026.07.22 16:58:00,16:58:00,76,
2026.07.22 16:59:00,16:59:00,72,
2026.07.22 17:00:00,17:00:00,73,
2026.07.22 17:01:00,17:01:00,77,
2026.07.22 17:02:00,17:02:00,76,
2026.07.22 17:03:00,17:03:00,79,
2026.07.22 17:04:00,17:04:00,74,
2026.07.22 17:05:00,17:05:00,73,
2026.07.22 17:06:00,17:06:00,82,
2026.07.22 17:07:00,17:07:00,80,
2026.07.22 17:08:00,17:08:00,74,
2026.07.22 17:09:00,17:09:00,75,
2026.07.22 17:10:00,17:10:00,83,
2026.07.22 17:11:00,17:11:00,80,
2026.07.22 17:12:00,17:12:00,79,
2026.07.22 17:13:00,17:13:00,77,
2026.07.22 17:14:00,17:14:00,84,
2026.07.22 17:15:00,17:15:00,74,
2026.07.22 17:16:00,17:16:00,79,
2026.07.22 17:17:00,17:17:00,77,
2026.07.22 17:18:00,17:18:00,79,
2026.07.22 17:19:00,17:19:00,75,
2026.07.22 17:20:00,17:20:00,72,
2026.07.22 17:21:00,17:21:00,73,
2026.07.22 17:22:00,17:22:00,73,
2026.07.22 17:23:00,17:23:00,73,
2026.07.22 17:24:00,17:24:00,77,
2026.07.22 17:25:00,17:25:00,74,
2026.07.22 17:26:00,17:26:00,70,
2026.07.22 17:27:00,17:27:00,78,
2026.07.22 17:28:00,17:28:00,69,
2026.07.22 17:29:00,17:29:00,67,
2026.07.22 17:30:00,17:30:00,70,
2026.07.22 17:31:00,17:31:00,70,
2026.07.22 17:32:00,17:32:00,71,
2026.07.22 17:33:00,17:33:00,80,
2026.07.22 17:34:00,17:34:00,76,
2026.07.22 17:35:00,17:35:00,74,
2026.07.22 17:36:00,17:36:00,77,
2026.07.22 17:37:00,17:37:00,75,
2026.07.22 17:38:00,17:38:00,83,
2026.07.22 17:39:00,17:39:00,95,
2026.07.22 17:40:00,17:40:00,104,
2026.07.22 17:41:00,17:41:00,99,
2026.07.22 17:42:00,17:42:00,90,
2026.07.22 17:43:00,17:43:00,92,
2026.07.22 17:44:00,17:44:00,115,
2026.07.22 17:45:00,17:45:00,94,
2026.07.22 17:46:00,17:46:00,131,
2026.07.22 17:47:00,17:47:00,135,
2026.07.22 17:48:00,17:48:00,105,
2026.07.22 17:49:00,17:49:00,94,
2026.07.22 17:50:00,17:50:00,97,
2026.07.22 17:51:00,17:51:00,103,
2026.07.22 17:52:00,17:52:00,103,
2026.07.22 17:53:00,17:53:00,98,
2026.07.22 17:54:00,17:54:00,95,
2026.07.22 17:55:00,17:55:00,99,
2026.07.22 17:56:00,17:56:00,99,
2026.07.22 18:03:00,18:03:00,87,
2026.07.22 18:04:00,18:04:00,96,
2026.07.22 18:05:00,18:05:00,99,
2026.07.22 18:06:00,18:06:00,80,
2026.07.22 18:07:00,18:07:00,83,
2026.07.22 18:08:00,18:08:00,88,
2026.07.22 18:09:00,18:09:00,91,
2026.07.22 18:10:00,18:10:00,96,
2026.07.22 18:11:00,18:11:00,96,
2026.07.22 18:12:00,18:12:00,89,
2026.07.22 18:13:00,18:13:00,89,
2026.07.22 18:14:00,18:14:00,92,
2026.07.22 18:15:00,18:15:00,89,
2026.07.22 18:16:00,18:16:00,84,
2026.07.22 18:17:00,18:17:00,90,
2026.07.22 18:18:00,18:18:00,92,
2026.07.22 18:19:00,18:19:00,86,
2026.07.22 18:20:00,18:20:00,92,
2026.07.22 18:21:00,18:21:00,91,
2026.07.22 18:22:00,18:22:00,80,
2026.07.22 18:23:00,18:23:00,79,
2026.07.22 18:24:00,18:24:00,88,
2026.07.22 18:25:00,18:25:00,88,
2026.07.22 18:26:00,18:26:00,80,
2026.07.22 18:27:00,18:27:00,87,
2026.07.22 18:28:00,18:28:00,86,
2026.07.22 18:29:00,18:29:00,85,
2026.07.22 18:30:00,18:30:00,89,
2026.07.22 18:31:00,18:31:00,81,
2026.07.22 18:32:00,18:32:00,75,
2026.07.22 18:33:00,18:33:00,85,
2026.07.22 18:34:00,18:34:00,86,
2026.07.22 18:35:00,18:35:00,84,
2026.07.22 18:36:00,18:36:00,85,
2026.07.22 18:37:00,18:37:00,84,
2026.07.22 18:38:00,18:38:00,81,
2026.07.22 18:39:00,18:39:00,85,
2026.07.22 18:40:00,18:40:00,85,
2026.07.22 18:41:00,18:41:00,84,
2026.07.22 18:42:00,18:42:00,92,
2026.07.22 18:43:00,18:43:00,72,
2026.07.22 18:44:00,18:44:00,71,
2026.07.22 18:45:00,18:45:00,94,
2026.07.22 18:46:00,18:46:00,86,
2026.07.22 18:47:00,18:47:00,81,
2026.07.22 18:48:00,18:48:00,74,
2026.07.22 18:49:00,18:49:00,83,
2026.07.22 18:50:00,18:50:00,79,
2026.07.22 18:51:00,18:51:00,76,
2026.07.22 18:52:00,18:52:00,75,
2026.07.22 18:53:00,18:53:00,79,
2026.07.22 18:54:00,18:54:00,77,
2026.07.22 18:55:00,18:55:00,75,
2026.07.22 18:56:00,18:56:00,74,
2026.07.22 18:57:00,18:57:00,78,
2026.07.22 18:58:00,18:58:00,89,
2026.07.22 18:59:00,18:59:00,76,
2026.07.22 19:00:00,19:00:00,81,
2026.07.22 19:01:00,19:01:00,74,
2026.07.22 19:02:00,19:02:00,81,
2026.07.22 19:03:00,19:03:00,83,
2026.07.22 19:04:00,19:04:00,75,
2026.07.22 19:05:00,19:05:00,77,
2026.07.22 19:06:00,19:06:00,79,
2026.07.22 19:07:00,19:07:00,81,
2026.07.22 19:08:00,19:08:00,80,
2026.07.22 19:09:00,19:09:00,78,
2026.07.22 19:10:00,19:10:00,82,
2026.07.22 19:11:00,19:11:00,82,
2026.07.22 19:12:00,19:12:00,87,
2026.07.22 19:13:00,19:13:00,79,
2026.07.22 19:14:00,19:14:00,78,
2026.07.22 19:15:00,19:15:00,81,
2026.07.22 19:16:00,19:16:00,84,
2026.07.22 19:17:00,19:17:00,83,
2026.07.22 19:18:00,19:18:00,77,
2026.07.22 19:19:00,19:19:00,76,
2026.07.22 19:20:00,19:20:00,85,
2026.07.22 19:21:00,19:21:00,78,
2026.07.22 19:22:00,19:22:00,84,
2026.07.22 19:23:00,19:23:00,81,
2026.07.22 19:24:00,19:24:00,86,
2026.07.22 19:25:00,19:25:00,93,
2026.07.22 19:26:00,19:26:00,106,
2026.07.22 19:27:00,19:27:00,84,
2026.07.22 19:28:00,19:28:00,81,
2026.07.22 19:29:00,19:29:00,80,
2026.07.22 19:30:00,19:30:00,75,
2026.07.22 19:31:00,19:31:00,74,
2026.07.22 19:32:00,19:32:00,75,
2026.07.22 19:33:00,19:33:00,86,
2026.07.22 19:34:00,19:34:00,75,
2026.07.22 19:35:00,19:35:00,97,
2026.07.22 19:36:00,19:36:00,94,
2026.07.22 19:37:00,19:37:00,92,
2026.07.22 19:38:00,19:38:00,95,
2026.07.22 19:39:00,19:39:00,84,
2026.07.22 19:40:00,19:40:00,97,
2026.07.22 19:41:00,19:41:00,108,
2026.07.22 19:42:00,19:42:00,93,
2026.07.22 19:43:00,19:43:00,99,
2026.07.22 19:44:00,19:44:00,101,
2026.07.22 19:45:00,19:45:00,104,
2026.07.22 19:46:00,19:46:00,100,
2026.07.22 19:47:00,19:47:00,95,
2026.07.22 19:48:00,19:48:00,100,
2026.07.22 19:49:00,19:49:00,94,
2026.07.22 19:50:00,19:50:00,95,
2026.07.22 19:51:00,19:51:00,92,
2026.07.22 19:52:00,19:52:00,89,
2026.07.22 19:53:00,19:53:00,90,
2026.07.22 19:54:00,19:54:00,94,
2026.07.22 19:55:00,19:55:00,101,
2026.07.22 19:56:00,19:56:00,92,
2026.07.22 19:57:00,19:57:00,96,
2026.07.22 19:58:00,19:58:00,95,
2026.07.22 19:59:00,19:59:00,93,
2026.07.22 20:00:00,20:00:00,94,
2026.07.22 20:01:00,20:01:00,92,
2026.07.22 20:02:00,20:02:00,93,
2026.07.22 20:03:00,20:03:00,90,
2026.07.22 20:04:00,20:04:00,94,
2026.07.22 20:05:00,20:05:00,94,
2026.07.22 20:06:00,20:06:00,94,
2026.07.22 20:07:00,20:07:00,92,
2026.07.22 20:08:00,20:08:00,89,
2026.07.22 20:09:00,20:09:00,88,
2026.07.22 20:10:00,20:10:00,93,
2026.07.22 20:11:00,20:11:00,87,
2026.07.22 20:12:00,20:12:00,90,
2026.07.22 20:13:00,20:13:00,90,
2026.07.22 20:14:00,20:14:00,92,
2026.07.22 20:15:00,20:15:00,92,
2026.07.22 20:16:00,20:16:00,91,
2026.07.22 20:17:00,20:17:00,92,
2026.07.22 20:18:00,20:18:00,94,
2026.07.22 20:19:00,20:19:00,96,
2026.07.22 20:20:00,20:20:00,96,
2026.07.22 20:21:00,20:21:00,92,
2026.07.22 20:22:00,20:22:00,102,
2026.07.22 20:23:00,20:23:00,90,
2026.07.22 20:24:00,20:24:00,101,
2026.07.22 20:25:00,20:25:00,95,
2026.07.22 20:26:00,20:26:00,90,
2026.07.22 20:27:00,20:27:00,92,
2026.07.22 20:28:00,20:28:00,94,
2026.07.22 20:29:00,20:29:00,96,
2026.07.22 20:30:00,20:30:00,98,
2026.07.22 20:31:00,20:31:00,92,
2026.07.22 20:32:00,20:32:00,92,
2026.07.22 20:33:00,20:33:00,95,
2026.07.22 20:34:00,20:34:00,94,
2026.07.22 20:35:00,20:35:00,91,
2026.07.22 20:36:00,20:36:00,94,
2026.07.22 20:37:00,20:37:00,87,
2026.07.22 20:38:00,20:38:00,86,
2026.07.22 20:39:00,20:39:00,82,
2026.07.22 20:40:00,20:40:00,89,
2026.07.22 20:41:00,20:41:00,86,
2026.07.22 20:42:00,20:42:00,88,
2026.07.22 20:43:00,20:43:00,93,
2026.07.22 20:44:00,20:44:00,98,
2026.07.22 20:45:00,20:45:00,90,
2026.07.22 20:46:00,20:46:00,95,
2026.07.22 20:47:00,20:47:00,99,
2026.07.22 20:48:00,20:48:00,101,
2026.07.22 20:49:00,20:49:00,103,
2026.07.22 20:50:00,20:50:00,94,
2026.07.22 20:51:00,20:51:00,90,
2026.07.22 20:52:00,20:52:00,94,
2026.07.22 20:53:00,20:53:00,90,
2026.07.22 20:54:00,20:54:00,95,
2026.07.22 20:55:00,20:55:00,99,
2026.07.22 20:56:00,20:56:00,94,
2026.07.22 20:57:00,20:57:00,94,
2026.07.22 20:58:00,20:58:00,94,
2026.07.22 20:59:00,20:59:00,92,
2026.07.22 21:00:00,21:00:00,93,
2026.07.22 21:01:00,21:01:00,92,
2026.07.22 21:02:00,21:02:00,96,
2026.07.22 21:03:00,21:03:00,94,
2026.07.22 21:04:00,21:04:00,94,
2026.07.22 21:05:00,21:05:00,89,
2026.07.22 21:06:00,21:06:00,95,
2026.07.22 21:07:00,21:07:00,91,
2026.07.22 21:08:00,21:08:00,91,
2026.07.22 21:09:00,21:09:00,91,
2026.07.22 21:10:00,21:10:00,97,
2026.07.22 21:11:00,21:11:00,94,
2026.07.22 21:12:00,21:12:00,93,
2026.07.22 21:13:00,21:13:00,83,
2026.07.22 21:14:00,21:14:00,90,
2026.07.22 21:15:00,21:15:00,87,
2026.07.22 21:16:00,21:16:00,96,
2026.07.22 21:17:00,21:17:00,87,
2026.07.22 21:18:00,21:18:00,88,
2026.07.22 21:19:00,21:19:00,78,
2026.07.22 21:20:00,21:20:00,92,
2026.07.22 21:21:00,21:21:00,73,
2026.07.22 21:22:00,21:22:00,86,
2026.07.22 21:23:00,21:23:00,81,
2026.07.22 21:24:00,21:24:00,75,
2026.07.22 21:25:00,21:25:00,76,
2026.07.22 21:26:00,21:26:00,106,
2026.07.22 21:27:00,21:27:00,86,
2026.07.22 21:28:00,21:28:00,86,
2026.07.22 21:29:00,21:29:00,82,
2026.07.22 21:30:00,21:30:00,84,
2026.07.22 21:31:00,21:31:00,82,
2026.07.22 21:32:00,21:32:00,88,
2026.07.22 21:33:00,21:33:00,89,
2026.07.22 21:34:00,21:34:00,82,
2026.07.22 21:35:00,21:35:00,84,
2026.07.22 21:36:00,21:36:00,83,
2026.07.22 21:37:00,21:37:00,79,
2026.07.22 21:38:00,21:38:00,77,
2026.07.22 21:39:00,21:39:00,81,
2026.07.22 21:40:00,21:40:00,79,
2026.07.22 21:41:00,21:41:00,87,
2026.07.22 21:42:00,21:42:00,80,
2026.07.22 21:43:00,21:43:00,78,
2026.07.22 21:44:00,21:44:00,82,
2026.07.22 21:45:00,21:45:00,83,
2026.07.22 21:46:00,21:46:00,78,
2026.07.22 21:47:00,21:47:00,77,
2026.07.22 21:48:00,21:48:00,78,
2026.07.22 21:49:00,21:49:00,73,
2026.07.22 21:50:00,21:50:00,73,
2026.07.22 21:51:00,21:51:00,78,
2026.07.22 21:52:00,21:52:00,75,
2026.07.22 21:53:00,21:53:00,82,
2026.07.22 21:54:00,21:54:00,84,
2026.07.22 21:55:00,21:55:00,81,
2026.07.22 21:56:00,21:56:00,91,
2026.07.22 21:57:00,21:57:00,89,
2026.07.22 21:58:00,21:58:00,92,
2026.07.22 21:59:00,21:59:00,91,
2026.07.22 22:00:00,22:00:00,84,
2026.07.22 22:01:00,22:01:00,87,
2026.07.22 22:02:00,22:02:00,92,
2026.07.22 22:03:00,22:03:00,79,
2026.07.22 22:04:00,22:04:00,80,
2026.07.22 22:05:00,22:05:00,83,
2026.07.22 22:06:00,22:06:00,80,
2026.07.22 22:07:00,22:07:00,89,
2026.07.22 22:08:00,22:08:00,85,
2026.07.22 22:09:00,22:09:00,77,
2026.07.22 22:10:00,22:10:00,98,
2026.07.22 22:11:00,22:11:00,76,
2026.07.22 22:12:00,22:12:00,71,
2026.07.22 22:13:00,22:13:00,71,
2026.07.22 22:14:00,22:14:00,70,
2026.07.22 22:15:00,22:15:00,71,
2026.07.22 22:16:00,22:16:00,70,
2026.07.22 22:17:00,22:17:00,73,
2026.07.22 22:18:00,22:18:00,74,
2026.07.22 22:19:00,22:19:00,77,
2026.07.22 22:20:00,22:20:00,75,
2026.07.22 22:21:00,22:21:00,72,
2026.07.22 22:22:00,22:22:00,69,
2026.07.22 22:23:00,22:23:00,71,
2026.07.22 22:24:00,22:24:00,70,
2026.07.22 22:25:00,22:25:00,68,
2026.07.22 22:26:00,22:26:00,69,
2026.07.22 22:27:00,22:27:00,65,
2026.07.22 22:28:00,22:28:00,70,
2026.07.22 22:29:00,22:29:00,72,
2026.07.22 22:30:00,22:30:00,79,
2026.07.22 22:31:00,22:31:00,81,
2026.07.22 22:32:00,22:32:00,87,
2026.07.22 22:33:00,22:33:00,72,
2026.07.22 22:34:00,22:34:00,74,
2026.07.22 22:35:00,22:35:00,68,
2026.07.22 22:36:00,22:36:00,68,
2026.07.22 22:37:00,22:37:00,67,
2026.07.22 22:38:00,22:38:00,65,
2026.07.22 22:39:00,22:39:00,63,
2026.07.22 22:40:00,22:40:00,62,
2026.07.22 22:41:00,22:41:00,61,
2026.07.22 22:42:00,22:42:00,61,
2026.07.22 22:43:00,22:43:00,61,
2026.07.22 22:44:00,22:44:00,63,
2026.07.22 22:45:00,22:45:00,68,
2026.07.22 22:46:00,22:46:00,63,
2026.07.22 22:47:00,22:47:00,64,
2026.07.22 22:48:00,22:48:00,65,
2026.07.22 22:49:00,22:49:00,75,
2026.07.22 22:50:00,22:50:00,68,
2026.07.22 22:51:00,22:51:00,66,
2026.07.22 22:52:00,22:52:00,63,
2026.07.22 22:53:00,22:53:00,63,
2026.07.22 22:54:00,22:54:00,65,
2026.07.22 22:55:00,22:55:00,60,
2026.07.22 22:56:00,22:56:00,62,
2026.07.22 22:57:00,22:57:00,61,
2026.07.22 22:58:00,22:58:00,62,
2026.07.22 22:59:00,22:59:00,62,
2026.07.22 23:00:00,23:00:00,63,
2026.07.22 23:01:00,23:01:00,63,
2026.07.22 23:02:00,23:02:00,65,
2026.07.22 23:03:00,23:03:00,64,
2026.07.22 23:04:00,23:04:00,64,
2026.07.22 23:05:00,23:05:00,64,
2026.07.22 23:06:00,23:06:00,64,
2026.07.22 23:07:00,23:07:00,64,
2026.07.22 23:08:00,23:08:00,64,
2026.07.22 23:09:00,23:09:00,63,
2026.07.22 23:10:00,23:10:00,62,
2026.07.22 23:11:00,23:11:00,64,
2026.07.22 23:12:00,23:12:00,64,
2026.07.22 23:13:00,23:13:00,55,
2026.07.22 23:14:00,23:14:00,60,
2026.07.22 23:15:00,23:15:00,61,
2026.07.22 23:16:00,23:16:00,61,
2026.07.22 23:17:00,23:17:00,62,
2026.07.22 23:18:00,23:18:00,60,
2026.07.22 23:19:00,23:19:00,60,
2026.07.22 23:20:00,23:20:00,60,
2026.07.22 23:21:00,23:21:00,60,
2026.07.22 23:22:00,23:22:00,62,
2026.07.22 23:23:00,23:23:00,64,
2026.07.22 23:24:00,23:24:00,61,
2026.07.22 23:25:00,23:25:00,62,
2026.07.22 23:26:00,23:26:00,64,
2026.07.22 23:27:00,23:27:00,62,
2026.07.22 23:28:00,23:28:00,60,
2026.07.22 23:29:00,23:29:00,61,
2026.07.22 23:30:00,23:30:00,63,
2026.07.22 23:31:00,23:31:00,63,
2026.07.22 23:32:00,23:32:00,64,
2026.07.22 23:33:00,23:33:00,63,
2026.07.22 23:34:00,23:34:00,64,
2026.07.22 23:35:00,23:35:00,64,
2026.07.22 23:36:00,23:36:00,62,
2026.07.22 23:37:00,23:37:00,62,
2026.07.22 23:38:00,23:38:00,63,
2026.07.22 23:39:00,23:39:00,62,
2026.07.22 23:40:00,23:40:00,64,
2026.07.22 23:41:00,23:41:00,64,
2026.07.22 23:42:00,23:42:00,61,
2026.07.22 23:43:00,23:43:00,63,
2026.07.22 23:44:00,23:44:00,64,
2026.07.22 23:45:00,23:45:00,70,
2026.07.22 23:46:00,23:46:00,68,
2026.07.22 23:47:00,23:47:00,71,
2026.07.22 23:48:00,23:48:00,72,
2026.07.22 23:49:00,23:49:00,68,
2026.07.22 23:50:00,23:50:00,69,
2026.07.22 23:51:00,23:51:00,69,
2026.07.22 23:52:00,23:52:00,67,
2026.07.22 23:53:00,23:53:00,74,
2026.07.22 23:54:00,23:54:00,62,
2026.07.22 23:55:00,23:55:00,66,
2026.07.22 23:56:00,23:56:00,67,
2026.07.22 23:57:00,23:57:00,66,
2026.07.22 23:58:00,23:58:00,64,
2026.07.22 23:59:00,23:59:00,65,
2026.07.23 00:00:00,00:00:00,69,
2026.07.23 00:01:00,00:01:00,62,
2026.07.23 00:02:00,00:02:00,62,
2026.07.23 00:03:00,00:03:00,62,
2026.07.23 00:04:00,00:04:00,64,
2026.07.23 00:05:00,00:05:00,62,
2026.07.23 00:06:00,00:06:00,61,
2026.07.23 00:07:00,00:07:00,62,
2026.07.23 00:08:00,00:08:00,62,
2026.07.23 00:09:00,00:09:00,64,
2026.07.23 00:10:00,00:10:00,64,
2026.07.23 00:11:00,00:11:00,60,
2026.07.23 00:12:00,00:12:00,79,
2026.07.23 00:13:00,00:13:00,56,
2026.07.23 00:14:00,00:14:00,52,
2026.07.23 00:15:00,00:15:00,56,
2026.07.23 00:16:00,00:16:00,59,
2026.07.23 00:17:00,00:17:00,60,
2026.07.23 00:18:00,00:18:00,60,
2026.07.23 00:19:00,00:19:00,62,
2026.07.23 00:20:00,00:20:00,61,
2026.07.23 00:21:00,00:21:00,62,
2026.07.23 00:22:00,00:22:00,61,
2026.07.23 00:23:00,00:23:00,62,
2026.07.23 00:24:00,00:24:00,62,
2026.07.23 00:25:00,00:25:00,63,
2026.07.23 00:26:00,00:26:00,63,
2026.07.23 00:27:00,00:27:00,62,
2026.07.23 00:28:00,00:28:00,62,
2026.07.23 00:29:00,00:29:00,62,
2026.07.23 00:30:00,00:30:00,60,
2026.07.23 00:31:00,00:31:00,62,
2026.07.23 00:32:00,00:32:00,59,
2026.07.23 00:33:00,00:33:00,58,
2026.07.23 00:34:00,00:34:00,59,
2026.07.23 00:35:00,00:35:00,83,
2026.07.23 00:36:00,00:36:00,59,
2026.07.23 00:37:00,00:37:00,62,
2026.07.23 00:38:00,00:38:00,61,
2026.07.23 00:39:00,00:39:00,66,
2026.07.23 00:40:00,00:40:00,65,
2026.07.23 00:41:00,00:41:00,65,
2026.07.23 00:42:00,00:42:00,62,
2026.07.23 00:43:00,00:43:00,66,
2026.07.23 00:44:00,00:44:00,66,
2026.07.23 00:45:00,00:45:00,63,
2026.07.23 00:46:00,00:46:00,65,
2026.07.23 00:47:00,00:47:00,64,
2026.07.23 00:48:00,00:48:00,66,
2026.07.23 00:49:00,00:49:00,66,
2026.07.23 00:50:00,00:50:00,65,
2026.07.23 00:51:00,00:51:00,66,
2026.07.23 00:52:00,00:52:00,64,
2026.07.23 00:53:00,00:53:00,64,
2026.07.23 00:54:00,00:54:00,64,
2026.07.23 00:55:00,00:55:00,66,
2026.07.23 00:56:00,00:56:00,66,
2026.07.23 00:57:00,00:57:00,68,
2026.07.23 00:58:00,00:58:00,65,
2026.07.23 00:59:00,00:59:00,65,
2026.07.23 01:00:00,01:00:00,66,
2026.07.23 01:01:00,01:01:00,64,
2026.07.23 01:02:00,01:02:00,64,
2026.07.23 01:03:00,01:03:00,65,
2026.07.23 01:04:00,01:04:00,65,
2026.07.23 01:05:00,01:05:00,65,
2026.07.23 01:06:00,01:06:00,65,
2026.07.23 01:07:00,01:07:00,66,
2026.07.23 01:08:00,01:08:00,87,
2026.07.23 01:09:00,01:09:00,94,
2026.07.23 01:10:00,01:10:00,54,
2026.07.23 01:11:00,01:11:00,56,
2026.07.23 01:12:00,01:12:00,82,
2026.07.23 01:13:00,01:13:00,59,
2026.07.23 01:14:00,01:14:00,55,
2026.07.23 01:15:00,01:15:00,50,
2026.07.23 01:16:00,01:16:00,54,
2026.07.23 01:17:00,01:17:00,54,
2026.07.23 01:18:00,01:18:00,54,
2026.07.23 01:19:00,01:19:00,55,
2026.07.23 01:20:00,01:20:00,55,
2026.07.23 01:21:00,01:21:00,55,
2026.07.23 01:22:00,01:22:00,56,
2026.07.23 01:23:00,01:23:00,54,
2026.07.23 01:24:00,01:24:00,54,
2026.07.23 01:25:00,01:25:00,54,
2026.07.23 01:26:00,01:26:00,55,
2026.07.23 01:27:00,01:27:00,55,
2026.07.23 01:28:00,01:28:00,58,
2026.07.23 01:29:00,01:29:00,58,
2026.07.23 01:30:00,01:30:00,57,
2026.07.23 01:31:00,01:31:00,57,
2026.07.23 01:32:00,01:32:00,58,
2026.07.23 01:33:00,01:33:00,56,
2026.07.23 01:34:00,01:34:00,58,
2026.07.23 01:35:00,01:35:00,58,
2026.07.23 01:36:00,01:36:00,56,
2026.07.23 01:37:00,01:37:00,58,
2026.07.23 01:38:00,01:38:00,58,
2026.07.23 01:39:00,01:39:00,59,
2026.07.23 01:40:00,01:40:00,55,
2026.07.23 01:41:00,01:41:00,58,
2026.07.23 01:42:00,01:42:00,58,
2026.07.23 01:43:00,01:43:00,56,
2026.07.23 01:44:00,01:44:00,58,
2026.07.23 01:45:00,01:45:00,58,
2026.07.23 01:46:00,01:46:00,57,
2026.07.23 01:47:00,01:47:00,56,
2026.07.23 01:48:00,01:48:00,53,
2026.07.23 01:49:00,01:49:00,57,
2026.07.23 01:50:00,01:50:00,65,
2026.07.23 01:51:00,01:51:00,62,
2026.07.23 01:52:00,01:52:00,67,
2026.07.23 01:53:00,01:53:00,63,
2026.07.23 01:54:00,01:54:00,59,
2026.07.23 01:55:00,01:55:00,62,
2026.07.23 01:56:00,01:56:00,67,
2026.07.23 01:57:00,01:57:00,63,
2026.07.23 01:58:00,01:58:00,66,
2026.07.23 01:59:00,01:59:00,64,
2026.07.23 02:00:00,02:00:00,66,
2026.07.23 02:01:00,02:01:00,66,
2026.07.23 02:02:00,02:02:00,64,
2026.07.23 02:03:00,02:03:00,66,
2026.07.23 02:04:00,02:04:00,70,
2026.07.23 02:05:00,02:05:00,66,
2026.07.23 02:06:00,02:06:00,61,
2026.07.23 02:07:00,02:07:00,66,
2026.07.23 02:08:00,02:08:00,67,
2026.07.23 02:09:00,02:09:00,64,
2026.07.23 02:10:00,02:10:00,66,
2026.07.23 02:11:00,02:11:00,65,
2026.07.23 02:12:00,02:12:00,68,
2026.07.23 02:13:00,02:13:00,81,
2026.07.23 02:14:00,02:14:00,63,
2026.07.23 02:15:00,02:15:00,69,
2026.07.23 02:16:00,02:16:00,67,
2026.07.23 02:17:00,02:17:00,63,
2026.07.23 02:18:00,02:18:00,70,
2026.07.23 02:19:00,02:19:00,58,
2026.07.23 02:20:00,02:20:00,64,
2026.07.23 02:21:00,02:21:00,60,
2026.07.23 02:22:00,02:22:00,57,
2026.07.23 02:23:00,02:23:00,61,
2026.07.23 02:24:00,02:24:00,59,
2026.07.23 02:25:00,02:25:00,62,
2026.07.23 02:26:00,02:26:00,60,
2026.07.23 02:27:00,02:27:00,58,
2026.07.23 02:28:00,02:28:00,56,
2026.07.23 02:29:00,02:29:00,57,
2026.07.23 02:30:00,02:30:00,59,
2026.07.23 02:31:00,02:31:00,60,
2026.07.23 02:32:00,02:32:00,60,
2026.07.23 02:33:00,02:33:00,60,
2026.07.23 02:34:00,02:34:00,59,
2026.07.23 02:35:00,02:35:00,59,
2026.07.23 02:36:00,02:36:00,60,
2026.07.23 02:37:00,02:37:00,60,
2026.07.23 02:38:00,02:38:00,60,
2026.07.23 02:39:00,02:39:00,61,
2026.07.23 02:40:00,02:40:00,61,
2026.07.23 02:41:00,02:41:00,61,
2026.07.23 02:42:00,02:42:00,60,
2026.07.23 02:43:00,02:43:00,62,
2026.07.23 02:44:00,02:44:00,61,
2026.07.23 02:45:00,02:45:00,61,
2026.07.23 02:46:00,02:46:00,60,
2026.07.23 02:47:00,02:47:00,62,
2026.07.23 02:48:00,02:48:00,62,
2026.07.23 02:49:00,02:49:00,62,
2026.07.23 02:50:00,02:50:00,64,
2026.07.23 02:51:00,02:51:00,62,
2026.07.23 02:52:00,02:52:00,62,
2026.07.23 02:53:00,02:53:00,62,
2026.07.23 02:54:00,02:54:00,61,
2026.07.23 02:55:00,02:55:00,60,
2026.07.23 02:56:00,02:56:00,61,
2026.07.23 02:57:00,02:57:00,62,
2026.07.23 02:58:00,02:58:00,62,
2026.07.23 02:59:00,02:59:00,64,
2026.07.23 03:00:00,03:00:00,63,
2026.07.23 03:01:00,03:01:00,63,
2026.07.23 03:02:00,03:02:00,61,
2026.07.23 03:03:00,03:03:00,65,
2026.07.23 03:04:00,03:04:00,65,
2026.07.23 03:05:00,03:05:00,62,
2026.07.23 03:06:00,03:06:00,62,
2026.07.23 03:07:00,03:07:00,72,
2026.07.23 03:08:00,03:08:00,57,
2026.07.23 03:09:00,03:09:00,54,
2026.07.23 03:10:00,03:10:00,60,
2026.07.23 03:11:00,03:11:00,58,
2026.07.23 03:12:00,03:12:00,61,
2026.07.23 03:13:00,03:13:00,60,
2026.07.23 03:14:00,03:14:00,52,
2026.07.23 03:15:00,03:15:00,55,
2026.07.23 03:16:00,03:16:00,65,
2026.07.23 03:17:00,03:17:00,57,
2026.07.23 03:18:00,03:18:00,54,
2026.07.23 03:19:00,03:19:00,53,
2026.07.23 03:20:00,03:20:00,54,
2026.07.23 03:21:00,03:21:00,55,
2026.07.23 03:22:00,03:22:00,56,
2026.07.23 03:23:00,03:23:00,56,
2026.07.23 03:24:00,03:24:00,55,
2026.07.23 03:25:00,03:25:00,55,
2026.07.23 03:26:00,03:26:00,58,
2026.07.23 03:27:00,03:27:00,56,
2026.07.23 03:28:00,03:28:00,57,
2026.07.23 03:29:00,03:29:00,58,
2026.07.23 03:30:00,03:30:00,56,
2026.07.23 03:31:00,03:31:00,57,
2026.07.23 03:32:00,03:32:00,57,
2026.07.23 03:33:00,03:33:00,51,
2026.07.23 03:34:00,03:34:00,53,
2026.07.23 03:35:00,03:35:00,54,
2026.07.23 03:36:00,03:36:00,53,
2026.07.23 03:37:00,03:37:00,56,
2026.07.23 03:38:00,03:38:00,58,
2026.07.23 03:39:00,03:39:00,57,
2026.07.23 03:40:00,03:40:00,56,
2026.07.23 03:41:00,03:41:00,57,
2026.07.23 03:42:00,03:42:00,55,
2026.07.23 03:43:00,03:43:00,54,
2026.07.23 03:44:00,03:44:00,55,
2026.07.23 03:45:00,03:45:00,57,
2026.07.23 03:46:00,03:46:00,56,
2026.07.23 03:47:00,03:47:00,55,
2026.07.23 03:48:00,03:48:00,56,
2026.07.23 03:49:00,03:49:00,56,
2026.07.23 03:50:00,03:50:00,58,
2026.07.23 03:51:00,03:51:00,57,
2026.07.23 03:52:00,03:52:00,57,
2026.07.23 03:53:00,03:53:00,56,
2026.07.23 03:54:00,03:54:00,59,
2026.07.23 03:55:00,03:55:00,50,
2026.07.23 03:56:00,03:56:00,49,
2026.07.23 03:57:00,03:57:00,51,
2026.07.23 03:58:00,03:58:00,54,
2026.07.23 03:59:00,03:59:00,53,
2026.07.23 04:00:00,04:00:00,56,
2026.07.23 04:01:00,04:01:00,57,
2026.07.23 04:02:00,04:02:00,59,
2026.07.23 04:03:00,04:03:00,54,
2026.07.23 04:04:00,04:04:00,57,
2026.07.23 04:05:00,04:05:00,58,
2026.07.23 04:06:00,04:06:00,59,
2026.07.23 04:07:00,04:07:00,60,
2026.07.23 04:08:00,04:08:00,58,
2026.07.23 04:09:00,04:09:00,60,
2026.07.23 04:10:00,04:10:00,61,
2026.07.23 04:11:00,04:11:00,64,
2026.07.23 04:12:00,04:12:00,66,
2026.07.23 04:13:00,04:13:00,64,
2026.07.23 04:14:00,04:14:00,67,
2026.07.23 04:15:00,04:15:00,65,
2026.07.23 04:16:00,04:16:00,58,
2026.07.23 04:17:00,04:17:00,59,
2026.07.23 04:18:00,04:18:00,59,
2026.07.23 04:19:00,04:19:00,59,
2026.07.23 04:20:00,04:20:00,59,
2026.07.23 04:21:00,04:21:00,63,
2026.07.23 04:22:00,04:22:00,58,
2026.07.23 04:23:00,04:23:00,54,
2026.07.23 04:24:00,04:24:00,55,
2026.07.23 04:25:00,04:25:00,55,
2026.07.23 04:26:00,04:26:00,51,
2026.07.23 04:27:00,04:27:00,57,
2026.07.23 04:28:00,04:28:00,61,
2026.07.23 04:29:00,04:29:00,53,
2026.07.23 04:30:00,04:30:00,54,
2026.07.23 04:31:00,04:31:00,67,
2026.07.23 04:32:00,04:32:00,53,
2026.07.23 04:33:00,04:33:00,51,
2026.07.23 04:34:00,04:34:00,53,
2026.07.23 04:35:00,04:35:00,57,
2026.07.23 04:36:00,04:36:00,55,
2026.07.23 04:37:00,04:37:00,55,
2026.07.23 04:38:00,04:38:00,55,
2026.07.23 04:39:00,04:39:00,57,
2026.07.23 04:40:00,04:40:00,58,
2026.07.23 04:41:00,04:41:00,57,
2026.07.23 04:42:00,04:42:00,61,
2026.07.23 04:43:00,04:43:00,58,
2026.07.23 04:44:00,04:44:00,61,
2026.07.23 04:45:00,04:45:00,63,
2026.07.23 04:46:00,04:46:00,60,
2026.07.23 04:47:00,04:47:00,58,
2026.07.23 04:48:00,04:48:00,54,
2026.07.23 04:49:00,04:49:00,54,
2026.07.23 04:50:00,04:50:00,64,
2026.07.23 04:51:00,04:51:00,64,
2026.07.23 04:52:00,04:52:00,62,
2026.07.23 04:53:00,04:53:00,58,
2026.07.23 04:54:00,04:54:00,58,
2026.07.23 04:55:00,04:55:00,59,
2026.07.23 04:56:00,04:56:00,60,
2026.07.23 04:57:00,04:57:00,56,
2026.07.23 04:58:00,04:58:00,61,
2026.07.23 04:59:00,04:59:00,57,
2026.07.23 05:00:00,05:00:00,60,
2026.07.23 05:01:00,05:01:00,59,
2026.07.23 05:02:00,05:02:00,54,
2026.07.23 05:03:00,05:03:00,57,
2026.07.23 05:04:00,05:04:00,55,
2026.07.23 05:05:00,05:05:00,54,
2026.07.23 05:06:00,05:06:00,57,
2026.07.23 05:07:00,05:07:00,57,
2026.07.23 05:08:00,05:08:00,55,
2026.07.23 05:09:00,05:09:00,60,
2026.07.23 05:10:00,05:10:00,59,
2026.07.23 05:11:00,05:11:00,59,
2026.07.23 05:12:00,05:12:00,59,
2026.07.23 05:13:00,05:13:00,58,
2026.07.23 05:14:00,05:14:00,58,
2026.07.23 05:15:00,05:15:00,59,
2026.07.23 05:16:00,05:16:00,58,
2026.07.23 05:17:00,05:17:00,62,
2026.07.23 05:18:00,05:18:00,60,
2026.07.23 05:19:00,05:19:00,59,
2026.07.23 05:20:00,05:20:00,62,
2026.07.23 05:21:00,05:21:00,60,
2026.07.23 05:22:00,05:22:00,61,
2026.07.23 05:23:00,05:23:00,63,
2026.07.23 05:24:00,05:24:00,81,
2026.07.23 05:25:00,05:25:00,57,
2026.07.23 05:26:00,05:26:00,61,
2026.07.23 05:27:00,05:27:00,62,
2026.07.23 05:28:00,05:28:00,66,
2026.07.23 05:29:00,05:29:00,69,
2026.07.23 05:30:00,05:30:00,68,
2026.07.23 05:31:00,05:31:00,68,
2026.07.23 05:32:00,05:32:00,60,
2026.07.23 05:33:00,05:33:00,59,
2026.07.23 05:34:00,05:34:00,59,
2026.07.23 05:35:00,05:35:00,62,
2026.07.23 05:36:00,05:36:00,57,
2026.07.23 05:37:00,05:37:00,64,
2026.07.23 05:38:00,05:38:00,56,
2026.07.23 05:39:00,05:39:00,57,
2026.07.23 05:40:00,05:40:00,71,
2026.07.23 05:41:00,05:41:00,58,
2026.07.23 05:42:00,05:42:00,64,
2026.07.23 05:43:00,05:43:00,65,
2026.07.23 05:44:00,05:44:00,64,
2026.07.23 05:45:00,05:45:00,64,
2026.07.23 05:46:00,05:46:00,66,
2026.07.23 05:47:00,05:47:00,61,
2026.07.23 05:48:00,05:48:00,65,
2026.07.23 05:49:00,05:49:00,61,
2026.07.23 05:50:00,05:50:00,62,
2026.07.23 05:51:00,05:51:00,65,
2026.07.23 05:52:00,05:52:00,65,
2026.07.23 05:53:00,05:53:00,66,
2026.07.23 05:54:00,05:54:00,62,
2026.07.23 05:55:00,05:55:00,65,
2026.07.23 05:56:00,05:56:00,63,
2026.07.23 05:57:00,05:57:00,63,
2026.07.23 05:58:00,05:58:00,60,
2026.07.23 05:59:00,05:59:00,65,
2026.07.23 06:00:00,06:00:00,65,
2026.07.23 06:01:00,06:01:00,70,
2026.07.23 06:02:00,06:02:00,66,
2026.07.23 06:03:00,06:03:00,59,
2026.07.23 06:04:00,06:04:00,57,
2026.07.23 06:05:00,06:05:00,59,
2026.07.23 06:06:00,06:06:00,61,
2026.07.23 06:07:00,06:07:00,66,
2026.07.23 06:08:00,06:08:00,60,
2026.07.23 06:09:00,06:09:00,59,
2026.07.23 06:10:00,06:10:00,57,
2026.07.23 06:11:00,06:11:00,62,
2026.07.23 06:12:00,06:12:00,60,
2026.07.23 06:13:00,06:13:00,60,
2026.07.23 06:14:00,06:14:00,59,
2026.07.23 06:15:00,06:15:00,82,
2026.07.23 06:16:00,06:16:00,72,
2026.07.23 06:17:00,06:17:00,68,
2026.07.23 06:18:00,06:18:00,74,
2026.07.23 06:19:00,06:19:00,95,
2026.07.23 06:20:00,06:20:00,100,
2026.07.23 06:21:00,06:21:00,102,
2026.07.23 06:22:00,06:22:00,84,
2026.07.23 06:23:00,06:23:00,85,
2026.07.23 06:24:00,06:24:00,94,
2026.07.23 06:25:00,06:25:00,90,
2026.07.23 06:26:00,06:26:00,89,
2026.07.23 06:27:00,06:27:00,85,
2026.07.23 06:28:00,06:28:00,92,
2026.07.23 06:29:00,06:29:00,90,
2026.07.23 06:30:00,06:30:00,82,
2026.07.23 06:31:00,06:31:00,86,
2026.07.23 06:32:00,06:32:00,78,
2026.07.23 06:33:00,06:33:00,83,
2026.07.23 06:34:00,06:34:00,78,
2026.07.23 06:35:00,06:35:00,73,
2026.07.23 06:36:00,06:36:00,76,
2026.07.23 06:37:00,06:37:00,72,
2026.07.23 06:38:00,06:38:00,85,
2026.07.23 06:39:00,06:39:00,86,
2026.07.23 06:40:00,06:40:00,87,
2026.07.23 06:41:00,06:41:00,82,
2026.07.23 06:42:00,06:42:00,94,
2026.07.23 06:43:00,06:43:00,102,
2026.07.23 06:44:00,06:44:00,103,
2026.07.23 06:45:00,06:45:00,81,
2026.07.23 06:46:00,06:46:00,91,
2026.07.23 06:47:00,06:47:00,83,
2026.07.23 06:48:00,06:48:00,82,
2026.07.23 06:49:00,06:49:00,81,
2026.07.23 06:50:00,06:50:00,88,
2026.07.23 06:51:00,06:51:00,88,
2026.07.23 06:52:00,06:52:00,95,
2026.07.23 06:53:00,06:53:00,97,
2026.07.23 06:54:00,06:54:00,94,
2026.07.23 06:55:00,06:55:00,95,
2026.07.23 06:56:00,06:56:00,94,
2026.07.23 06:57:00,06:57:00,92,
2026.07.23 06:58:00,06:58:00,111,
2026.07.23 06:59:00,06:59:00,98,
2026.07.23 07:00:00,07:00:00,102,
2026.07.23 07:01:00,07:01:00,102,
2026.07.23 07:02:00,07:02:00,113,
2026.07.23 07:03:00,07:03:00,108,
2026.07.23 07:04:00,07:04:00,114,
2026.07.23 07:05:00,07:05:00,109,
2026.07.23 07:06:00,07:06:00,107,
2026.07.23 07:07:00,07:07:00,130,
2026.07.23 07:08:00,07:08:00,102,
2026.07.23 07:09:00,07:09:00,90,
2026.07.23 07:10:00,07:10:00,97,
2026.07.23 07:11:00,07:11:00,101,
2026.07.23 07:12:00,07:12:00,98,
2026.07.23 07:13:00,07:13:00,107,
2026.07.23 07:14:00,07:14:00,89,
2026.07.23 07:15:00,07:15:00,89,
2026.07.23 07:16:00,07:16:00,101,
2026.07.23 07:17:00,07:17:00,90,
2026.07.23 07:18:00,07:18:00,95,
2026.07.23 07:19:00,07:19:00,95,
2026.07.23 07:20:00,07:20:00,95,
2026.07.23 07:21:00,07:21:00,94,
2026.07.23 07:22:00,07:22:00,95,
2026.07.23 07:23:00,07:23:00,94,
2026.07.23 07:24:00,07:24:00,96,
2026.07.23 07:25:00,07:25:00,110,
2026.07.23 07:26:00,07:26:00,108,
2026.07.23 07:27:00,07:27:00,107,
2026.07.23 07:28:00,07:28:00,107,
2026.07.23 07:29:00,07:29:00,101,
2026.07.23 07:30:00,07:30:00,101,
2026.07.23 07:31:00,07:31:00,103,
2026.07.23 07:32:00,07:32:00,103,
2026.07.23 07:33:00,07:33:00,102,
2026.07.23 07:34:00,07:34:00,101,
2026.07.23 07:35:00,07:35:00,110,
2026.07.23 07:36:00,07:36:00,102,
2026.07.23 07:37:00,07:37:00,105,
2026.07.23 07:38:00,07:38:00,107,
2026.07.23 07:39:00,07:39:00,98,
2026.07.23 07:40:00,07:40:00,103,
2026.07.23 07:41:00,07:41:00,103,
2026.07.23 07:42:00,07:42:00,103,
2026.07.23 07:43:00,07:43:00,115,
2026.07.23 07:44:00,07:44:00,102,
2026.07.23 07:45:00,07:45:00,99,
2026.07.23 07:46:00,07:46:00,107,
2026.07.23 07:47:00,07:47:00,97,
2026.07.23 07:48:00,07:48:00,105,
2026.07.23 07:49:00,07:49:00,115,
2026.07.23 07:50:00,07:50:00,110,
2026.07.23 07:51:00,07:51:00,104,
2026.07.23 07:52:00,07:52:00,102,
2026.07.23 07:53:00,07:53:00,89,
2026.07.23 07:54:00,07:54:00,106,
2026.07.23 07:55:00,07:55:00,102,
2026.07.23 07:56:00,07:56:00,105,
2026.07.23 07:57:00,07:57:00,102,
2026.07.23 07:58:00,07:58:00,93,
2026.07.23 07:59:00,07:59:00,96,
2026.07.23 08:00:00,08:00:00,92,
2026.07.23 08:01:00,08:01:00,95,
2026.07.23 08:02:00,08:02:00,94,
2026.07.23 08:03:00,08:03:00,95,
2026.07.23 08:04:00,08:04:00,95,
2026.07.23 08:05:00,08:05:00,94,
2026.07.23 08:06:00,08:06:00,94,
2026.07.23 08:07:00,08:07:00,98,
2026.07.23 08:08:00,08:08:00,95,
2026.07.23 08:09:00,08:09:00,93,
2026.07.23 08:10:00,08:10:00,89,
2026.07.23 08:11:00,08:11:00,95,
2026.07.23 08:12:00,08:12:00,105,
2026.07.23 08:13:00,08:13:00,99,
2026.07.23 08:14:00,08:14:00,102,
2026.07.23 08:15:00,08:15:00,88,
2026.07.23 08:16:00,08:16:00,101,
2026.07.23 08:17:00,08:17:00,105,
2026.07.23 08:18:00,08:18:00,116,
2026.07.23 08:19:00,08:19:00,108,
2026.07.23 08:20:00,08:20:00,105,
2026.07.23 08:21:00,08:21:00,110,
2026.07.23 08:22:00,08:22:00,105,
2026.07.23 08:23:00,08:23:00,104,
2026.07.23 08:24:00,08:24:00,106,
2026.07.23 08:25:00,08:25:00,97,
2026.07.23 08:26:00,08:26:00,100,
2026.07.23 08:27:00,08:27:00,96,
2026.07.23 08:28:00,08:28:00,93,
2026.07.23 08:29:00,08:29:00,102,
2026.07.23 08:30:00,08:30:00,101,
2026.07.23 08:31:00,08:31:00,105,
2026.07.23 08:32:00,08:32:00,103,
2026.07.23 08:33:00,08:33:00,100,
2026.07.23 08:34:00,08:34:00,110,
2026.07.23 08:35:00,08:35:00,106,
2026.07.23 08:36:00,08:36:00,106,
2026.07.23 08:37:00,08:37:00,118,
2026.07.23 08:38:00,08:38:00,108,
2026.07.23 08:39:00,08:39:00,109,
2026.07.23 08:40:00,08:40:00,115,
2026.07.23 08:41:00,08:41:00,111,
2026.07.23 08:42:00,08:42:00,105,
2026.07.23 08:43:00,08:43:00,94,
2026.07.23 08:44:00,08:44:00,109,
2026.07.23 08:45:00,08:45:00,118,
2026.07.23 08:46:00,08:46:00,120,
2026.07.23 08:47:00,08:47:00,114,
2026.07.23 08:48:00,08:48:00,113,
2026.07.23 08:49:00,08:49:00,117,
2026.07.23 08:50:00,08:50:00,122,
2026.07.23 08:51:00,08:51:00,122,
2026.07.23 08:52:00,08:52:00,121,
2026.07.23 08:53:00,08:53:00,125,
2026.07.23 08:54:00,08:54:00,136,
2026.07.23 08:55:00,08:55:00,123,
2026.07.23 08:56:00,08:56:00,128,
2026.07.23 08:57:00,08:57:00,128,
2026.07.23 08:58:00,08:58:00,126,
2026.07.23 08:59:00,08:59:00,115,
2026.07.23 09:00:00,09:00:00,117,
2026.07.23 09:01:00,09:01:00,124,
2026.07.23 09:02:00,09:02:00,109,
2026.07.23 09:03:00,09:03:00,115,
2026.07.23 09:04:00,09:04:00,117,
2026.07.23 09:05:00,09:05:00,112,
2026.07.23 09:06:00,09:06:00,104,
2026.07.23 09:07:00,09:07:00,116,
2026.07.23 09:08:00,09:08:00,108,
2026.07.23 09:09:00,09:09:00,106,
2026.07.23 09:10:00,09:10:00,102,
2026.07.23 09:11:00,09:11:00,103,
2026.07.23 09:12:00,09:12:00,105,
2026.07.23 09:13:00,09:13:00,99,
2026.07.23 09:14:00,09:14:00,100,
2026.07.23 09:15:00,09:15:00,100,
2026.07.23 09:16:00,09:16:00,104,
2026.07.23 09:17:00,09:17:00,102,
2026.07.23 09:18:00,09:18:00,98,
2026.07.23 09:19:00,09:19:00,95,
2026.07.23 09:20:00,09:20:00,99,
2026.07.23 09:21:00,09:21:00,96,
2026.07.23 09:22:00,09:22:00,104,
2026.07.23 09:23:00,09:23:00,96,
2026.07.23 09:24:00,09:24:00,95,
2026.07.23 09:25:00,09:25:00,92,
2026.07.23 09:26:00,09:26:00,94,
2026.07.23 09:27:00,09:27:00,93,
2026.07.23 09:28:00,09:28:00,93,
2026.07.23 09:29:00,09:29:00,95,
2026.07.23 09:30:00,09:30:00,92,
2026.07.23 09:31:00,09:31:00,95,
2026.07.23 09:32:00,09:32:00,92,
2026.07.23 09:33:00,09:33:00,91,
2026.07.23 09:34:00,09:34:00,94,
2026.07.23 09:35:00,09:35:00,88,
2026.07.23 09:36:00,09:36:00,93,
2026.07.23 09:37:00,09:37:00,93,
2026.07.23 09:38:00,09:38:00,90,
2026.07.23 09:39:00,09:39:00,88,
2026.07.23 09:40:00,09:40:00,94,
2026.07.23 09:41:00,09:41:00,93,
2026.07.23 09:42:00,09:42:00,88,
2026.07.23 09:43:00,09:43:00,91,
2026.07.23 09:44:00,09:44:00,94,
2026.07.23 09:45:00,09:45:00,90,
2026.07.23 09:46:00,09:46:00,92,
2026.07.23 09:47:00,09:47:00,86,
2026.07.23 09:48:00,09:48:00,92,
2026.07.23 09:49:00,09:49:00,93,
2026.07.23 09:50:00,09:50:00,86,
2026.07.23 09:51:00,09:51:00,92,
2026.07.23 09:52:00,09:52:00,89,
2026.07.23 09:53:00,09:53:00,91,
2026.07.23 09:54:00,09:54:00,89,
2026.07.23 09:55:00,09:55:00,87,
2026.07.23 09:56:00,09:56:00,92,
2026.07.23 09:57:00,09:57:00,93,
2026.07.23 09:58:00,09:58:00,90,
2026.07.23 09:59:00,09:59:00,89,
2026.07.23 10:00:00,10:00:00,89,
2026.07.23 10:01:00,10:01:00,92,
2026.07.23 10:02:00,10:02:00,91,
2026.07.23 10:03:00,10:03:00,88,
2026.07.23 10:04:00,10:04:00,90,
2026.07.23 10:05:00,10:05:00,89,
2026.07.23 10:06:00,10:06:00,90,
2026.07.23 10:07:00,10:07:00,88,
2026.07.23 10:08:00,10:08:00,89,
2026.07.23 10:09:00,10:09:00,95,
2026.07.23 10:10:00,10:10:00,91,
2026.07.23 10:11:00,10:11:00,86,
2026.07.23 10:12:00,10:12:00,89,
2026.07.23 10:13:00,10:13:00,88,
2026.07.23 10:14:00,10:14:00,87,
2026.07.23 10:15:00,10:15:00,86,
2026.07.23 10:16:00,10:16:00,85,
2026.07.23 10:17:00,10:17:00,85,
2026.07.23 10:18:00,10:18:00,89,
2026.07.23 10:19:00,10:19:00,92,
2026.07.23 10:20:00,10:20:00,95,
2026.07.23 10:21:00,10:21:00,99,
2026.07.23 10:22:00,10:22:00,125,
2026.07.23 10:23:00,10:23:00,107,
2026.07.23 10:24:00,10:24:00,110,
2026.07.23 10:25:00,10:25:00,106,
2026.07.23 10:26:00,10:26:00,102,
2026.07.23 10:27:00,10:27:00,106,
2026.07.23 10:28:00,10:28:00,100,
2026.07.23 10:29:00,10:29:00,109,
2026.07.23 10:30:00,10:30:00,106,
2026.07.23 10:31:00,10:31:00,104,
2026.07.23 10:32:00,10:32:00,101,
2026.07.23 10:33:00,10:33:00,93,
2026.07.23 10:34:00,10:34:00,90,
2026.07.23 10:35:00,10:35:00,87,
2026.07.23 10:36:00,10:36:00,83,
2026.07.23 10:37:00,10:37:00,89,
2026.07.23 10:38:00,10:38:00,85,
2026.07.23 10:39:00,10:39:00,86,
2026.07.23 10:40:00,10:40:00,84,
2026.07.23 10:41:00,10:41:00,87,
2026.07.23 10:42:00,10:42:00,84,
2026.07.23 10:43:00,10:43:00,83,
2026.07.23 10:44:00,10:44:00,87,
2026.07.23 10:45:00,10:45:00,84,
2026.07.23 10:46:00,10:46:00,81,
2026.07.23 10:47:00,10:47:00,83,
2026.07.23 10:48:00,10:48:00,82,
2026.07.23 10:49:00,10:49:00,86,
2026.07.23 10:50:00,10:50:00,83,
2026.07.23 10:51:00,10:51:00,78,
2026.07.23 10:52:00,10:52:00,82,
2026.07.23 10:53:00,10:53:00,81,
2026.07.23 10:54:00,10:54:00,82,
2026.07.23 10:55:00,10:55:00,85,
2026.07.23 10:56:00,10:56:00,86,
2026.07.23 10:57:00,10:57:00,87,
2026.07.23 10:58:00,10:58:00,89,
2026.07.23 10:59:00,10:59:00,91,
2026.07.23 11:00:00,11:00:00,87,
2026.07.23 11:01:00,11:01:00,88,
2026.07.23 11:02:00,11:02:00,90,
2026.07.23 11:03:00,11:03:00,83,
2026.07.23 11:04:00,11:04:00,82,
2026.07.23 11:05:00,11:05:00,80,
2026.07.23 11:06:00,11:06:00,82,
2026.07.23 11:07:00,11:07:00,83,
2026.07.23 11:08:00,11:08:00,81,
2026.07.23 11:09:00,11:09:00,81,
2026.07.23 11:10:00,11:10:00,83,
2026.07.23 11:11:00,11:11:00,83,
2026.07.23 11:12:00,11:12:00,87,
2026.07.23 11:13:00,11:13:00,82,
2026.07.23 11:14:00,11:14:00,83,
2026.07.23 11:15:00,11:15:00,86,
2026.07.23 11:16:00,11:16:00,87,
2026.07.23 11:17:00,11:17:00,85,
2026.07.23 11:18:00,11:18:00,84,
2026.07.23 11:19:00,11:19:00,81,
2026.07.23 11:20:00,11:20:00,83,
2026.07.23 11:21:00,11:21:00,83,
2026.07.23 11:22:00,11:22:00,85,
2026.07.23 11:23:00,11:23:00,87,
2026.07.23 11:24:00,11:24:00,89,
2026.07.23 11:25:00,11:25:00,92,
2026.07.23 11:26:00,11:26:00,82,
2026.07.23 11:27:00,11:27:00,87,
2026.07.23 11:28:00,11:28:00,91,
2026.07.23 11:29:00,11:29:00,91,
2026.07.23 11:30:00,11:30:00,88,
2026.07.23 11:31:00,11:31:00,88,
2026.07.23 11:32:00,11:32:00,87,
2026.07.23 11:33:00,11:33:00,85,
2026.07.23 11:34:00,11:34:00,86,
2026.07.23 11:35:00,11:35:00,88,
2026.07.23 11:36:00,11:36:00,84,
2026.07.23 11:37:00,11:37:00,85,
2026.07.23 11:38:00,11:38:00,89,
2026.07.23 11:39:00,11:39:00,85,
2026.07.23 11:40:00,11:40:00,87,
2026.07.23 11:41:00,11:41:00,84,
2026.07.23 11:42:00,11:42:00,83,
2026.07.23 11:43:00,11:43:00,83,
2026.07.23 11:44:00,11:44:00,85,
2026.07.23 11:45:00,11:45:00,83,
2026.07.23 11:46:00,11:46:00,83,
2026.07.23 11:47:00,11:47:00,87,
2026.07.23 11:48:00,11:48:00,84,
2026.07.23 11:49:00,11:49:00,84,
2026.07.23 11:50:00,11:50:00,82,
2026.07.23 11:51:00,11:51:00,77,
2026.07.23 11:52:00,11:52:00,78,
2026.07.23 11:53:00,11:53:00,77,
2026.07.23 11:54:00,11:54:00,82,
2026.07.23 11:55:00,11:55:00,79,
2026.07.23 11:56:00,11:56:00,73,
2026.07.23 11:57:00,11:57:00,81,
2026.07.23 11:58:00,11:58:00,72,
2026.07.23 11:59:00,11:59:00,75,
2026.07.23 12:00:00,12:00:00,81,
2026.07.23 12:01:00,12:01:00,76,
2026.07.23 12:02:00,12:02:00,79,
2026.07.23 12:03:00,12:03:00,76,
2026.07.23 12:04:00,12:04:00,76,
2026.07.23 12:05:00,12:05:00,76,
2026.07.23 12:06:00,12:06:00,74,
2026.07.23 12:07:00,12:07:00,75,
2026.07.23 12:08:00,12:08:00,80,
2026.07.23 12:09:00,12:09:00,82,
2026.07.23 12:10:00,12:10:00,86,
2026.07.23 12:11:00,12:11:00,83,
2026.07.23 12:12:00,12:12:00,80,
2026.07.23 12:13:00,12:13:00,80,
2026.07.23 12:14:00,12:14:00,80,
2026.07.23 12:15:00,12:15:00,78,
2026.07.23 12:16:00,12:16:00,87,
2026.07.23 12:17:00,12:17:00,79,
2026.07.23 12:18:00,12:18:00,81,
2026.07.23 12:19:00,12:19:00,78,
2026.07.23 12:20:00,12:20:00,82,
2026.07.23 12:21:00,12:21:00,81,
2026.07.23 12:22:00,12:22:00,82,
2026.07.23 12:23:00,12:23:00,82,
2026.07.23 12:24:00,12:24:00,84,
2026.07.23 12:25:00,12:25:00,85,
2026.07.23 12:26:00,12:26:00,80,
2026.07.23 12:27:00,12:27:00,83,
2026.07.23 12:28:00,12:28:00,78,
2026.07.23 12:29:00,12:29:00,85,
2026.07.23 12:30:00,12:30:00,81,
2026.07.23 12:31:00,12:31:00,82,
2026.07.23 12:32:00,12:32:00,85,
2026.07.23 12:33:00,12:33:00,81,
2026.07.23 12:34:00,12:34:00,80,
2026.07.23 12:35:00,12:35:00,77,
2026.07.23 12:36:00,12:36:00,79,
2026.07.23 12:37:00,12:37:00,68,
2026.07.23 12:38:00,12:38:00,78,
2026.07.23 12:39:00,12:39:00,78,
2026.07.23 12:40:00,12:40:00,75,
2026.07.23 12:41:00,12:41:00,88,
2026.07.23 12:42:00,12:42:00,75,
2026.07.23 12:43:00,12:43:00,73,
2026.07.23 12:44:00,12:44:00,83,
2026.07.23 12:45:00,12:45:00,80,
2026.07.23 12:46:00,12:46:00,81,
2026.07.23 12:47:00,12:47:00,80,
2026.07.23 12:48:00,12:48:00,84,
2026.07.23 12:49:00,12:49:00,83,
2026.07.23 12:50:00,12:50:00,89,
2026.07.23 12:51:00,12:51:00,82,
2026.07.23 12:52:00,12:52:00,84,
2026.07.23 12:53:00,12:53:00,84,
2026.07.23 12:54:00,12:54:00,86,
2026.07.23 12:55:00,12:55:00,82,
2026.07.23 12:56:00,12:56:00,83,
2026.07.23 12:57:00,12:57:00,81,
2026.07.23 12:58:00,12:58:00,83,
2026.07.23 12:59:00,12:59:00,85,
2026.07.23 13:00:00,13:00:00,83,
2026.07.23 13:01:00,13:01:00,79,
2026.07.23 13:02:00,13:02:00,97,
2026.07.23 13:03:00,13:03:00,95,
2026.07.23 13:04:00,13:04:00,99,
2026.07.23 13:05:00,13:05:00,94,
2026.07.23 13:06:00,13:06:00,86,
2026.07.23 13:07:00,13:07:00,88,
2026.07.23 13:08:00,13:08:00,90,
2026.07.23 13:09:00,13:09:00,92,
2026.07.23 13:10:00,13:10:00,88,
2026.07.23 13:11:00,13:11:00,89,
2026.07.23 13:12:00,13:12:00,83,
2026.07.23 13:13:00,13:13:00,96,
2026.07.23 13:14:00,13:14:00,88,
2026.07.23 13:15:00,13:15:00,89,
2026.07.23 13:16:00,13:16:00,88,
2026.07.23 13:17:00,13:17:00,87,
2026.07.23 13:18:00,13:18:00,87,
2026.07.23 13:19:00,13:19:00,78,
2026.07.23 13:20:00,13:20:00,79,
2026.07.23 13:21:00,13:21:00,81,
2026.07.23 13:22:00,13:22:00,83,
2026.07.23 13:23:00,13:23:00,76,
2026.07.23 13:24:00,13:24:00,81,
2026.07.23 13:25:00,13:25:00,82,
2026.07.23 13:26:00,13:26:00,93,
2026.07.23 13:27:00,13:27:00,78,
2026.07.23 13:28:00,13:28:00,81,
2026.07.23 13:29:00,13:29:00,82,
2026.07.23 13:30:00,13:30:00,85,
2026.07.23 13:31:00,13:31:00,78,
2026.07.23 13:32:00,13:32:00,88,
2026.07.23 13:33:00,13:33:00,76,
2026.07.23 13:34:00,13:34:00,78,
2026.07.23 13:35:00,13:35:00,85,
2026.07.23 13:36:00,13:36:00,82,
2026.07.23 13:37:00,13:37:00,85,
2026.07.23 13:38:00,13:38:00,82,
2026.07.23 13:39:00,13:39:00,83,
2026.07.23 13:40:00,13:40:00,82,
2026.07.23 13:41:00,13:41:00,82,
2026.07.23 13:42:00,13:42:00,84,
2026.07.23 13:43:00,13:43:00,83,
2026.07.23 13:44:00,13:44:00,80,
2026.07.23 13:45:00,13:45:00,80,
2026.07.23 13:46:00,13:46:00,83,
2026.07.23 13:47:00,13:47:00,81,
2026.07.23 13:48:00,13:48:00,78,
2026.07.23 13:49:00,13:49:00,78,
2026.07.23 13:50:00,13:50:00,78,
2026.07.23 13:51:00,13:51:00,81,
2026.07.23 13:52:00,13:52:00,84,
2026.07.23 13:53:00,13:53:00,77,
2026.07.23 13:54:00,13:54:00,79,
2026.07.23 13:55:00,13:55:00,77,
2026.07.23 13:56:00,13:56:00,85,
2026.07.23 13:57:00,13:57:00,76,
2026.07.23 13:58:00,13:58:00,77,
2026.07.23 13:59:00,13:59:00,76,
2026.07.23 14:00:00,14:00:00,78,
2026.07.23 14:01:00,14:01:00,83,
2026.07.23 14:02:00,14:02:00,76,
2026.07.23 14:03:00,14:03:00,76,
2026.07.23 14:04:00,14:04:00,76,
2026.07.23 14:05:00,14:05:00,78,
2026.07.23 14:06:00,14:06:00,74,
2026.07.23 14:07:00,14:07:00,70,
2026.07.23 14:08:00,14:08:00,72,
2026.07.23 14:09:00,14:09:00,78,
2026.07.23 14:10:00,14:10:00,85,
2026.07.23 14:11:00,14:11:00,79,
2026.07.23 14:12:00,14:12:00,83,
2026.07.23 14:13:00,14:13:00,79,
2026.07.23 14:14:00,14:14:00,83,
2026.07.23 14:15:00,14:15:00,85,
2026.07.23 14:16:00,14:16:00,78,
2026.07.23 14:17:00,14:17:00,81,
2026.07.23 14:18:00,14:18:00,88,
2026.07.23 14:19:00,14:19:00,82,
2026.07.23 14:20:00,14:20:00,80,
2026.07.23 14:21:00,14:21:00,89,
2026.07.23 14:22:00,14:22:00,86,
2026.07.23 14:23:00,14:23:00,88,
2026.07.23 14:24:00,14:24:00,83,
2026.07.23 14:25:00,14:25:00,79,
2026.07.23 14:26:00,14:26:00,93,
2026.07.23 14:27:00,14:27:00,86,
2026.07.23 14:28:00,14:28:00,92,
2026.07.23 14:29:00,14:29:00,84,
2026.07.23 14:30:00,14:30:00,87,
2026.07.23 14:31:00,14:31:00,89,
2026.07.23 14:32:00,14:32:00,85,
2026.07.23 14:33:00,14:33:00,98,
2026.07.23 14:34:00,14:34:00,119,
2026.07.23 14:35:00,14:35:00,105,
2026.07.23 14:36:00,14:36:00,98,
2026.07.23 14:37:00,14:37:00,96,
2026.07.23 14:38:00,14:38:00,98,
2026.07.23 14:39:00,14:39:00,91,
2026.07.23 14:40:00,14:40:00,90,
2026.07.23 14:41:00,14:41:00,82,
2026.07.23 14:42:00,14:42:00,85,
2026.07.23 14:43:00,14:43:00,86,
2026.07.23 14:44:00,14:44:00,98,
2026.07.23 14:45:00,14:45:00,98,
2026.07.23 14:46:00,14:46:00,86,
2026.07.23 14:47:00,14:47:00,87,
2026.07.23 14:48:00,14:48:00,90,
2026.07.23 14:49:00,14:49:00,90,
2026.07.23 14:50:00,14:50:00,89,
2026.07.23 14:51:00,14:51:00,92,
2026.07.23 14:52:00,14:52:00,73,
2026.07.23 14:53:00,14:53:00,78,
2026.07.23 14:54:00,14:54:00,87,
2026.07.23 14:55:00,14:55:00,85,
2026.07.23 14:56:00,14:56:00,84,
2026.07.23 14:57:00,14:57:00,79,
2026.07.23 14:58:00,14:58:00,88,
2026.07.23 14:59:00,14:59:00,81,
2026.07.23 15:00:00,15:00:00,85,
2026.07.23 15:01:00,15:01:00,91,
2026.07.23 15:02:00,15:02:00,91,
2026.07.23 15:03:00,15:03:00,91,
2026.07.23 15:04:00,15:04:00,93,
2026.07.23 15:05:00,15:05:00,92,
2026.07.23 15:06:00,15:06:00,97,
2026.07.23 15:07:00,15:07:00,88,
2026.07.23 15:08:00,15:08:00,92,
2026.07.23 15:09:00,15:09:00,90,
2026.07.23 15:10:00,15:10:00,95,
2026.07.23 15:11:00,15:11:00,94,
2026.07.23 15:12:00,15:12:00,86,
2026.07.23 15:13:00,15:13:00,88,
2026.07.23 15:14:00,15:14:00,93,
2026.07.23 15:15:00,15:15:00,90,
2026.07.23 15:16:00,15:16:00,86,
2026.07.23 15:17:00,15:17:00,91,
2026.07.23 15:18:00,15:18:00,94,
2026.07.23 15:19:00,15:19:00,95,
2026.07.23 15:20:00,15:20:00,92,
2026.07.23 15:21:00,15:21:00,93,
2026.07.23 15:22:00,15:22:00,95,
2026.07.23 15:23:00,15:23:00,91,
2026.07.23 15:24:00,15:24:00,94,
2026.07.23 15:25:00,15:25:00,98,
2026.07.23 15:26:00,15:26:00,89,
2026.07.23 15:27:00,15:27:00,92,
2026.07.23 15:28:00,15:28:00,99,
2026.07.23 15:29:00,15:29:00,98,
2026.07.23 15:30:00,15:30:00,89,
2026.07.23 15:31:00,15:31:00,97,
2026.07.23 15:32:00,15:32:00,87,
2026.07.23 15:33:00,15:33:00,92,
2026.07.23 15:34:00,15:34:00,91,
2026.07.23 15:35:00,15:35:00,88,
2026.07.23 15:36:00,15:36:00,100,
2026.07.23 15:37:00,15:37:00,96,
2026.07.23 15:38:00,15:38:00,98,
2026.07.23 15:39:00,15:39:00,106,
2026.07.23 15:40:00,15:40:00,114,
2026.07.23 15:41:00,15:41:00,111,
2026.07.23 15:42:00,15:42:00,106,
2026.07.23 15:43:00,15:43:00,104,
2026.07.23 15:44:00,15:44:00,102,
2026.07.23 15:45:00,15:45:00,95,
2026.07.23 15:46:00,15:46:00,102,
2026.07.23 15:47:00,15:47:00,86,
2026.07.23 15:48:00,15:48:00,94,
2026.07.23 15:49:00,15:49:00,101,
2026.07.23 15:50:00,15:50:00,99,
2026.07.23 15:51:00,15:51:00,89,
2026.07.23 15:52:00,15:52:00,90,
2026.07.23 15:53:00,15:53:00,87,
2026.07.23 15:54:00,15:54:00,94,
2026.07.23 15:55:00,15:55:00,89,
2026.07.23 15:56:00,15:56:00,89,
2026.07.23 15:57:00,15:57:00,90,
2026.07.23 15:58:00,15:58:00,92,
2026.07.23 15:59:00,15:59:00,90,
2026.07.23 16:00:00,16:00:00,90,
2026.07.23 16:01:00,16:01:00,88,
2026.07.23 16:02:00,16:02:00,89,
2026.07.23 16:03:00,16:03:00,90,
2026.07.23 16:04:00,16:04:00,87,
2026.07.23 16:05:00,16:05:00,91,
2026.07.23 16:06:00,16:06:00,94,
2026.07.23 16:07:00,16:07:00,95,
2026.07.23 16:08:00,16:08:00,94,
2026.07.23 16:09:00,16:09:00,91,
2026.07.23 16:10:00,16:10:00,92,
2026.07.23 16:11:00,16:11:00,89,
2026.07.23 16:12:00,16:12:00,90,
2026.07.23 16:13:00,16:13:00,94,
2026.07.23 16:14:00,16:14:00,94,
2026.07.23 16:15:00,16:15:00,92,
2026.07.23 16:16:00,16:16:00,91,
2026.07.23 16:17:00,16:17:00,91,
2026.07.23 16:18:00,16:18:00,99,
2026.07.23 16:19:00,16:19:00,93,
2026.07.23 16:20:00,16:20:00,94,
2026.07.23 16:21:00,16:21:00,94,
2026.07.23 16:22:00,16:22:00,95,
2026.07.23 16:23:00,16:23:00,92,
2026.07.23 16:24:00,16:24:00,95,
2026.07.23 16:25:00,16:25:00,91,
2026.07.23 16:26:00,16:26:00,87,
2026.07.23 16:27:00,16:27:00,92,
2026.07.23 16:28:00,16:28:00,88,
2026.07.23 16:29:00,16:29:00,92,
2026.07.23 16:30:00,16:30:00,94,
2026.07.23 16:31:00,16:31:00,91,
2026.07.23 16:32:00,16:32:00,93,
2026.07.23 16:33:00,16:33:00,87,
2026.07.23 16:34:00,16:34:00,87,
2026.07.23 16:35:00,16:35:00,92,
2026.07.23 16:36:00,16:36:00,86,
2026.07.23 16:37:00,16:37:00,89,
2026.07.23 16:38:00,16:38:00,89,
2026.07.23 16:39:00,16:39:00,94,
2026.07.23 16:40:00,16:40:00,89,
2026.07.23 16:41:00,16:41:00,89,
2026.07.23 16:42:00,16:42:00,94,
2026.07.23 16:43:00,16:43:00,88,
2026.07.23 16:44:00,16:44:00,88,
2026.07.23 16:45:00,16:45:00,90,
2026.07.23 16:46:00,16:46:00,93,
2026.07.23 16:47:00,16:47:00,90,
2026.07.23 16:48:00,16:48:00,86,
2026.07.23 16:49:00,16:49:00,87,
2026.07.23 16:50:00,16:50:00,86,
2026.07.23 16:51:00,16:51:00,86,
2026.07.23 16:52:00,16:52:00,93,
2026.07.23 16:53:00,16:53:00,97,
2026.07.23 16:54:00,16:54:00,94,
2026.07.23 16:55:00,16:55:00,94,
2026.07.23 16:56:00,16:56:00,98,
2026.07.23 16:57:00,16:57:00,94,
2026.07.23 16:58:00,16:58:00,89,
2026.07.23 16:59:00,16:59:00,95,
2026.07.23 17:00:00,17:00:00,91,
2026.07.23 17:01:00,17:01:00,96,
2026.07.23 17:02:00,17:02:00,91,
2026.07.23 17:03:00,17:03:00,95,
2026.07.23 17:04:00,17:04:00,88,
2026.07.23 17:05:00,17:05:00,91,
2026.07.23 17:06:00,17:06:00,85,
2026.07.23 17:07:00,17:07:00,92,
2026.07.23 17:08:00,17:08:00,91,
2026.07.23 17:09:00,17:09:00,92,
2026.07.23 17:10:00,17:10:00,93,
2026.07.23 17:11:00,17:11:00,93,
2026.07.23 17:12:00,17:12:00,89,
2026.07.23 17:13:00,17:13:00,94,
2026.07.23 17:14:00,17:14:00,95,
2026.07.23 17:15:00,17:15:00,94,
2026.07.23 17:16:00,17:16:00,86,
2026.07.23 17:17:00,17:17:00,89,
2026.07.23 17:18:00,17:18:00,89,
2026.07.23 17:19:00,17:19:00,89,
2026.07.23 17:20:00,17:20:00,88,
2026.07.23 17:21:00,17:21:00,90,
2026.07.23 17:22:00,17:22:00,94,
2026.07.23 17:23:00,17:23:00,93,
2026.07.23 17:24:00,17:24:00,111,
2026.07.23 17:25:00,17:25:00,120,
2026.07.23 17:26:00,17:26:00,100,
2026.07.23 17:27:00,17:27:00,93,
2026.07.23 17:28:00,17:28:00,94,
2026.07.23 17:29:00,17:29:00,93,
2026.07.23 17:30:00,17:30:00,93,
2026.07.23 17:31:00,17:31:00,93,
2026.07.23 17:32:00,17:32:00,89,
2026.07.23 17:33:00,17:33:00,96,
2026.07.23 17:34:00,17:34:00,109,
2026.07.23 17:35:00,17:35:00,108,
2026.07.23 17:36:00,17:36:00,106,
2026.07.23 17:37:00,17:37:00,93,
2026.07.23 17:38:00,17:38:00,97,
2026.07.23 17:39:00,17:39:00,102,
2026.07.23 17:40:00,17:40:00,104,
2026.07.23 17:41:00,17:41:00,97,
2026.07.23 17:42:00,17:42:00,94,
2026.07.23 17:43:00,17:43:00,103,
2026.07.23 17:44:00,17:44:00,95,
2026.07.23 17:45:00,17:45:00,90,
2026.07.23 17:46:00,17:46:00,88,
2026.07.23 17:47:00,17:47:00,89,
2026.07.23 17:48:00,17:48:00,91,
2026.07.23 17:49:00,17:49:00,84,
2026.07.23 17:50:00,17:50:00,88,
2026.07.23 17:51:00,17:51:00,87,
2026.07.23 17:52:00,17:52:00,94,
2026.07.23 17:53:00,17:53:00,94,
2026.07.23 17:54:00,17:54:00,84,
2026.07.23 17:55:00,17:55:00,87,
2026.07.23 17:56:00,17:56:00,86,
2026.07.23 17:57:00,17:57:00,86,
2026.07.23 17:58:00,17:58:00,90,
2026.07.23 17:59:00,17:59:00,87,
2026.07.23 18:00:00,18:00:00,85,
2026.07.23 18:01:00,18:01:00,92,
2026.07.23 18:02:00,18:02:00,86,
2026.07.23 18:03:00,18:03:00,85,
2026.07.23 18:04:00,18:04:00,91,
2026.07.23 18:05:00,18:05:00,91,
2026.07.23 18:06:00,18:06:00,91,
2026.07.23 18:07:00,18:07:00,90,
2026.07.23 18:08:00,18:08:00,90,
2026.07.23 18:09:00,18:09:00,89,
2026.07.23 18:10:00,18:10:00,93,
2026.07.23 18:11:00,18:11:00,92,
2026.07.23 18:12:00,18:12:00,91,
2026.07.23 18:13:00,18:13:00,93,
2026.07.23 18:14:00,18:14:00,90,
2026.07.23 18:15:00,18:15:00,92,
2026.07.23 18:16:00,18:16:00,85,
2026.07.23 18:17:00,18:17:00,87,
2026.07.23 18:18:00,18:18:00,88,
2026.07.23 18:19:00,18:19:00,89,
2026.07.23 18:20:00,18:20:00,90,
2026.07.23 18:21:00,18:21:00,92,
2026.07.23 18:22:00,18:22:00,89,
2026.07.23 18:23:00,18:23:00,88,
2026.07.23 18:24:00,18:24:00,92,
2026.07.23 18:25:00,18:25:00,92,
2026.07.23 18:26:00,18:26:00,86,
2026.07.23 18:27:00,18:27:00,89,
2026.07.23 18:28:00,18:28:00,86,
2026.07.23 18:29:00,18:29:00,87,
2026.07.23 18:30:00,18:30:00,84,
2026.07.23 18:31:00,18:31:00,87,
2026.07.23 18:32:00,18:32:00,83,
2026.07.23 18:33:00,18:33:00,92,
2026.07.23 18:34:00,18:34:00,86,
2026.07.23 18:35:00,18:35:00,88,
2026.07.23 18:36:00,18:36:00,88,
2026.07.23 18:37:00,18:37:00,89,
2026.07.23 18:38:00,18:38:00,86,
2026.07.23 18:39:00,18:39:00,88,
2026.07.23 18:40:00,18:40:00,89,
2026.07.23 18:41:00,18:41:00,85,
2026.07.23 18:42:00,18:42:00,87,
2026.07.23 18:43:00,18:43:00,89,
2026.07.23 18:44:00,18:44:00,84,
2026.07.23 18:45:00,18:45:00,87,
2026.07.23 18:46:00,18:46:00,89,
2026.07.23 18:47:00,18:47:00,93,
2026.07.23 18:48:00,18:48:00,86,
2026.07.23 18:49:00,18:49:00,87,
2026.07.23 18:50:00,18:50:00,90,
2026.07.23 18:51:00,18:51:00,89,
2026.07.23 18:52:00,18:52:00,92,
2026.07.23 18:53:00,18:53:00,87,
2026.07.23 18:54:00,18:54:00,84,
2026.07.23 18:55:00,18:55:00,90,
2026.07.23 18:56:00,18:56:00,91,
2026.07.23 18:57:00,18:57:00,85,
2026.07.23 18:58:00,18:58:00,89,
2026.07.23 18:59:00,18:59:00,88,
2026.07.23 19:00:00,19:00:00,87,
2026.07.23 19:01:00,19:01:00,85,
2026.07.23 19:02:00,19:02:00,82,
2026.07.23 19:03:00,19:03:00,86,
2026.07.23 19:04:00,19:04:00,94,
2026.07.23 19:05:00,19:05:00,82,
2026.07.23 19:06:00,19:06:00,81,
2026.07.23 19:07:00,19:07:00,83,
2026.07.23 19:08:00,19:08:00,88,
2026.07.23 19:09:00,19:09:00,87,
2026.07.23 19:10:00,19:10:00,88,
2026.07.23 19:11:00,19:11:00,87,
2026.07.23 19:12:00,19:12:00,91,
2026.07.23 19:13:00,19:13:00,88,
2026.07.23 19:14:00,19:14:00,80,
2026.07.23 19:15:00,19:15:00,96,
2026.07.23 19:16:00,19:16:00,97,
2026.07.23 19:17:00,19:17:00,96,
2026.07.23 19:18:00,19:18:00,94,
2026.07.23 19:19:00,19:19:00,88,
2026.07.23 19:20:00,19:20:00,86,
2026.07.23 19:21:00,19:21:00,95,
2026.07.23 19:22:00,19:22:00,89,
2026.07.23 19:23:00,19:23:00,84,
2026.07.23 19:24:00,19:24:00,87,
2026.07.23 19:25:00,19:25:00,101,
2026.07.23 19:26:00,19:26:00,88,
2026.07.23 19:27:00,19:27:00,95,
2026.07.23 19:28:00,19:28:00,92,
2026.07.23 19:29:00,19:29:00,88,
2026.07.23 19:30:00,19:30:00,89,
2026.07.23 19:31:00,19:31:00,93,
2026.07.23 19:32:00,19:32:00,87,
2026.07.23 19:33:00,19:33:00,82,
2026.07.23 19:34:00,19:34:00,84,
2026.07.23 19:35:00,19:35:00,85,
2026.07.23 19:36:00,19:36:00,76,
2026.07.23 19:37:00,19:37:00,76,
2026.07.23 19:38:00,19:38:00,88,
2026.07.23 19:39:00,19:39:00,92,
2026.07.23 19:40:00,19:40:00,90,
2026.07.23 19:41:00,19:41:00,85,
2026.07.23 19:42:00,19:42:00,85,
2026.07.23 19:43:00,19:43:00,84,
2026.07.23 19:44:00,19:44:00,85,
2026.07.23 19:45:00,19:45:00,82,
2026.07.23 19:46:00,19:46:00,77,
2026.07.23 19:47:00,19:47:00,86,
2026.07.23 19:48:00,19:48:00,87,
2026.07.23 19:49:00,19:49:00,75,
2026.07.23 19:50:00,19:50:00,80,
2026.07.23 19:51:00,19:51:00,79,
2026.07.23 19:52:00,19:52:00,77,
2026.07.23 19:53:00,19:53:00,85,
2026.07.23 19:54:00,19:54:00,87,
2026.07.23 19:55:00,19:55:00,76,
2026.07.23 19:56:00,19:56:00,84,
2026.07.23 19:57:00,19:57:00,91,
2026.07.23 19:58:00,19:58:00,100,
2026.07.23 19:59:00,19:59:00,91,
2026.07.23 20:00:00,20:00:00,92,
2026.07.23 20:01:00,20:01:00,82,
2026.07.23 20:02:00,20:02:00,82,
2026.07.23 20:03:00,20:03:00,90,
2026.07.23 20:04:00,20:04:00,89,
2026.07.23 20:05:00,20:05:00,88,
2026.07.23 20:06:00,20:06:00,84,
2026.07.23 20:07:00,20:07:00,99,
2026.07.23 20:08:00,20:08:00,101,
2026.07.23 20:09:00,20:09:00,89,
2026.07.23 20:10:00,20:10:00,79,
2026.07.23 20:11:00,20:11:00,83,
2026.07.23 20:12:00,20:12:00,86,
2026.07.23 20:13:00,20:13:00,87,
2026.07.23 20:14:00,20:14:00,83,
2026.07.23 20:15:00,20:15:00,77,
2026.07.23 20:16:00,20:16:00,79,
2026.07.23 20:17:00,20:17:00,78,
2026.07.23 20:18:00,20:18:00,83,
2026.07.23 20:19:00,20:19:00,77,
2026.07.23 20:20:00,20:20:00,79,
2026.07.23 20:21:00,20:21:00,83,
2026.07.23 20:22:00,20:22:00,81,
2026.07.23 20:23:00,20:23:00,78,
2026.07.23 20:24:00,20:24:00,81,
2026.07.23 20:25:00,20:25:00,84,
2026.07.23 20:26:00,20:26:00,75,
2026.07.23 20:27:00,20:27:00,79,
2026.07.23 20:28:00,20:28:00,73,
2026.07.23 20:29:00,20:29:00,85,
2026.07.23 20:30:00,20:30:00,78,
2026.07.23 20:31:00,20:31:00,85,
2026.07.23 20:32:00,20:32:00,88,
2026.07.23 20:33:00,20:33:00,81,
2026.07.23 20:34:00,20:34:00,82,
2026.07.23 20:35:00,20:35:00,85,
2026.07.23 20:36:00,20:36:00,83,
2026.07.23 20:37:00,20:37:00,81,
2026.07.23 20:38:00,20:38:00,77,
2026.07.23 20:39:00,20:39:00,80,
2026.07.23 20:40:00,20:40:00,78,
2026.07.23 20:41:00,20:41:00,82,
2026.07.23 20:42:00,20:42:00,83,
2026.07.23 20:43:00,20:43:00,78,
2026.07.23 20:44:00,20:44:00,80,
2026.07.23 20:45:00,20:45:00,75,
2026.07.23 20:46:00,20:46:00,74,
2026.07.23 20:47:00,20:47:00,82,
2026.07.23 20:48:00,20:48:00,76,
2026.07.23 20:49:00,20:49:00,78,
2026.07.23 20:50:00,20:50:00,75,
2026.07.23 20:51:00,20:51:00,75,
2026.07.23 20:52:00,20:52:00,78,
2026.07.23 20:53:00,20:53:00,73,
2026.07.23 20:54:00,20:54:00,70,
2026.07.23 20:55:00,20:55:00,76,
2026.07.23 20:56:00,20:56:00,77,
2026.07.23 20:57:00,20:57:00,80,
2026.07.23 20:58:00,20:58:00,76,
2026.07.23 20:59:00,20:59:00,77,
2026.07.23 21:00:00,21:00:00,83,
2026.07.23 21:01:00,21:01:00,85,
2026.07.23 21:02:00,21:02:00,82,
2026.07.23 21:03:00,21:03:00,81,
2026.07.23 21:04:00,21:04:00,80,
2026.07.23 21:05:00,21:05:00,81,
2026.07.23 21:06:00,21:06:00,85,
2026.07.23 21:07:00,21:07:00,81,
2026.07.23 21:08:00,21:08:00,80,
2026.07.23 21:09:00,21:09:00,80,
2026.07.23 21:10:00,21:10:00,83,
2026.07.23 21:11:00,21:11:00,75,
2026.07.23 21:12:00,21:12:00,77,
2026.07.23 21:13:00,21:13:00,85,
2026.07.23 21:14:00,21:14:00,81,
2026.07.23 21:15:00,21:15:00,80,
2026.07.23 21:16:00,21:16:00,84,
2026.07.23 21:17:00,21:17:00,90,
2026.07.23 21:18:00,21:18:00,85,
2026.07.23 21:19:00,21:19:00,83,
2026.07.23 21:20:00,21:20:00,84,
2026.07.23 21:21:00,21:21:00,83,
2026.07.23 21:22:00,21:22:00,81,
2026.07.23 21:23:00,21:23:00,76,
2026.07.23 21:24:00,21:24:00,81,
2026.07.23 21:25:00,21:25:00,85,
2026.07.23 21:26:00,21:26:00,78,
2026.07.23 21:27:00,21:27:00,79,
2026.07.23 21:28:00,21:28:00,73,
2026.07.23 21:29:00,21:29:00,77,
2026.07.23 21:30:00,21:30:00,88,
2026.07.23 21:31:00,21:31:00,93,
2026.07.23 21:32:00,21:32:00,85,
2026.07.23 21:33:00,21:33:00,82,
2026.07.23 21:34:00,21:34:00,81,
2026.07.23 21:35:00,21:35:00,77,
2026.07.23 21:36:00,21:36:00,82,
2026.07.23 21:37:00,21:37:00,80,
2026.07.23 21:38:00,21:38:00,79,
2026.07.23 21:39:00,21:39:00,80,
2026.07.23 21:40:00,21:40:00,75,
2026.07.23 21:41:00,21:41:00,75,
2026.07.23 21:42:00,21:42:00,75,
2026.07.23 21:43:00,21:43:00,78,
2026.07.23 21:44:00,21:44:00,80,
2026.07.23 21:45:00,21:45:00,75,
2026.07.23 21:46:00,21:46:00,77,
2026.07.23 21:47:00,21:47:00,81,
2026.07.23 21:48:00,21:48:00,82,
2026.07.23 21:49:00,21:49:00,78,
2026.07.23 21:50:00,21:50:00,84,
2026.07.23 21:51:00,21:51:00,77,
2026.07.23 21:52:00,21:52:00,78,
2026.07.23 21:53:00,21:53:00,78,
2026.07.23 21:54:00,21:54:00,81,
2026.07.23 21:55:00,21:55:00,81,
2026.07.23 21:56:00,21:56:00,80,
2026.07.23 21:57:00,21:57:00,86,
2026.07.23 21:58:00,21:58:00,72,
2026.07.23 21:59:00,21:59:00,85,
2026.07.23 22:00:00,22:00:00,82,
2026.07.23 22:01:00,22:01:00,79,
2026.07.23 22:02:00,22:02:00,78,
2026.07.23 22:03:00,22:03:00,85,
2026.07.23 22:04:00,22:04:00,84,
2026.07.23 22:05:00,22:05:00,82,
2026.07.23 22:06:00,22:06:00,87,
2026.07.23 22:07:00,22:07:00,91,
2026.07.23 22:08:00,22:08:00,91,
2026.07.23 22:09:00,22:09:00,122,
2026.07.23 22:10:00,22:10:00,108,
2026.07.23 22:11:00,22:11:00,81,
2026.07.23 22:12:00,22:12:00,94,
2026.07.23 22:13:00,22:13:00,102,
2026.07.23 22:14:00,22:14:00,94,
2026.07.23 22:15:00,22:15:00,93,
2026.07.23 22:16:00,22:16:00,88,
2026.07.23 22:17:00,22:17:00,89,
2026.07.23 22:18:00,22:18:00,88,
2026.07.23 22:19:00,22:19:00,85,
2026.07.23 22:20:00,22:20:00,87,
2026.07.23 22:21:00,22:21:00,85,
2026.07.23 22:22:00,22:22:00,88,
2026.07.23 22:23:00,22:23:00,84,
2026.07.23 22:24:00,22:24:00,87,
2026.07.23 22:25:00,22:25:00,82,
2026.07.23 22:26:00,22:26:00,83,
2026.07.23 22:27:00,22:27:00,80,
2026.07.23 22:28:00,22:28:00,82,
2026.07.23 22:29:00,22:29:00,88,
2026.07.23 22:30:00,22:30:00,83,
2026.07.23 22:31:00,22:31:00,90,
2026.07.23 22:32:00,22:32:00,85,
2026.07.23 22:33:00,22:33:00,80,
2026.07.23 22:34:00,22:34:00,86,
2026.07.23 22:35:00,22:35:00,87,
2026.07.23 22:36:00,22:36:00,86,
2026.07.23 22:37:00,22:37:00,88,
2026.07.23 22:38:00,22:38:00,87,
2026.07.23 22:39:00,22:39:00,83,
2026.07.23 22:40:00,22:40:00,86,
2026.07.23 22:41:00,22:41:00,84,
2026.07.23 22:42:00,22:42:00,82,
2026.07.23 22:43:00,22:43:00,81,
2026.07.23 22:44:00,22:44:00,78,
2026.07.23 22:45:00,22:45:00,81,
2026.07.23 22:46:00,22:46:00,79,
2026.07.23 22:47:00,22:47:00,74,
2026.07.23 22:48:00,22:48:00,77,
2026.07.23 22:49:00,22:49:00,76,
2026.07.23 22:50:00,22:50:00,80,
2026.07.23 22:51:00,22:51:00,80,
2026.07.23 22:52:00,22:52:00,88,
2026.07.23 22:53:00,22:53:00,85,
2026.07.23 22:54:00,22:54:00,83,
2026.07.23 22:55:00,22:55:00,83,
2026.07.23 22:56:00,22:56:00,83,
2026.07.23 22:57:00,22:57:00,83,
2026.07.23 22:58:00,22:58:00,79,
2026.07.23 22:59:00,22:59:00,82,
2026.07.23 23:00:00,23:00:00,89,
2026.07.23 23:01:00,23:01:00,85,
2026.07.23 23:02:00,23:02:00,82,
2026.07.23 23:03:00,23:03:00,81,
2026.07.23 23:04:00,23:04:00,83,
2026.07.23 23:05:00,23:05:00,84,
2026.07.23 23:06:00,23:06:00,87,
2026.07.23 23:07:00,23:07:00,83,
2026.07.23 23:08:00,23:08:00,80,
2026.07.23 23:09:00,23:09:00,82,
2026.07.23 23:10:00,23:10:00,78,
2026.07.23 23:11:00,23:11:00,85,
2026.07.23 23:12:00,23:12:00,82,
2026.07.23 23:13:00,23:13:00,83,
2026.07.23 23:14:00,23:14:00,80,
2026.07.23 23:15:00,23:15:00,81,
2026.07.23 23:16:00,23:16:00,77,
2026.07.23 23:17:00,23:17:00,81,
2026.07.23 23:18:00,23:18:00,83,
2026.07.23 23:19:00,23:19:00,79,
2026.07.23 23:20:00,23:20:00,80,
2026.07.23 23:21:00,23:21:00,85,
2026.07.23 23:22:00,23:22:00,81,
2026.07.23 23:23:00,23:23:00,78,
2026.07.23 23:24:00,23:24:00,79,
2026.07.23 23:25:00,23:25:00,77,
2026.07.23 23:26:00,23:26:00,77,
2026.07.23 23:27:00,23:27:00,80,
2026.07.23 23:28:00,23:28:00,77,
2026.07.23 23:29:00,23:29:00,79,
2026.07.23 23:30:00,23:30:00,74,
2026.07.23 23:31:00,23:31:00,76,
2026.07.23 23:32:00,23:32:00,87,
2026.07.23 23:33:00,23:33:00,74,
2026.07.23 23:34:00,23:34:00,75,
2026.07.23 23:35:00,23:35:00,83,
2026.07.23 23:36:00,23:36:00,79,
2026.07.23 23:37:00,23:37:00,76,
2026.07.23 23:38:00,23:38:00,78,
2026.07.23 23:39:00,23:39:00,78,
2026.07.23 23:40:00,23:40:00,81,
2026.07.23 23:41:00,23:41:00,71,
2026.07.23 23:42:00,23:42:00,75,
2026.07.23 23:43:00,23:43:00,73,
2026.07.23 23:44:00,23:44:00,87,
2026.07.23 23:45:00,23:45:00,96,
2026.07.23 23:46:00,23:46:00,87,
2026.07.23 23:47:00,23:47:00,88,
2026.07.23 23:48:00,23:48:00,89,
2026.07.23 23:49:00,23:49:00,81,
2026.07.23 23:50:00,23:50:00,80,
2026.07.23 23:51:00,23:51:00,76,
2026.07.23 23:52:00,23:52:00,84,
2026.07.23 23:53:00,23:53:00,78,
2026.07.23 23:54:00,23:54:00,76,
2026.07.23 23:55:00,23:55:00,83,
2026.07.23 23:56:00,23:56:00,82,
2026.07.23 23:57:00,23:57:00,94,
2026.07.23 23:58:00,23:58:00,88,
2026.07.23 23:59:00,23:59:00,83,
2026.07.24 00:00:00,00:00:00,87,
2026.07.24 00:01:00,00:01:00,73,
2026.07.24 00:02:00,00:02:00,72,
2026.07.24 00:03:00,00:03:00,82,
2026.07.24 00:04:00,00:04:00,73,
2026.07.24 00:05:00,00:05:00,72,
2026.07.24 00:06:00,00:06:00,68,
2026.07.24 00:07:00,00:07:00,77,
2026.07.24 00:08:00,00:08:00,78,
2026.07.24 00:09:00,00:09:00,77,
2026.07.24 00:10:00,00:10:00,75,
2026.07.24 00:11:00,00:11:00,72,
2026.07.24 00:12:00,00:12:00,70,
2026.07.24 00:13:00,00:13:00,68,
2026.07.24 00:14:00,00:14:00,66,
2026.07.24 00:15:00,00:15:00,72,
2026.07.24 00:16:00,00:16:00,70,
2026.07.24 00:17:00,00:17:00,76,
2026.07.24 00:18:00,00:18:00,78,
2026.07.24 00:19:00,00:19:00,75,
2026.07.24 00:20:00,00:20:00,74,
2026.07.24 00:21:00,00:21:00,79,
2026.07.24 00:22:00,00:22:00,81,
2026.07.24 00:23:00,00:23:00,75,
2026.07.24 00:24:00,00:24:00,79,
2026.07.24 00:25:00,00:25:00,83,
2026.07.24 00:26:00,00:26:00,83,
2026.07.24 00:27:00,00:27:00,82,
2026.07.24 00:28:00,00:28:00,75,
2026.07.24 00:29:00,00:29:00,76,
2026.07.24 00:30:00,00:30:00,75,
2026.07.24 00:31:00,00:31:00,75,
2026.07.24 00:32:00,00:32:00,71,
2026.07.24 00:33:00,00:33:00,78,
2026.07.24 00:34:00,00:34:00,77,
2026.07.24 00:35:00,00:35:00,81,
2026.07.24 00:36:00,00:36:00,88,
2026.07.24 00:37:00,00:37:00,78,
2026.07.24 00:38:00,00:38:00,83,
2026.07.24 00:39:00,00:39:00,73,
2026.07.24 00:40:00,00:40:00,70,
2026.07.24 00:41:00,00:41:00,65,
2026.07.24 00:42:00,00:42:00,82,
2026.07.24 00:43:00,00:43:00,82,
2026.07.24 00:44:00,00:44:00,82,
2026.07.24 00:45:00,00:45:00,80,
2026.07.24 00:46:00,00:46:00,74,
2026.07.24 00:47:00,00:47:00,74,
2026.07.24 00:48:00,00:48:00,73,
2026.07.24 00:49:00,00:49:00,72,
2026.07.24 00:50:00,00:50:00,74,
2026.07.24 00:51:00,00:51:00,70,
2026.07.24 00:52:00,00:52:00,71,
2026.07.24 00:53:00,00:53:00,72,
2026.07.24 00:54:00,00:54:00,73,
2026.07.24 00:55:00,00:55:00,78,
2026.07.24 00:56:00,00:56:00,73,
2026.07.24 00:57:00,00:57:00,73,
2026.07.24 00:58:00,00:58:00,74,
2026.07.24 00:59:00,00:59:00,77,
2026.07.24 01:00:00,01:00:00,73,
2026.07.24 01:01:00,01:01:00,70,
2026.07.24 01:02:00,01:02:00,73,
2026.07.24 01:03:00,01:03:00,71,
2026.07.24 01:04:00,01:04:00,70,
2026.07.24 01:05:00,01:05:00,69,
2026.07.24 01:06:00,01:06:00,73,
2026.07.24 01:07:00,01:07:00,73,
2026.07.24 01:08:00,01:08:00,75,
2026.07.24 01:09:00,01:09:00,72,
2026.07.24 01:10:00,01:10:00,73,
2026.07.24 01:11:00,01:11:00,68,
2026.07.24 01:12:00,01:12:00,71,
2026.07.24 01:13:00,01:13:00,70,
2026.07.24 01:14:00,01:14:00,73,
2026.07.24 01:15:00,01:15:00,79,
2026.07.24 01:16:00,01:16:00,74,
2026.07.24 01:17:00,01:17:00,72,
2026.07.24 01:18:00,01:18:00,71,
2026.07.24 01:19:00,01:19:00,86,
2026.07.24 01:20:00,01:20:00,72,
2026.07.24 01:21:00,01:21:00,71,
2026.07.24 01:22:00,01:22:00,85,
2026.07.24 01:23:00,01:23:00,78,
2026.07.24 01:24:00,01:24:00,76,
2026.07.24 01:25:00,01:25:00,79,
2026.07.24 01:26:00,01:26:00,79,
2026.07.24 01:27:00,01:27:00,82,
2026.07.24 01:28:00,01:28:00,86,
2026.07.24 01:29:00,01:29:00,75,
2026.07.24 01:30:00,01:30:00,78,
2026.07.24 01:31:00,01:31:00,71,
2026.07.24 01:32:00,01:32:00,66,
2026.07.24 01:33:00,01:33:00,62,
2026.07.24 01:34:00,01:34:00,67,
2026.07.24 01:35:00,01:35:00,73,
2026.07.24 01:36:00,01:36:00,69,
2026.07.24 01:37:00,01:37:00,69,
2026.07.24 01:38:00,01:38:00,80,
2026.07.24 01:39:00,01:39:00,72,
2026.07.24 01:40:00,01:40:00,71,
2026.07.24 01:41:00,01:41:00,72,
2026.07.24 01:42:00,01:42:00,85,
2026.07.24 01:43:00,01:43:00,79,
2026.07.24 01:44:00,01:44:00,75,
2026.07.24 01:45:00,01:45:00,73,
2026.07.24 01:46:00,01:46:00,76,
2026.07.24 01:47:00,01:47:00,79,
2026.07.24 01:48:00,01:48:00,75,
2026.07.24 01:49:00,01:49:00,82,
2026.07.24 01:50:00,01:50:00,80,
2026.07.24 01:51:00,01:51:00,81,
2026.07.24 01:52:00,01:52:00,76,
2026.07.24 01:53:00,01:53:00,80,
2026.07.24 01:54:00,01:54:00,81,
2026.07.24 01:55:00,01:55:00,81,
2026.07.24 01:56:00,01:56:00,82,
2026.07.24 01:57:00,01:57:00,71,
2026.07.24 01:58:00,01:58:00,74,
2026.07.24 01:59:00,01:59:00,68,
2026.07.24 02:00:00,02:00:00,68,
2026.07.24 02:01:00,02:01:00,66,
2026.07.24 02:02:00,02:02:00,71,
2026.07.24 02:03:00,02:03:00,73,
2026.07.24 02:04:00,02:04:00,70,
2026.07.24 02:05:00,02:05:00,67,
2026.07.24 02:06:00,02:06:00,77,
2026.07.24 02:07:00,02:07:00,62,
2026.07.24 02:08:00,02:08:00,59,
2026.07.24 02:09:00,02:09:00,84,
2026.07.24 02:10:00,02:10:00,89,
2026.07.24 02:11:00,02:11:00,67,
2026.07.24 02:12:00,02:12:00,77,
2026.07.24 02:13:00,02:13:00,68,
2026.07.24 02:14:00,02:14:00,74,
2026.07.24 02:15:00,02:15:00,74,
2026.07.24 02:16:00,02:16:00,85,
2026.07.24 02:17:00,02:17:00,64,
2026.07.24 02:18:00,02:18:00,69,
2026.07.24 02:19:00,02:19:00,77,
2026.07.24 02:20:00,02:20:00,75,
2026.07.24 02:21:00,02:21:00,66,
2026.07.24 02:22:00,02:22:00,76,
2026.07.24 02:23:00,02:23:00,84,
2026.07.24 02:24:00,02:24:00,72,
2026.07.24 02:25:00,02:25:00,85,
2026.07.24 02:26:00,02:26:00,69,
2026.07.24 02:27:00,02:27:00,72,
2026.07.24 02:28:00,02:28:00,68,
2026.07.24 02:29:00,02:29:00,79,
2026.07.24 02:30:00,02:30:00,65,
2026.07.24 02:31:00,02:31:00,63,
2026.07.24 02:32:00,02:32:00,62,
2026.07.24 02:33:00,02:33:00,94,
2026.07.24 02:34:00,02:34:00,97,
2026.07.24 02:35:00,02:35:00,82,
2026.07.24 02:36:00,02:36:00,88,
2026.07.24 02:37:00,02:37:00,75,
2026.07.24 02:38:00,02:38:00,91,
2026.07.24 02:39:00,02:39:00,93,
2026.07.24 02:40:00,02:40:00,91,
2026.07.24 02:41:00,02:41:00,81,
2026.07.24 02:42:00,02:42:00,81,
2026.07.24 02:43:00,02:43:00,71,
2026.07.24 02:44:00,02:44:00,76,
2026.07.24 02:45:00,02:45:00,75,
2026.07.24 02:46:00,02:46:00,73,
2026.07.24 02:47:00,02:47:00,66,
2026.07.24 02:48:00,02:48:00,64,
2026.07.24 02:49:00,02:49:00,61,
2026.07.24 02:50:00,02:50:00,60,
2026.07.24 02:51:00,02:51:00,61,
2026.07.24 02:52:00,02:52:00,58,
2026.07.24 02:53:00,02:53:00,60,
2026.07.24 02:54:00,02:54:00,61,
2026.07.24 02:55:00,02:55:00,61,
2026.07.24 02:56:00,02:56:00,63,
2026.07.24 02:57:00,02:57:00,64,
2026.07.24 02:58:00,02:58:00,61,
2026.07.24 02:59:00,02:59:00,61,
2026.07.24 03:00:00,03:00:00,61,
2026.07.24 03:01:00,03:01:00,58,
2026.07.24 03:02:00,03:02:00,57,
2026.07.24 03:03:00,03:03:00,60,
2026.07.24 03:04:00,03:04:00,58,
2026.07.24 03:05:00,03:05:00,61,
2026.07.24 03:06:00,03:06:00,59,
2026.07.24 03:07:00,03:07:00,60,
2026.07.24 03:08:00,03:08:00,59,
2026.07.24 03:09:00,03:09:00,61,
2026.07.24 03:10:00,03:10:00,61,
2026.07.24 03:11:00,03:11:00,62,
2026.07.24 03:12:00,03:12:00,61,
2026.07.24 03:13:00,03:13:00,64,
2026.07.24 03:14:00,03:14:00,68,
2026.07.24 03:15:00,03:15:00,62,
2026.07.24 03:16:00,03:16:00,59,
2026.07.24 03:17:00,03:17:00,60,
2026.07.24 03:18:00,03:18:00,70,
2026.07.24 03:19:00,03:19:00,68,
2026.07.24 03:20:00,03:20:00,66,
2026.07.24 03:21:00,03:21:00,66,
2026.07.24 03:22:00,03:22:00,66,
2026.07.24 03:23:00,03:23:00,68,
2026.07.24 03:24:00,03:24:00,82,
2026.07.24 03:25:00,03:25:00,71,
2026.07.24 03:26:00,03:26:00,65,
2026.07.24 03:27:00,03:27:00,78,
2026.07.24 03:28:00,03:28:00,64,
2026.07.24 03:29:00,03:29:00,62,
2026.07.24 03:30:00,03:30:00,61,
2026.07.24 03:31:00,03:31:00,58,
2026.07.24 03:32:00,03:32:00,60,
2026.07.24 03:33:00,03:33:00,58,
2026.07.24 03:34:00,03:34:00,54,
2026.07.24 03:35:00,03:35:00,61,
2026.07.24 03:36:00,03:36:00,58,
2026.07.24 03:37:00,03:37:00,59,
2026.07.24 03:38:00,03:38:00,59,
2026.07.24 03:39:00,03:39:00,65,
2026.07.24 03:40:00,03:40:00,72,
2026.07.24 03:41:00,03:41:00,72,
2026.07.24 03:42:00,03:42:00,72,
2026.07.24 03:43:00,03:43:00,61,
2026.07.24 03:44:00,03:44:00,79,
2026.07.24 03:45:00,03:45:00,81,
2026.07.24 03:46:00,03:46:00,66,
2026.07.24 03:47:00,03:47:00,58,
2026.07.24 03:48:00,03:48:00,59,
2026.07.24 03:49:00,03:49:00,55,
2026.07.24 03:50:00,03:50:00,57,
2026.07.24 03:51:00,03:51:00,56,
2026.07.24 03:52:00,03:52:00,53,
2026.07.24 03:53:00,03:53:00,52,
2026.07.24 03:54:00,03:54:00,53,
2026.07.24 03:55:00,03:55:00,85,
2026.07.24 03:56:00,03:56:00,98,
2026.07.24 03:57:00,03:57:00,111,
2026.07.24 03:58:00,03:58:00,72,
2026.07.24 03:59:00,03:59:00,87,
2026.07.24 04:00:00,04:00:00,80,
2026.07.24 04:01:00,04:01:00,87,
2026.07.24 04:02:00,04:02:00,87,
2026.07.24 04:03:00,04:03:00,70,
2026.07.24 04:04:00,04:04:00,72,
2026.07.24 04:05:00,04:05:00,74,
2026.07.24 04:06:00,04:06:00,66,
2026.07.24 04:07:00,04:07:00,70,
2026.07.24 04:08:00,04:08:00,72,
2026.07.24 04:09:00,04:09:00,67,
2026.07.24 04:10:00,04:10:00,75,
2026.07.24 04:11:00,04:11:00,70,
2026.07.24 04:12:00,04:12:00,75,
2026.07.24 04:13:00,04:13:00,68,
2026.07.24 04:14:00,04:14:00,73,
2026.07.24 04:15:00,04:15:00,71,
2026.07.24 04:16:00,04:16:00,69,
2026.07.24 04:17:00,04:17:00,76,
2026.07.24 04:18:00,04:18:00,65,
2026.07.24 04:19:00,04:19:00,74,
2026.07.24 04:20:00,04:20:00,69,
2026.07.24 04:21:00,04:21:00,61,
2026.07.24 04:22:00,04:22:00,60,
2026.07.24 04:23:00,04:23:00,61,
2026.07.24 04:24:00,04:24:00,68,
2026.07.24 04:25:00,04:25:00,79,
2026.07.24 04:26:00,04:26:00,73,
2026.07.24 04:27:00,04:27:00,64,
2026.07.24 04:28:00,04:28:00,59,
2026.07.24 04:29:00,04:29:00,75,
2026.07.24 04:30:00,04:30:00,59,
2026.07.24 04:31:00,04:31:00,77,
2026.07.24 04:32:00,04:32:00,60,
2026.07.24 04:33:00,04:33:00,63,
2026.07.24 04:34:00,04:34:00,58,
2026.07.24 04:35:00,04:35:00,61,
2026.07.24 04:36:00,04:36:00,87,
2026.07.24 04:37:00,04:37:00,61,
2026.07.24 04:38:00,04:38:00,60,
2026.07.24 04:39:00,04:39:00,54,
2026.07.24 04:40:00,04:40:00,55,
2026.07.24 04:41:00,04:41:00,56,
2026.07.24 04:42:00,04:42:00,60,
2026.07.24 04:43:00,04:43:00,64,
2026.07.24 04:44:00,04:44:00,74,
2026.07.24 04:45:00,04:45:00,82,
2026.07.24 04:46:00,04:46:00,80,
2026.07.24 04:47:00,04:47:00,86,
2026.07.24 04:48:00,04:48:00,78,
2026.07.24 04:49:00,04:49:00,76,
2026.07.24 04:50:00,04:50:00,92,
2026.07.24 04:51:00,04:51:00,91,
2026.07.24 04:52:00,04:52:00,84,
2026.07.24 04:53:00,04:53:00,77,
2026.07.24 04:54:00,04:54:00,84,
2026.07.24 04:55:00,04:55:00,87,
2026.07.24 04:56:00,04:56:00,86,
2026.07.24 04:57:00,04:57:00,87,
2026.07.24 04:58:00,04:58:00,85,
2026.07.24 04:59:00,04:59:00,77,
2026.07.24 05:00:00,05:00:00,73,
2026.07.24 05:01:00,05:01:00,79,
2026.07.24 05:02:00,05:02:00,71,
2026.07.24 05:03:00,05:03:00,71,
2026.07.24 05:04:00,05:04:00,68,
2026.07.24 05:05:00,05:05:00,68,
2026.07.24 05:06:00,05:06:00,66,
2026.07.24 05:07:00,05:07:00,75,
2026.07.24 05:08:00,05:08:00,71,
2026.07.24 05:09:00,05:09:00,71,
2026.07.24 05:10:00,05:10:00,71,
2026.07.24 05:11:00,05:11:00,67,
2026.07.24 05:12:00,05:12:00,73,
2026.07.24 05:13:00,05:13:00,76,
2026.07.24 05:14:00,05:14:00,75,
2026.07.24 05:15:00,05:15:00,93,
2026.07.24 05:16:00,05:16:00,79,
2026.07.24 05:17:00,05:17:00,74,
2026.07.24 05:18:00,05:18:00,80,
2026.07.24 05:19:00,05:19:00,80,
2026.07.24 05:20:00,05:20:00,78,
2026.07.24 05:21:00,05:21:00,83,
2026.07.24 05:22:00,05:22:00,78,
2026.07.24 05:23:00,05:23:00,79,
2026.07.24 05:24:00,05:24:00,75,
2026.07.24 05:25:00,05:25:00,76,
2026.07.24 05:26:00,05:26:00,93,
2026.07.24 05:27:00,05:27:00,94,
2026.07.24 05:28:00,05:28:00,97,
2026.07.24 05:29:00,05:29:00,96,
2026.07.24 05:30:00,05:30:00,86,
2026.07.24 05:31:00,05:31:00,90,
2026.07.24 05:32:00,05:32:00,96,
2026.07.24 05:33:00,05:33:00,97,
2026.07.24 05:34:00,05:34:00,97,
2026.07.24 05:35:00,05:35:00,90,
2026.07.24 05:36:00,05:36:00,93,
2026.07.24 05:37:00,05:37:00,98,
2026.07.24 05:38:00,05:38:00,100,
2026.07.24 05:39:00,05:39:00,100,
2026.07.24 05:40:00,05:40:00,102,
2026.07.24 05:41:00,05:41:00,100,
2026.07.24 05:42:00,05:42:00,98,
2026.07.24 05:43:00,05:43:00,100,
2026.07.24 05:44:00,05:44:00,92,
2026.07.24 05:45:00,05:45:00,91,
2026.07.24 05:46:00,05:46:00,86,
2026.07.24 05:47:00,05:47:00,89,
2026.07.24 05:48:00,05:48:00,76,
2026.07.24 05:49:00,05:49:00,73,
2026.07.24 05:50:00,05:50:00,86,
2026.07.24 05:51:00,05:51:00,79,
2026.07.24 05:52:00,05:52:00,84,
2026.07.24 05:53:00,05:53:00,77,
2026.07.24 05:54:00,05:54:00,72,
2026.07.24 05:55:00,05:55:00,77,
2026.07.24 05:56:00,05:56:00,67,
2026.07.24 05:57:00,05:57:00,76,
2026.07.24 05:58:00,05:58:00,72,
2026.07.24 05:59:00,05:59:00,76,
2026.07.24 06:00:00,06:00:00,74,
2026.07.24 06:01:00,06:01:00,72,
2026.07.24 06:02:00,06:02:00,92,
2026.07.24 06:03:00,06:03:00,75,
2026.07.24 06:04:00,06:04:00,77,
2026.07.24 06:05:00,06:05:00,80,
2026.07.24 06:06:00,06:06:00,73,
2026.07.24 06:07:00,06:07:00,82,
2026.07.24 06:08:00,06:08:00,78,
2026.07.24 06:09:00,06:09:00,77,
2026.07.24 06:10:00,06:10:00,75,
2026.07.24 06:11:00,06:11:00,77,
2026.07.24 06:12:00,06:12:00,85,
2026.07.24 06:13:00,06:13:00,80,
2026.07.24 06:14:00,06:14:00,79,
2026.07.24 06:15:00,06:15:00,81,
2026.07.24 06:16:00,06:16:00,78,
2026.07.24 06:17:00,06:17:00,77,
2026.07.24 06:18:00,06:18:00,83,
2026.07.24 06:19:00,06:19:00,81,
2026.07.24 06:20:00,06:20:00,84,
2026.07.24 06:21:00,06:21:00,90,
2026.07.24 06:22:00,06:22:00,86,
2026.07.24 06:23:00,06:23:00,72,
2026.07.24 06:24:00,06:24:00,87,
2026.07.24 06:25:00,06:25:00,75,
2026.07.24 06:26:00,06:26:00,81,
2026.07.24 06:27:00,06:27:00,83,
2026.07.24 06:28:00,06:28:00,83,
2026.07.24 06:29:00,06:29:00,84,
2026.07.24 06:30:00,06:30:00,87,
2026.07.24 06:31:00,06:31:00,90,
2026.07.24 06:32:00,06:32:00,87,
2026.07.24 06:33:00,06:33:00,84,
2026.07.24 06:34:00,06:34:00,88,
2026.07.24 06:35:00,06:35:00,84,
2026.07.24 06:36:00,06:36:00,88,
2026.07.24 06:37:00,06:37:00,92,
2026.07.24 06:38:00,06:38:00,86,
2026.07.24 06:39:00,06:39:00,86,
2026.07.24 06:40:00,06:40:00,92,
2026.07.24 06:41:00,06:41:00,87,
2026.07.24 06:42:00,06:42:00,85,
2026.07.24 06:43:00,06:43:00,97,
2026.07.24 06:44:00,06:44:00,85,
2026.07.24 06:45:00,06:45:00,82,
2026.07.24 06:46:00,06:46:00,91,
2026.07.24 06:47:00,06:47:00,89,
2026.07.24 06:48:00,06:48:00,86,
2026.07.24 06:49:00,06:49:00,87,
2026.07.24 06:50:00,06:50:00,77,
2026.07.24 06:51:00,06:51:00,79,
2026.07.24 06:52:00,06:52:00,77,
2026.07.24 06:53:00,06:53:00,77,
2026.07.24 06:54:00,06:54:00,75,
2026.07.24 06:55:00,06:55:00,76,
2026.07.24 06:56:00,06:56:00,71,
2026.07.24 06:57:00,06:57:00,76,
2026.07.24 06:58:00,06:58:00,75,
2026.07.24 06:59:00,06:59:00,70,
2026.07.24 07:00:00,07:00:00,74,
2026.07.24 07:01:00,07:01:00,73,
2026.07.24 07:02:00,07:02:00,74,
2026.07.24 07:03:00,07:03:00,67,
2026.07.24 07:04:00,07:04:00,66,
2026.07.24 07:05:00,07:05:00,70,
2026.07.24 07:06:00,07:06:00,66,
2026.07.24 07:07:00,07:07:00,69,
2026.07.24 07:08:00,07:08:00,62,
2026.07.24 07:09:00,07:09:00,60,
2026.07.24 07:10:00,07:10:00,64,
2026.07.24 07:11:00,07:11:00,61,
2026.07.24 07:12:00,07:12:00,80,
2026.07.24 07:13:00,07:13:00,81,
2026.07.24 07:14:00,07:14:00,74,
2026.07.24 07:15:00,07:15:00,84,
2026.07.24 07:16:00,07:16:00,86,
2026.07.24 07:17:00,07:17:00,85,
2026.07.24 07:18:00,07:18:00,84,
2026.07.24 07:19:00,07:19:00,82,
2026.07.24 07:20:00,07:20:00,79,
2026.07.24 07:21:00,07:21:00,84,
2026.07.24 07:22:00,07:22:00,82,
2026.07.24 07:23:00,07:23:00,81,
2026.07.24 07:24:00,07:24:00,87,
2026.07.24 07:25:00,07:25:00,87,
2026.07.24 07:26:00,07:26:00,80,
2026.07.24 07:27:00,07:27:00,84,
2026.07.24 07:28:00,07:28:00,86,
2026.07.24 07:29:00,07:29:00,80,
2026.07.24 07:30:00,07:30:00,77,
2026.07.24 07:31:00,07:31:00,83,
2026.07.24 07:32:00,07:32:00,78,
2026.07.24 07:33:00,07:33:00,86,
2026.07.24 07:34:00,07:34:00,79,
2026.07.24 07:35:00,07:35:00,81,
2026.07.24 07:36:00,07:36:00,76,
2026.07.24 07:37:00,07:37:00,78,
2026.07.24 07:38:00,07:38:00,86,
2026.07.24 07:39:00,07:39:00,84,
2026.07.24 07:40:00,07:40:00,81,
2026.07.24 07:41:00,07:41:00,78,
2026.07.24 07:42:00,07:42:00,78,
2026.07.24 07:43:00,07:43:00,79,
2026.07.24 07:44:00,07:44:00,87,
2026.07.24 07:45:00,07:45:00,86,
2026.07.24 07:46:00,07:46:00,84,
2026.07.24 07:47:00,07:47:00,91,
2026.07.24 07:48:00,07:48:00,83,
2026.07.24 07:49:00,07:49:00,82,
2026.07.24 07:50:00,07:50:00,103,
2026.07.24 07:51:00,07:51:00,105,
2026.07.24 07:52:00,07:52:00,102,
2026.07.24 07:53:00,07:53:00,103,
2026.07.24 07:54:00,07:54:00,94,
2026.07.24 07:55:00,07:55:00,80,
2026.07.24 07:56:00,07:56:00,88,
2026.07.24 07:57:00,07:57:00,93,
2026.07.24 07:58:00,07:58:00,85,
2026.07.24 07:59:00,07:59:00,92,
2026.07.24 08:00:00,08:00:00,86,
2026.07.24 08:01:00,08:01:00,90,
2026.07.24 08:02:00,08:02:00,84,
2026.07.24 08:03:00,08:03:00,82,
2026.07.24 08:04:00,08:04:00,84,
2026.07.24 08:05:00,08:05:00,77,
2026.07.24 08:06:00,08:06:00,77,
2026.07.24 08:07:00,08:07:00,78,
2026.07.24 08:08:00,08:08:00,80,
2026.07.24 08:09:00,08:09:00,79,
2026.07.24 08:10:00,08:10:00,76,
2026.07.24 08:11:00,08:11:00,72,
2026.07.24 08:12:00,08:12:00,79,
2026.07.24 08:13:00,08:13:00,80,
2026.07.24 08:14:00,08:14:00,82,
2026.07.24 08:15:00,08:15:00,81,
2026.07.24 08:16:00,08:16:00,68,
2026.07.24 08:17:00,08:17:00,78,
2026.07.24 08:18:00,08:18:00,80,
2026.07.24 08:19:00,08:19:00,72,
2026.07.24 08:20:00,08:20:00,66,
2026.07.24 08:21:00,08:21:00,67,
2026.07.24 08:22:00,08:22:00,75,
2026.07.24 08:23:00,08:23:00,87,
2026.07.24 08:24:00,08:24:00,89,
2026.07.24 08:25:00,08:25:00,84,
2026.07.24 08:26:00,08:26:00,84,
2026.07.24 08:27:00,08:27:00,77,
2026.07.24 08:28:00,08:28:00,80,
2026.07.24 08:29:00,08:29:00,81,
2026.07.24 08:30:00,08:30:00,79,
2026.07.24 08:31:00,08:31:00,77,
2026.07.24 08:32:00,08:32:00,84,
2026.07.24 08:33:00,08:33:00,88,
2026.07.24 08:34:00,08:34:00,84,
2026.07.24 08:35:00,08:35:00,78,
2026.07.24 08:36:00,08:36:00,68,
2026.07.24 08:37:00,08:37:00,63,
2026.07.24 08:38:00,08:38:00,72,
2026.07.24 08:39:00,08:39:00,73,
2026.07.24 08:40:00,08:40:00,72,
2026.07.24 08:41:00,08:41:00,73,
2026.07.24 08:42:00,08:42:00,73,
2026.07.24 08:43:00,08:43:00,77,
2026.07.24 08:44:00,08:44:00,67,
2026.07.24 08:45:00,08:45:00,67,
2026.07.24 08:46:00,08:46:00,82,
2026.07.24 08:47:00,08:47:00,86,
2026.07.24 08:48:00,08:48:00,88,
2026.07.24 08:49:00,08:49:00,90,
2026.07.24 08:50:00,08:50:00,87,
2026.07.24 08:51:00,08:51:00,88,
2026.07.24 08:52:00,08:52:00,84,
2026.07.24 08:53:00,08:53:00,94,
2026.07.24 08:54:00,08:54:00,92,
2026.07.24 08:55:00,08:55:00,85,
2026.07.24 08:56:00,08:56:00,91,
2026.07.24 08:57:00,08:57:00,89,
2026.07.24 08:58:00,08:58:00,86,
2026.07.24 08:59:00,08:59:00,84,
2026.07.24 09:00:00,09:00:00,86,
2026.07.24 09:01:00,09:01:00,85,
2026.07.24 09:02:00,09:02:00,88,
2026.07.24 09:03:00,09:03:00,88,
2026.07.24 09:04:00,09:04:00,107,
2026.07.24 09:05:00,09:05:00,86,
2026.07.24 09:06:00,09:06:00,96,
2026.07.24 09:07:00,09:07:00,98,
2026.07.24 09:08:00,09:08:00,86,
2026.07.24 09:09:00,09:09:00,88,
2026.07.24 09:10:00,09:10:00,95,
2026.07.24 09:11:00,09:11:00,89,
2026.07.24 09:12:00,09:12:00,85,
2026.07.24 09:13:00,09:13:00,87,
2026.07.24 09:14:00,09:14:00,85,
2026.07.24 09:15:00,09:15:00,82,
2026.07.24 09:16:00,09:16:00,85,
2026.07.24 09:17:00,09:17:00,86,
2026.07.24 09:18:00,09:18:00,83,
2026.07.24 09:19:00,09:19:00,86,
2026.07.24 09:20:00,09:20:00,88,
2026.07.24 09:21:00,09:21:00,84,
2026.07.24 09:22:00,09:22:00,82,
2026.07.24 09:23:00,09:23:00,87,
2026.07.24 09:24:00,09:24:00,88,
2026.07.24 09:25:00,09:25:00,83,
2026.07.24 09:26:00,09:26:00,87,
2026.07.24 09:27:00,09:27:00,86,
2026.07.24 09:28:00,09:28:00,85,
2026.07.24 09:29:00,09:29:00,88,
2026.07.24 09:30:00,09:30:00,86,
2026.07.24 09:31:00,09:31:00,86,
2026.07.24 09:32:00,09:32:00,85,
2026.07.24 09:33:00,09:33:00,88,
2026.07.24 09:34:00,09:34:00,93,
2026.07.24 09:35:00,09:35:00,82,
2026.07.24 09:36:00,09:36:00,85,
2026.07.24 09:37:00,09:37:00,80,
2026.07.24 09:38:00,09:38:00,90,
2026.07.24 09:39:00,09:39:00,86,
2026.07.24 09:40:00,09:40:00,81,
2026.07.24 09:41:00,09:41:00,80,
2026.07.24 09:42:00,09:42:00,82,
2026.07.24 09:43:00,09:43:00,82,
2026.07.24 09:44:00,09:44:00,83,
2026.07.24 09:45:00,09:45:00,75,
2026.07.24 09:46:00,09:46:00,81,
2026.07.24 09:47:00,09:47:00,83,
2026.07.24 09:48:00,09:48:00,80,
2026.07.24 09:49:00,09:49:00,91,
2026.07.24 09:50:00,09:50:00,83,
2026.07.24 09:51:00,09:51:00,85,
2026.07.24 09:52:00,09:52:00,81,
2026.07.24 09:53:00,09:53:00,91,
2026.07.24 09:54:00,09:54:00,87,
2026.07.24 09:55:00,09:55:00,86,
2026.07.24 09:56:00,09:56:00,90,
2026.07.24 09:57:00,09:57:00,84,
2026.07.24 09:58:00,09:58:00,83,
2026.07.24 09:59:00,09:59:00,86,
2026.07.24 10:00:00,10:00:00,84,
2026.07.24 10:01:00,10:01:00,83,
2026.07.24 10:02:00,10:02:00,74,
2026.07.24 10:03:00,10:03:00,79,
2026.07.24 10:04:00,10:04:00,78,
2026.07.24 10:05:00,10:05:00,79,
2026.07.24 10:06:00,10:06:00,81,
2026.07.24 10:07:00,10:07:00,79,
2026.07.24 10:08:00,10:08:00,85,
2026.07.24 10:09:00,10:09:00,77,
2026.07.24 10:10:00,10:10:00,91,
2026.07.24 10:11:00,10:11:00,84,
2026.07.24 10:12:00,10:12:00,79,
2026.07.24 10:13:00,10:13:00,82,
2026.07.24 10:14:00,10:14:00,100,
2026.07.24 10:15:00,10:15:00,88,
2026.07.24 10:16:00,10:16:00,87,
2026.07.24 10:17:00,10:17:00,85,
2026.07.24 10:18:00,10:18:00,94,
2026.07.24 10:19:00,10:19:00,94,
2026.07.24 10:20:00,10:20:00,98,
2026.07.24 10:21:00,10:21:00,97,
2026.07.24 10:22:00,10:22:00,106,
2026.07.24 10:23:00,10:23:00,111,
2026.07.24 10:24:00,10:24:00,112,
2026.07.24 10:25:00,10:25:00,95,
2026.07.24 10:26:00,10:26:00,101,
2026.07.24 10:27:00,10:27:00,97,
2026.07.24 10:28:00,10:28:00,102,
2026.07.24 10:29:00,10:29:00,101,
2026.07.24 10:30:00,10:30:00,84,
2026.07.24 10:31:00,10:31:00,95,
2026.07.24 10:32:00,10:32:00,80,
2026.07.24 10:33:00,10:33:00,81,
2026.07.24 10:34:00,10:34:00,78,
2026.07.24 10:35:00,10:35:00,83,
2026.07.24 10:36:00,10:36:00,90,
2026.07.24 10:37:00,10:37:00,85,
2026.07.24 10:38:00,10:38:00,88,
2026.07.24 10:39:00,10:39:00,94,
2026.07.24 10:40:00,10:40:00,97,
2026.07.24 10:41:00,10:41:00,108,
2026.07.24 10:42:00,10:42:00,101,
2026.07.24 10:43:00,10:43:00,99,
2026.07.24 10:44:00,10:44:00,78,
2026.07.24 10:45:00,10:45:00,74,
2026.07.24 10:46:00,10:46:00,84,
2026.07.24 10:47:00,10:47:00,75,
2026.07.24 10:48:00,10:48:00,75,
2026.07.24 10:49:00,10:49:00,65,
2026.07.24 10:50:00,10:50:00,64,
2026.07.24 10:51:00,10:51:00,62,
2026.07.24 10:52:00,10:52:00,71,
2026.07.24 10:53:00,10:53:00,65,
2026.07.24 10:55:00,10:55:00,65,
2026.07.24 11:37:00,11:37:00,58,
2026.07.24 11:38:00,11:38:00,56,
2026.07.24 11:39:00,11:39:00,56,
2026.07.24 11:40:00,11:40:00,56,
2026.07.24 11:41:00,11:41:00,56,
2026.07.24 11:42:00,11:42:00,53,
2026.07.24 11:43:00,11:43:00,55,
2026.07.24 11:44:00,11:44:00,57,
2026.07.24 11:45:00,11:45:00,58,
2026.07.24 11:46:00,11:46:00,58,
2026.07.24 11:47:00,11:47:00,59,
2026.07.24 11:48:00,11:48:00,58,
2026.07.24 11:49:00,11:49:00,59,
2026.07.24 11:50:00,11:50:00,60,
2026.07.24 11:56:00,11:56:00,94,
2026.07.24 12:08:00,12:08:00,80,
2026.07.24 12:09:00,12:09:00,58,
2026.07.24 12:10:00,12:10:00,58,
2026.07.24 12:11:00,12:11:00,57,
2026.07.24 12:12:00,12:12:00,55,
2026.07.24 12:13:00,12:13:00,63,
2026.07.24 12:14:00,12:14:00,61,
2026.07.24 12:15:00,12:15:00,65,
2026.07.24 12:16:00,12:16:00,64,
2026.07.24 12:17:00,12:17:00,62,
2026.07.24 12:18:00,12:18:00,67,
2026.07.24 12:19:00,12:19:00,64,
2026.07.24 12:20:00,12:20:00,63,
2026.07.24 12:21:00,12:21:00,74,
2026.07.24 12:22:00,12:22:00,60,
2026.07.24 12:23:00,12:23:00,63,
2026.07.24 12:24:00,12:24:00,61,
2026.07.24 12:25:00,12:25:00,60,
2026.07.24 12:26:00,12:26:00,64,
2026.07.24 12:27:00,12:27:00,59,
2026.07.24 12:28:00,12:28:00,61,
2026.07.24 12:29:00,12:29:00,60,
2026.07.24 12:30:00,12:30:00,62,
2026.07.24 12:31:00,12:31:00,57,
2026.07.24 12:32:00,12:32:00,60,
2026.07.24 12:33:00,12:33:00,64,
2026.07.24 12:34:00,12:34:00,62,
2026.07.24 12:35:00,12:35:00,61,
2026.07.24 12:36:00,12:36:00,59,
2026.07.24 12:37:00,12:37:00,59,
2026.07.24 12:38:00,12:38:00,59,
2026.07.24 12:39:00,12:39:00,62,
2026.07.24 12:40:00,12:40:00,63,
2026.07.24 12:41:00,12:41:00,61,
2026.07.24 12:42:00,12:42:00,62,
2026.07.24 12:43:00,12:43:00,63,
2026.07.24 12:44:00,12:44:00,63,
2026.07.24 12:45:00,12:45:00,63,
2026.07.24 12:46:00,12:46:00,65,
2026.07.24 12:47:00,12:47:00,65,
2026.07.24 12:48:00,12:48:00,64,
2026.07.24 12:49:00,12:49:00,64,
2026.07.24 12:50:00,12:50:00,64,
2026.07.24 12:51:00,12:51:00,64,
2026.07.24 12:52:00,12:52:00,64,
2026.07.24 12:53:00,12:53:00,65,
2026.07.24 12:54:00,12:54:00,65,
2026.07.24 12:55:00,12:55:00,65,
2026.07.24 12:56:00,12:56:00,65,
2026.07.24 12:57:00,12:57:00,64,
2026.07.24 12:58:00,12:58:00,64,
2026.07.24 12:59:00,12:59:00,64,
2026.07.24 13:00:00,13:00:00,65,
2026.07.24 13:01:00,13:01:00,64,
2026.07.24 13:02:00,13:02:00,65,
2026.07.24 13:03:00,13:03:00,65,
2026.07.24 13:04:00,13:04:00,64,
2026.07.24 13:05:00,13:05:00,64,
2026.07.24 13:06:00,13:06:00,65,
2026.07.24 13:07:00,13:07:00,63,
2026.07.24 13:08:00,13:08:00,64,
2026.07.24 13:09:00,13:09:00,64,
2026.07.24 13:10:00,13:10:00,65,
2026.07.24 13:11:00,13:11:00,63,
2026.07.24 13:12:00,13:12:00,64,
2026.07.24 13:13:00,13:13:00,64,
2026.07.24 13:14:00,13:14:00,64,
2026.07.24 13:15:00,13:15:00,61,
2026.07.24 13:16:00,13:16:00,69,
2026.07.24 13:17:00,13:17:00,60,
2026.07.24 13:18:00,13:18:00,55,
2026.07.24 13:19:00,13:19:00,54,
2026.07.24 13:20:00,13:20:00,54,
2026.07.24 13:21:00,13:21:00,51,
2026.07.24 13:22:00,13:22:00,50,
2026.07.24 13:23:00,13:23:00,52,
2026.07.24 13:24:00,13:24:00,53,
2026.07.24 13:25:00,13:25:00,54,
2026.07.24 13:26:00,13:26:00,55,
2026.07.24 13:27:00,13:27:00,53,
2026.07.24 13:28:00,13:28:00,54,
2026.07.24 13:29:00,13:29:00,53,
2026.07.24 13:30:00,13:30:00,54,
2026.07.24 13:31:00,13:31:00,59,
2026.07.24 13:32:00,13:32:00,56,
2026.07.24 13:33:00,13:33:00,55,
2026.07.24 13:34:00,13:34:00,59,
2026.07.24 13:35:00,13:35:00,53,
2026.07.24 13:36:00,13:36:00,54,
2026.07.24 13:37:00,13:37:00,56,
2026.07.24 13:38:00,13:38:00,58,
2026.07.24 13:39:00,13:39:00,56,
2026.07.24 13:40:00,13:40:00,56,
2026.07.24 13:41:00,13:41:00,58,
2026.07.24 13:42:00,13:42:00,57,
2026.07.24 13:43:00,13:43:00,57,
2026.07.24 13:44:00,13:44:00,58,
2026.07.24 13:45:00,13:45:00,58,
2026.07.24 13:46:00,13:46:00,59,
2026.07.24 13:47:00,13:47:00,54,
2026.07.24 13:48:00,13:48:00,55,
2026.07.24 13:49:00,13:49:00,54,
2026.07.24 13:50:00,13:50:00,55,
2026.07.24 13:51:00,13:51:00,55,
2026.07.24 13:52:00,13:52:00,62,
2026.07.24 13:53:00,13:53:00,56,
2026.07.24 13:54:00,13:54:00,54,
2026.07.24 13:55:00,13:55:00,55,
2026.07.24 13:56:00,13:56:00,56,
2026.07.24 13:57:00,13:57:00,53,
2026.07.24 13:58:00,13:58:00,55,
2026.07.24 13:59:00,13:59:00,56,
2026.07.24 14:00:00,14:00:00,57,
2026.07.24 14:01:00,14:01:00,58,
2026.07.24 14:02:00,14:02:00,58,
2026.07.24 14:03:00,14:03:00,58,
2026.07.24 14:04:00,14:04:00,59,
2026.07.24 14:05:00,14:05:00,59,
2026.07.24 14:06:00,14:06:00,62,
2026.07.24 14:07:00,14:07:00,58,
2026.07.24 14:08:00,14:08:00,59,
2026.07.24 14:09:00,14:09:00,58,
2026.07.24 14:10:00,14:10:00,59,
2026.07.24 14:11:00,14:11:00,58,
2026.07.24 14:12:00,14:12:00,59,
2026.07.24 14:13:00,14:13:00,58,
2026.07.24 14:14:00,14:14:00,59,
2026.07.24 14:15:00,14:15:00,58,
2026.07.24 14:16:00,14:16:00,58,
2026.07.24 14:17:00,14:17:00,59,
2026.07.24 14:18:00,14:18:00,84,
2026.07.24 14:19:00,14:19:00,60,
2026.07.24 14:20:00,14:20:00,65,
2026.07.24 14:21:00,14:21:00,68,
2026.07.24 14:22:00,14:22:00,55,
2026.07.24 14:23:00,14:23:00,56,
2026.07.24 14:24:00,14:24:00,55,
2026.07.24 14:25:00,14:25:00,61,
2026.07.24 14:26:00,14:26:00,56,
2026.07.24 14:27:00,14:27:00,57,
2026.07.24 14:28:00,14:28:00,57,
2026.07.24 14:29:00,14:29:00,62,
2026.07.24 14:30:00,14:30:00,59,
2026.07.24 14:31:00,14:31:00,56,
2026.07.24 14:32:00,14:32:00,61,
2026.07.24 14:33:00,14:33:00,66,
2026.07.24 14:34:00,14:34:00,66,
2026.07.24 14:35:00,14:35:00,63,
2026.07.24 14:36:00,14:36:00,69,
2026.07.24 14:37:00,14:37:00,70,
2026.07.24 14:38:00,14:38:00,65,
2026.07.24 14:39:00,14:39:00,66,
2026.07.24 14:40:00,14:40:00,64,
2026.07.24 14:41:00,14:41:00,65,
2026.07.24 14:42:00,14:42:00,69,
2026.07.24 14:43:00,14:43:00,75,
2026.07.24 14:44:00,14:44:00,58,
2026.07.24 14:45:00,14:45:00,55,
2026.07.24 14:46:00,14:46:00,52,
2026.07.24 14:47:00,14:47:00,55,
2026.07.24 14:48:00,14:48:00,56,
2026.07.24 14:49:00,14:49:00,56,
2026.07.24 14:50:00,14:50:00,57,
2026.07.24 14:51:00,14:51:00,58,
2026.07.24 14:52:00,14:52:00,57,
2026.07.24 14:53:00,14:53:00,55,
2026.07.24 14:54:00,14:54:00,56,
2026.07.24 14:55:00,14:55:00,59,
2026.07.24 14:56:00,14:56:00,60,
2026.07.24 14:57:00,14:57:00,58,
2026.07.24 14:58:00,14:58:00,60,
2026.07.24 14:59:00,14:59:00,58,
2026.07.24 15:00:00,15:00:00,59,
2026.07.24 15:01:00,15:01:00,59,
2026.07.24 15:02:00,15:02:00,60,
2026.07.24 15:03:00,15:03:00,61,
2026.07.24 15:04:00,15:04:00,62,
2026.07.24 15:05:00,15:05:00,60,
2026.07.24 15:06:00,15:06:00,65,
2026.07.24 15:07:00,15:07:00,60,
2026.07.24 15:08:00,15:08:00,60,
2026.07.24 15:09:00,15:09:00,55,
2026.07.24 15:10:00,15:10:00,56,
2026.07.24 15:11:00,15:11:00,55,
2026.07.24 15:12:00,15:12:00,62,
2026.07.24 15:13:00,15:13:00,54,
2026.07.24 15:14:00,15:14:00,55,
2026.07.24 15:15:00,15:15:00,54,
2026.07.24 15:16:00,15:16:00,54,
2026.07.24 15:17:00,15:17:00,55,
2026.07.24 15:18:00,15:18:00,56,
2026.07.24 15:19:00,15:19:00,57,
2026.07.24 15:20:00,15:20:00,57,
2026.07.24 15:21:00,15:21:00,56,
2026.07.24 15:22:00,15:22:00,58,
2026.07.24 15:23:00,15:23:00,57,
2026.07.24 15:24:00,15:24:00,57,
2026.07.24 15:25:00,15:25:00,60,
2026.07.24 15:26:00,15:26:00,56,
2026.07.24 15:27:00,15:27:00,55,
2026.07.24 15:28:00,15:28:00,57,
2026.07.24 15:29:00,15:29:00,55,
2026.07.24 15:30:00,15:30:00,58,
2026.07.24 15:31:00,15:31:00,58,
2026.07.24 15:32:00,15:32:00,59,
2026.07.24 15:33:00,15:33:00,59,
2026.07.24 15:34:00,15:34:00,60,
2026.07.24 15:35:00,15:35:00,60,
2026.07.24 15:36:00,15:36:00,60,
2026.07.24 15:37:00,15:37:00,60,
2026.07.24 15:38:00,15:38:00,62,
2026.07.24 15:39:00,15:39:00,65,
2026.07.24 15:40:00,15:40:00,58,
2026.07.24 15:41:00,15:41:00,60,
2026.07.24 15:42:00,15:42:00,73,
2026.07.24 15:43:00,15:43:00,78,
2026.07.24 15:44:00,15:44:00,77,
2026.07.24 15:45:00,15:45:00,71,
2026.07.24 15:46:00,15:46:00,77,
2026.07.24 15:47:00,15:47:00,70,
2026.07.24 15:48:00,15:48:00,70,
2026.07.24 15:49:00,15:49:00,68,
2026.07.24 15:50:00,15:50:00,67,
2026.07.24 15:51:00,15:51:00,65,
2026.07.24 15:52:00,15:52:00,70,
2026.07.24 15:53:00,15:53:00,70,
2026.07.24 15:54:00,15:54:00,70,
2026.07.24 15:55:00,15:55:00,64,
2026.07.24 15:56:00,15:56:00,70,
2026.07.24 15:57:00,15:57:00,87,
2026.07.24 15:58:00,15:58:00,95,
2026.07.24 15:59:00,15:59:00,63,
2026.07.24 16:00:00,16:00:00,85,
2026.07.24 16:01:00,16:01:00,94,
2026.07.24 16:02:00,16:02:00,79,
2026.07.24 16:03:00,16:03:00,94,
2026.07.24 16:04:00,16:04:00,90,
2026.07.24 16:05:00,16:05:00,88,
2026.07.24 16:06:00,16:06:00,93,
2026.07.24 16:07:00,16:07:00,70,
2026.07.24 16:08:00,16:08:00,65,
2026.07.24 16:09:00,16:09:00,64,
2026.07.24 16:10:00,16:10:00,63,
2026.07.24 16:11:00,16:11:00,72,
2026.07.24 16:12:00,16:12:00,83,
2026.07.24 16:13:00,16:13:00,84,
2026.07.24 16:14:00,16:14:00,92,
2026.07.24 16:15:00,16:15:00,92,
2026.07.24 16:16:00,16:16:00,77,
2026.07.24 16:17:00,16:17:00,85,
2026.07.24 16:18:00,16:18:00,81,
2026.07.24 16:19:00,16:19:00,74,
2026.07.24 16:20:00,16:20:00,73,
2026.07.24 16:21:00,16:21:00,78,
2026.07.24 16:22:00,16:22:00,91,
2026.07.24 16:23:00,16:23:00,84,
2026.07.24 16:24:00,16:24:00,80,
2026.07.24 16:25:00,16:25:00,88,
2026.07.24 16:26:00,16:26:00,74,
2026.07.24 16:27:00,16:27:00,88,
2026.07.24 16:28:00,16:28:00,88,
2026.07.24 16:29:00,16:29:00,122,
2026.07.24 16:30:00,16:30:00,96,
2026.07.24 16:31:00,16:31:00,103,
2026.07.24 16:32:00,16:32:00,90,
2026.07.24 16:33:00,16:33:00,85,
2026.07.24 16:34:00,16:34:00,87,
2026.07.24 16:35:00,16:35:00,83,
2026.07.24 16:36:00,16:36:00,94,
2026.07.24 16:37:00,16:37:00,91,
2026.07.24 16:38:00,16:38:00,98,
2026.07.24 16:39:00,16:39:00,102,
2026.07.24 16:40:00,16:40:00,91,
2026.07.24 16:41:00,16:41:00,101,
2026.07.24 16:42:00,16:42:00,108,
2026.07.24 16:43:00,16:43:00,105,
2026.07.24 16:44:00,16:44:00,100,
2026.07.24 16:45:00,16:45:00,105,
2026.07.24 16:46:00,16:46:00,104,
2026.07.24 16:47:00,16:47:00,104,
2026.07.24 16:48:00,16:48:00,116,
2026.07.24 16:49:00,16:49:00,119,
2026.07.24 16:50:00,16:50:00,124,
2026.07.24 16:51:00,16:51:00,125,
2026.07.24 16:52:00,16:52:00,115,
2026.07.24 16:53:00,16:53:00,106,
2026.07.24 16:54:00,16:54:00,99,
2026.07.24 16:55:00,16:55:00,102,
2026.07.24 16:56:00,16:56:00,101,
2026.07.24 16:57:00,16:57:00,106,
2026.07.24 16:58:00,16:58:00,104,
2026.07.24 16:59:00,16:59:00,108,
2026.07.24 17:00:00,17:00:00,97,
2026.07.24 17:01:00,17:01:00,94,
2026.07.24 17:02:00,17:02:00,95,
2026.07.24 17:03:00,17:03:00,95,
2026.07.24 17:04:00,17:04:00,95,
2026.07.24 17:05:00,17:05:00,93,
2026.07.24 17:06:00,17:06:00,96,
2026.07.24 17:07:00,17:07:00,97,
2026.07.24 17:08:00,17:08:00,95,
2026.07.24 17:09:00,17:09:00,93,
2026.07.24 17:10:00,17:10:00,95,
2026.07.24 17:11:00,17:11:00,94,
2026.07.24 17:12:00,17:12:00,98,
2026.07.24 17:13:00,17:13:00,100,
2026.07.24 17:14:00,17:14:00,102,
2026.07.24 17:15:00,17:15:00,95,
2026.07.24 17:16:00,17:16:00,91,
2026.07.24 17:17:00,17:17:00,92,
2026.07.24 17:18:00,17:18:00,90,
2026.07.24 17:19:00,17:19:00,85,
2026.07.24 17:20:00,17:20:00,82,
2026.07.24 17:21:00,17:21:00,93,
2026.07.24 17:22:00,17:22:00,94,
2026.07.24 17:23:00,17:23:00,94,
2026.07.24 17:24:00,17:24:00,91,
2026.07.24 17:25:00,17:25:00,83,
2026.07.24 17:26:00,17:26:00,83,
2026.07.24 17:27:00,17:27:00,85,
2026.07.24 17:28:00,17:28:00,84,
2026.07.24 17:29:00,17:29:00,86,
2026.07.24 17:30:00,17:30:00,92,
2026.07.24 17:31:00,17:31:00,86,
2026.07.24 17:32:00,17:32:00,82,
2026.07.24 17:33:00,17:33:00,86,
2026.07.24 17:34:00,17:34:00,85,
2026.07.24 17:35:00,17:35:00,83,
2026.07.24 17:36:00,17:36:00,81,
2026.07.24 17:37:00,17:37:00,93,
2026.07.24 17:38:00,17:38:00,88,
2026.07.24 17:39:00,17:39:00,89,
2026.07.24 17:40:00,17:40:00,92,
2026.07.24 17:41:00,17:41:00,93,
2026.07.24 17:42:00,17:42:00,88,
2026.07.24 17:43:00,17:43:00,89,
2026.07.24 17:44:00,17:44:00,96,
2026.07.24 17:45:00,17:45:00,96,
2026.07.24 17:46:00,17:46:00,95,
2026.07.24 17:47:00,17:47:00,93,
2026.07.24 17:48:00,17:48:00,95,
2026.07.24 17:49:00,17:49:00,95,
2026.07.24 17:50:00,17:50:00,94,
2026.07.24 17:51:00,17:51:00,85,
2026.07.24 17:52:00,17:52:00,101,
2026.07.24 17:53:00,17:53:00,104,
2026.07.24 17:54:00,17:54:00,107,
2026.07.24 17:55:00,17:55:00,89,
2026.07.24 17:56:00,17:56:00,95,
2026.07.24 17:57:00,17:57:00,118,
2026.07.24 17:58:00,17:58:00,106,
2026.07.24 17:59:00,17:59:00,100,
2026.07.24 18:00:00,18:00:00,107,
2026.07.24 18:01:00,18:01:00,95,
2026.07.24 18:02:00,18:02:00,89,
2026.07.24 18:03:00,18:03:00,77,
2026.07.24 18:04:00,18:04:00,81,
2026.07.24 18:05:00,18:05:00,71,
2026.07.24 18:06:00,18:06:00,78,
2026.07.24 18:07:00,18:07:00,80,
2026.07.24 18:08:00,18:08:00,71,
2026.07.24 18:09:00,18:09:00,72,
2026.07.24 18:10:00,18:10:00,83,
2026.07.24 18:11:00,18:11:00,72,
2026.07.24 18:12:00,18:12:00,71,
2026.07.24 18:13:00,18:13:00,86,
2026.07.24 18:14:00,18:14:00,69,
2026.07.24 18:15:00,18:15:00,70,
2026.07.24 18:16:00,18:16:00,71,
2026.07.24 18:17:00,18:17:00,69,
2026.07.24 18:18:00,18:18:00,65,
2026.07.24 18:19:00,18:19:00,73,
2026.07.24 18:20:00,18:20:00,79,
2026.07.24 18:21:00,18:21:00,74,
2026.07.24 18:22:00,18:22:00,69,
2026.07.24 18:23:00,18:23:00,72,
2026.07.24 18:24:00,18:24:00,70,
2026.07.24 18:25:00,18:25:00,71,
2026.07.24 18:26:00,18:26:00,72,
2026.07.24 18:27:00,18:27:00,70,
2026.07.24 18:28:00,18:28:00,76,
2026.07.24 18:29:00,18:29:00,70,
2026.07.24 18:30:00,18:30:00,72,
2026.07.24 18:31:00,18:31:00,70,
2026.07.24 18:32:00,18:32:00,75,
2026.07.24 18:33:00,18:33:00,78,
2026.07.24 18:34:00,18:34:00,79,
2026.07.24 18:35:00,18:35:00,75,
2026.07.24 18:36:00,18:36:00,73,
2026.07.24 18:37:00,18:37:00,70,
2026.07.24 18:38:00,18:38:00,80,
2026.07.24 18:39:00,18:39:00,74,
2026.07.24 18:40:00,18:40:00,78,
2026.07.24 18:41:00,18:41:00,78,
2026.07.24 18:42:00,18:42:00,76,
2026.07.24 18:43:00,18:43:00,69,
2026.07.24 18:44:00,18:44:00,67,
2026.07.24 18:45:00,18:45:00,72,
2026.07.24 18:46:00,18:46:00,71,
2026.07.24 18:50:00,18:50:00,69,
2026.07.24 18:51:00,18:51:00,72,
2026.07.24 18:52:00,18:52:00,83,
2026.07.24 18:53:00,18:53:00,91,
2026.07.24 18:54:00,18:54:00,77,
2026.07.24 18:55:00,18:55:00,79,
2026.07.24 18:56:00,18:56:00,80,
2026.07.24 18:57:00,18:57:00,81,
2026.07.24 18:58:00,18:58:00,82,
2026.07.24 18:59:00,18:59:00,84,
2026.07.24 19:00:00,19:00:00,72,
2026.07.24 19:01:00,19:01:00,80,
2026.07.24 19:02:00,19:02:00,76,
2026.07.24 19:03:00,19:03:00,78,
2026.07.24 19:04:00,19:04:00,81,
2026.07.24 19:05:00,19:05:00,86,
2026.07.24 19:06:00,19:06:00,83,
2026.07.24 19:07:00,19:07:00,96,
2026.07.24 19:08:00,19:08:00,90,
2026.07.24 19:09:00,19:09:00,97,
2026.07.24 19:10:00,19:10:00,99,
2026.07.24 19:11:00,19:11:00,90,
2026.07.24 19:12:00,19:12:00,93,
2026.07.24 19:13:00,19:13:00,89,
2026.07.24 19:14:00,19:14:00,89,
2026.07.24 19:15:00,19:15:00,102,
2026.07.24 19:16:00,19:16:00,80,
2026.07.24 19:17:00,19:17:00,77,
2026.07.24 19:18:00,19:18:00,85,
2026.07.24 19:19:00,19:19:00,82,
2026.07.24 19:20:00,19:20:00,67,
2026.07.24 19:21:00,19:21:00,68,
2026.07.24 19:22:00,19:22:00,82,
2026.07.24 19:23:00,19:23:00,74,
2026.07.24 19:24:00,19:24:00,82,
2026.07.24 19:25:00,19:25:00,77,
2026.07.24 19:26:00,19:26:00,78,
2026.07.24 19:27:00,19:27:00,79,
2026.07.24 19:28:00,19:28:00,86,
2026.07.24 19:29:00,19:29:00,82,
2026.07.24 19:30:00,19:30:00,75,
2026.07.24 19:31:00,19:31:00,88,
2026.07.24 19:32:00,19:32:00,76,
2026.07.24 19:33:00,19:33:00,79,
2026.07.24 19:34:00,19:34:00,86,
2026.07.24 19:35:00,19:35:00,88,
2026.07.24 19:36:00,19:36:00,74,
2026.07.24 19:37:00,19:37:00,80,
2026.07.24 19:38:00,19:38:00,76,
2026.07.24 19:39:00,19:39:00,76,
2026.07.24 19:40:00,19:40:00,84,
2026.07.24 19:41:00,19:41:00,82,
2026.07.24 19:42:00,19:42:00,80,
2026.07.24 19:43:00,19:43:00,80,
2026.07.24 19:44:00,19:44:00,88,
2026.07.24 19:45:00,19:45:00,79,
2026.07.24 19:46:00,19:46:00,77,
2026.07.24 19:47:00,19:47:00,82,
2026.07.24 19:48:00,19:48:00,76,
2026.07.24 19:49:00,19:49:00,75,
2026.07.24 19:50:00,19:50:00,81,
2026.07.24 19:51:00,19:51:00,77,
2026.07.24 19:52:00,19:52:00,86,
2026.07.24 19:53:00,19:53:00,83,
2026.07.24 19:54:00,19:54:00,85,
2026.07.24 19:55:00,19:55:00,81,
2026.07.24 19:56:00,19:56:00,80,
2026.07.24 19:57:00,19:57:00,83,
2026.07.24 19:58:00,19:58:00,97,
2026.07.24 19:59:00,19:59:00,95,
2026.07.24 20:00:00,20:00:00,91,
2026.07.24 20:01:00,20:01:00,75,
2026.07.24 20:02:00,20:02:00,84,
2026.07.24 20:03:00,20:03:00,79,
2026.07.24 20:04:00,20:04:00,74,
2026.07.24 20:05:00,20:05:00,74,
2026.07.24 20:06:00,20:06:00,76,
2026.07.24 20:07:00,20:07:00,70,
2026.07.24 20:08:00,20:08:00,74,
2026.07.24 20:09:00,20:09:00,82,
2026.07.24 20:10:00,20:10:00,85,
2026.07.24 20:11:00,20:11:00,71,
2026.07.24 20:12:00,20:12:00,70,
2026.07.24 20:13:00,20:13:00,76,
2026.07.24 20:14:00,20:14:00,73,
2026.07.24 20:15:00,20:15:00,74,
2026.07.24 20:16:00,20:16:00,72,
2026.07.24 20:17:00,20:17:00,80,
2026.07.24 20:18:00,20:18:00,84,
2026.07.24 20:19:00,20:19:00,85,
2026.07.24 20:20:00,20:20:00,83,
2026.07.24 20:21:00,20:21:00,87,
2026.07.24 20:22:00,20:22:00,84,
2026.07.24 20:23:00,20:23:00,85,
2026.07.24 20:24:00,20:24:00,88,
2026.07.24 20:25:00,20:25:00,82,
2026.07.24 20:26:00,20:26:00,83,
2026.07.24 20:27:00,20:27:00,89,
2026.07.24 20:28:00,20:28:00,87,
2026.07.24 20:29:00,20:29:00,90,
2026.07.24 20:30:00,20:30:00,82,
2026.07.24 20:31:00,20:31:00,79,
2026.07.24 20:32:00,20:32:00,83,
2026.07.24 20:33:00,20:33:00,85,
2026.07.24 20:34:00,20:34:00,80,
2026.07.24 20:35:00,20:35:00,83,
2026.07.24 20:36:00,20:36:00,88,
2026.07.24 20:37:00,20:37:00,94,
2026.07.24 20:38:00,20:38:00,79,
2026.07.24 20:39:00,20:39:00,85,
2026.07.24 20:40:00,20:40:00,74,
2026.07.24 20:41:00,20:41:00,75,
2026.07.24 20:42:00,20:42:00,76,
2026.07.24 20:43:00,20:43:00,72,
2026.07.24 20:44:00,20:44:00,73,
2026.07.24 20:45:00,20:45:00,77,
2026.07.24 20:46:00,20:46:00,71,
2026.07.24 20:47:00,20:47:00,77,
2026.07.24 20:48:00,20:48:00,80,
2026.07.24 20:49:00,20:49:00,73,
2026.07.24 20:50:00,20:50:00,74,
2026.07.24 20:51:00,20:51:00,74,
2026.07.24 20:52:00,20:52:00,83,
2026.07.24 20:53:00,20:53:00,78,
2026.07.24 20:54:00,20:54:00,77,
2026.07.24 20:55:00,20:55:00,77,
2026.07.24 20:56:00,20:56:00,87,
2026.07.24 20:57:00,20:57:00,80,
2026.07.24 20:58:00,20:58:00,79,
2026.07.24 20:59:00,20:59:00,77,
2026.07.24 21:00:00,21:00:00,80,
2026.07.24 21:01:00,21:01:00,77,
2026.07.24 21:02:00,21:02:00,77,
2026.07.24 21:03:00,21:03:00,80,
2026.07.24 21:04:00,21:04:00,79,
2026.07.24 21:05:00,21:05:00,74,
2026.07.24 21:06:00,21:06:00,76,
2026.07.24 21:07:00,21:07:00,85,
2026.07.24 21:08:00,21:08:00,83,
2026.07.24 21:09:00,21:09:00,85,
2026.07.24 21:10:00,21:10:00,77,
2026.07.24 21:11:00,21:11:00,75,
2026.07.24 21:12:00,21:12:00,76,
2026.07.24 21:13:00,21:13:00,81,
2026.07.24 21:14:00,21:14:00,84,
2026.07.24 21:15:00,21:15:00,92,
2026.07.24 21:16:00,21:16:00,86,
2026.07.24 21:17:00,21:17:00,85,
2026.07.24 21:18:00,21:18:00,89,
2026.07.24 21:19:00,21:19:00,87,
2026.07.24 21:20:00,21:20:00,86,
2026.07.24 21:21:00,21:21:00,85,
2026.07.24 21:22:00,21:22:00,94,
2026.07.24 21:23:00,21:23:00,92,
2026.07.24 21:24:00,21:24:00,87,
2026.07.24 21:25:00,21:25:00,88,
2026.07.24 21:26:00,21:26:00,87,
2026.07.24 21:27:00,21:27:00,94,
2026.07.24 21:28:00,21:28:00,88,
2026.07.24 21:29:00,21:29:00,88,
2026.07.24 21:30:00,21:30:00,86,
2026.07.24 21:31:00,21:31:00,93,
2026.07.24 21:32:00,21:32:00,86,
2026.07.24 21:33:00,21:33:00,91,
2026.07.24 21:34:00,21:34:00,103,
2026.07.24 21:35:00,21:35:00,98,
2026.07.24 21:36:00,21:36:00,97,
2026.07.24 21:37:00,21:37:00,92,
2026.07.24 21:38:00,21:38:00,94,
2026.07.24 21:39:00,21:39:00,100,
2026.07.24 21:40:00,21:40:00,100,
2026.07.24 21:41:00,21:41:00,94,
2026.07.24 21:42:00,21:42:00,93,
2026.07.24 21:43:00,21:43:00,92,
2026.07.24 21:44:00,21:44:00,94,
2026.07.24 21:45:00,21:45:00,97,
2026.07.24 21:46:00,21:46:00,98,
2026.07.24 21:47:00,21:47:00,79,
2026.07.24 21:48:00,21:48:00,83,
2026.07.24 21:49:00,21:49:00,81,
2026.07.24 21:50:00,21:50:00,84,
2026.07.24 21:51:00,21:51:00,79,
2026.07.24 21:52:00,21:52:00,83,
2026.07.24 21:53:00,21:53:00,82,
2026.07.24 21:54:00,21:54:00,82,
2026.07.24 21:55:00,21:55:00,84,
2026.07.24 21:56:00,21:56:00,80,
2026.07.24 21:57:00,21:57:00,77,
2026.07.24 21:58:00,21:58:00,78,
2026.07.24 21:59:00,21:59:00,76,
2026.07.24 22:00:00,22:00:00,72,
2026.07.24 22:01:00,22:01:00,75,
2026.07.24 22:02:00,22:02:00,71,
2026.07.24 22:03:00,22:03:00,76,
2026.07.24 22:04:00,22:04:00,90,
2026.07.24 22:05:00,22:05:00,71,
2026.07.24 22:06:00,22:06:00,84,
2026.07.24 22:07:00,22:07:00,83,
2026.07.24 22:08:00,22:08:00,94,
2026.07.24 22:09:00,22:09:00,92,
2026.07.24 22:10:00,22:10:00,95,
2026.07.24 22:11:00,22:11:00,83,
2026.07.24 22:12:00,22:12:00,77,
2026.07.24 22:13:00,22:13:00,74,
2026.07.24 22:14:00,22:14:00,76,
2026.07.24 22:15:00,22:15:00,73,
2026.07.24 22:16:00,22:16:00,80,
2026.07.24 22:17:00,22:17:00,82,
2026.07.24 22:18:00,22:18:00,74,
2026.07.24 22:19:00,22:19:00,84,
2026.07.24 22:20:00,22:20:00,82,
2026.07.24 22:21:00,22:21:00,81,
2026.07.24 22:22:00,22:22:00,82,
2026.07.24 22:23:00,22:23:00,75,
2026.07.24 22:24:00,22:24:00,87,
2026.07.24 22:25:00,22:25:00,87,
2026.07.24 22:26:00,22:26:00,75,
2026.07.24 22:27:00,22:27:00,75,
2026.07.24 22:28:00,22:28:00,83,
2026.07.24 22:29:00,22:29:00,82,
2026.07.24 22:30:00,22:30:00,90,
2026.07.24 22:31:00,22:31:00,86,
2026.07.24 22:32:00,22:32:00,89,
2026.07.24 22:33:00,22:33:00,93,
2026.07.24 22:34:00,22:34:00,76,
2026.07.24 22:35:00,22:35:00,85,
2026.07.24 22:36:00,22:36:00,81,
2026.07.24 22:37:00,22:37:00,89,
2026.07.24 22:38:00,22:38:00,88,
2026.07.24 22:39:00,22:39:00,85,
2026.07.24 22:40:00,22:40:00,78,
2026.07.24 22:41:00,22:41:00,75,
2026.07.24 22:42:00,22:42:00,73,
2026.07.24 22:43:00,22:43:00,78,
2026.07.24 22:44:00,22:44:00,79,
2026.07.24 22:45:00,22:45:00,80,
2026.07.24 22:46:00,22:46:00,75,
2026.07.24 22:47:00,22:47:00,83,
2026.07.24 22:48:00,22:48:00,86,
2026.07.24 22:49:00,22:49:00,76,
2026.07.24 22:50:00,22:50:00,66,
2026.07.24 22:51:00,22:51:00,82,
2026.07.24 22:52:00,22:52:00,77,
2026.07.24 22:53:00,22:53:00,70,
2026.07.24 22:54:00,22:54:00,64,
2026.07.24 22:55:00,22:55:00,76,
2026.07.24 22:56:00,22:56:00,68,
2026.07.24 22:57:00,22:57:00,68,
2026.07.24 22:58:00,22:58:00,67,
2026.07.24 22:59:00,22:59:00,71,
2026.07.24 23:00:00,23:00:00,71,
2026.07.24 23:01:00,23:01:00,95,
2026.07.24 23:02:00,23:02:00,75,
2026.07.24 23:03:00,23:03:00,63,
2026.07.24 23:04:00,23:04:00,62,
2026.07.24 23:05:00,23:05:00,61,
2026.07.24 23:06:00,23:06:00,61,
2026.07.24 23:07:00,23:07:00,63,
2026.07.24 23:08:00,23:08:00,74,
2026.07.24 23:09:00,23:09:00,64,
2026.07.24 23:10:00,23:10:00,65,
2026.07.24 23:11:00,23:11:00,64,
2026.07.24 23:12:00,23:12:00,63,
2026.07.24 23:13:00,23:13:00,63,
2026.07.24 23:14:00,23:14:00,62,
2026.07.24 23:15:00,23:15:00,63,
2026.07.24 23:16:00,23:16:00,63,
2026.07.24 23:17:00,23:17:00,64,
2026.07.24 23:18:00,23:18:00,62,
2026.07.24 23:19:00,23:19:00,59,
2026.07.24 23:20:00,23:20:00,61,
2026.07.24 23:21:00,23:21:00,64,
2026.07.24 23:22:00,23:22:00,61,
2026.07.24 23:23:00,23:23:00,58,
2026.07.24 23:24:00,23:24:00,58,
2026.07.24 23:25:00,23:25:00,61,
2026.07.24 23:26:00,23:26:00,58,
2026.07.24 23:27:00,23:27:00,60,
2026.07.24 23:28:00,23:28:00,59,
2026.07.24 23:29:00,23:29:00,59,
2026.07.24 23:30:00,23:30:00,62,
2026.07.24 23:31:00,23:31:00,61,
2026.07.24 23:32:00,23:32:00,61,
2026.07.24 23:33:00,23:33:00,62,
2026.07.24 23:34:00,23:34:00,60,
2026.07.24 23:35:00,23:35:00,61,
2026.07.24 23:36:00,23:36:00,61,
2026.07.24 23:37:00,23:37:00,57,
2026.07.24 23:38:00,23:38:00,58,
2026.07.24 23:39:00,23:39:00,59,
2026.07.24 23:40:00,23:40:00,58,
2026.07.24 23:41:00,23:41:00,59,
2026.07.24 23:42:00,23:42:00,59,
2026.07.24 23:43:00,23:43:00,60,
2026.07.24 23:44:00,23:44:00,60,
2026.07.24 23:45:00,23:45:00,60,
2026.07.24 23:46:00,23:46:00,58,
2026.07.24 23:47:00,23:47:00,60,
2026.07.24 23:48:00,23:48:00,60,
2026.07.24 23:49:00,23:49:00,61,
2026.07.24 23:50:00,23:50:00,59,
2026.07.24 23:51:00,23:51:00,58,
2026.07.24 23:52:00,23:52:00,59,
2026.07.24 23:53:00,23:53:00,60,
2026.07.24 23:54:00,23:54:00,60,
2026.07.24 23:55:00,23:55:00,59,
2026.07.24 23:56:00,23:56:00,59,
2026.07.24 23:57:00,23:57:00,60,
2026.07.24 23:58:00,23:58:00,59,
2026.07.24 23:59:00,23:59:00,58,
2026.07.25 00:00:00,00:00:00,60,
2026.07.25 00:01:00,00:01:00,58,
2026.07.25 00:02:00,00:02:00,65,
2026.07.25 00:03:00,00:03:00,70,
2026.07.25 00:04:00,00:04:00,60,
2026.07.25 00:05:00,00:05:00,60,
2026.07.25 00:06:00,00:06:00,59,
2026.07.25 00:07:00,00:07:00,60,
2026.07.25 00:08:00,00:08:00,59,
2026.07.25 00:09:00,00:09:00,54,
2026.07.25 00:10:00,00:10:00,54,
2026.07.25 00:11:00,00:11:00,56,
2026.07.25 00:12:00,00:12:00,55,
2026.07.25 00:13:00,00:13:00,55,
2026.07.25 00:14:00,00:14:00,53,
2026.07.25 00:15:00,00:15:00,56,
2026.07.25 00:16:00,00:16:00,55,
2026.07.25 00:17:00,00:17:00,55,
2026.07.25 00:18:00,00:18:00,57,
2026.07.25 00:19:00,00:19:00,58,
2026.07.25 00:20:00,00:20:00,61,
2026.07.25 00:21:00,00:21:00,60,
2026.07.25 00:22:00,00:22:00,58,
2026.07.25 00:23:00,00:23:00,57,
2026.07.25 00:24:00,00:24:00,58,
2026.07.25 00:25:00,00:25:00,59,
2026.07.25 00:26:00,00:26:00,56,
2026.07.25 00:27:00,00:27:00,58,
2026.07.25 00:28:00,00:28:00,55,
2026.07.25 00:29:00,00:29:00,57,
2026.07.25 00:30:00,00:30:00,59,
2026.07.25 00:31:00,00:31:00,59,
2026.07.25 00:32:00,00:32:00,57,
2026.07.25 00:33:00,00:33:00,55,
2026.07.25 00:34:00,00:34:00,57,
2026.07.25 00:35:00,00:35:00,54,
2026.07.25 00:36:00,00:36:00,51,
2026.07.25 00:37:00,00:37:00,56,
2026.07.25 00:38:00,00:38:00,56,
2026.07.25 00:39:00,00:39:00,56,
2026.07.25 00:40:00,00:40:00,56,
2026.07.25 00:41:00,00:41:00,56,
2026.07.25 00:42:00,00:42:00,58,
2026.07.25 00:43:00,00:43:00,54,
2026.07.25 00:44:00,00:44:00,56,
2026.07.25 00:45:00,00:45:00,56,
2026.07.25 00:46:00,00:46:00,57,
2026.07.25 00:47:00,00:47:00,56,
2026.07.25 00:48:00,00:48:00,56,
2026.07.25 00:49:00,00:49:00,57,
2026.07.25 00:50:00,00:50:00,56,
2026.07.25 00:51:00,00:51:00,54,
2026.07.25 00:52:00,00:52:00,56,
2026.07.25 00:53:00,00:53:00,54,
2026.07.25 00:54:00,00:54:00,73,
2026.07.25 00:55:00,00:55:00,49,
2026.07.25 00:56:00,00:56:00,54,
2026.07.25 00:57:00,00:57:00,53,
2026.07.25 00:58:00,00:58:00,54,
2026.07.25 00:59:00,00:59:00,54,
2026.07.25 01:00:00,01:00:00,53,
2026.07.25 01:01:00,01:01:00,54,
2026.07.25 01:02:00,01:02:00,54,
2026.07.25 01:03:00,01:03:00,53,
2026.07.25 01:04:00,01:04:00,53,
2026.07.25 01:05:00,01:05:00,54,
2026.07.25 01:06:00,01:06:00,53,
2026.07.25 01:07:00,01:07:00,53,
2026.07.25 01:08:00,01:08:00,54,
2026.07.25 01:09:00,01:09:00,55,
2026.07.25 01:10:00,01:10:00,54,
2026.07.25 01:11:00,01:11:00,53,
2026.07.25 01:12:00,01:12:00,54,
2026.07.25 01:13:00,01:13:00,53,
2026.07.25 01:14:00,01:14:00,53,
2026.07.25 01:15:00,01:15:00,55,
2026.07.25 01:16:00,01:16:00,54,
2026.07.25 01:17:00,01:17:00,53,
2026.07.25 01:18:00,01:18:00,54,
2026.07.25 01:19:00,01:19:00,54,
2026.07.25 01:20:00,01:20:00,54,
2026.07.25 01:21:00,01:21:00,53,
2026.07.25 01:22:00,01:22:00,54,
2026.07.25 01:23:00,01:23:00,59,
2026.07.25 01:24:00,01:24:00,74,
2026.07.25 01:25:00,01:25:00,59,
2026.07.25 01:26:00,01:26:00,56,
2026.07.25 01:27:00,01:27:00,54,
2026.07.25 01:28:00,01:28:00,54,
2026.07.25 01:29:00,01:29:00,55,
2026.07.25 01:30:00,01:30:00,54,
2026.07.25 01:31:00,01:31:00,67,
2026.07.25 01:32:00,01:32:00,62,
2026.07.25 01:33:00,01:33:00,57,
2026.07.25 01:34:00,01:34:00,50,
2026.07.25 01:35:00,01:35:00,50,
2026.07.25 01:36:00,01:36:00,52,
2026.07.25 01:37:00,01:37:00,51,
2026.07.25 01:38:00,01:38:00,52,
2026.07.25 01:39:00,01:39:00,53,
2026.07.25 01:40:00,01:40:00,51,
2026.07.25 01:41:00,01:41:00,53,
2026.07.25 01:42:00,01:42:00,53,
2026.07.25 01:43:00,01:43:00,52,
2026.07.25 01:44:00,01:44:00,53,
2026.07.25 01:45:00,01:45:00,54,
2026.07.25 01:46:00,01:46:00,54,
2026.07.25 01:47:00,01:47:00,61,
2026.07.25 01:48:00,01:48:00,48,
2026.07.25 01:49:00,01:49:00,49,
2026.07.25 01:50:00,01:50:00,51,
2026.07.25 01:51:00,01:51:00,64,
2026.07.25 01:52:00,01:52:00,50,
2026.07.25 01:53:00,01:53:00,49,
2026.07.25 01:54:00,01:54:00,56,
2026.07.25 01:55:00,01:55:00,69,
2026.07.25 01:56:00,01:56:00,55,
2026.07.25 01:57:00,01:57:00,54,
2026.07.25 01:58:00,01:58:00,54,
2026.07.25 01:59:00,01:59:00,54,
2026.07.25 02:00:00,02:00:00,52,
2026.07.25 02:01:00,02:01:00,55,
2026.07.25 02:02:00,02:02:00,57,
2026.07.25 02:03:00,02:03:00,55,
2026.07.25 02:04:00,02:04:00,58,
2026.07.25 02:05:00,02:05:00,62,
2026.07.25 02:06:00,02:06:00,59,
2026.07.25 02:07:00,02:07:00,61,
2026.07.25 02:08:00,02:08:00,53,
2026.07.25 02:09:00,02:09:00,53,
2026.07.25 02:10:00,02:10:00,66,
2026.07.25 02:11:00,02:11:00,60,
2026.07.25 02:12:00,02:12:00,61,
2026.07.25 02:13:00,02:13:00,59,
2026.07.25 02:14:00,02:14:00,61,
2026.07.25 02:15:00,02:15:00,80,
2026.07.25 02:16:00,02:16:00,62,
2026.07.25 02:17:00,02:17:00,61,
2026.07.25 02:18:00,02:18:00,59,
2026.07.25 02:19:00,02:19:00,64,
2026.07.25 02:20:00,02:20:00,63,
2026.07.25 02:21:00,02:21:00,65,
2026.07.25 02:22:00,02:22:00,66,
2026.07.25 02:23:00,02:23:00,66,
2026.07.25 02:24:00,02:24:00,71,
2026.07.25 02:25:00,02:25:00,69,
2026.07.25 02:26:00,02:26:00,69,
2026.07.25 02:27:00,02:27:00,69,
2026.07.25 02:28:00,02:28:00,69,
2026.07.25 02:29:00,02:29:00,57,
2026.07.25 02:30:00,02:30:00,62,
2026.07.25 02:31:00,02:31:00,61,
2026.07.25 02:32:00,02:32:00,62,
2026.07.25 02:33:00,02:33:00,70,
2026.07.25 02:34:00,02:34:00,68,
2026.07.25 02:35:00,02:35:00,64,
2026.07.25 02:36:00,02:36:00,64,
2026.07.25 02:37:00,02:37:00,63,
2026.07.25 02:38:00,02:38:00,66,
2026.07.25 02:39:00,02:39:00,66,
2026.07.25 02:40:00,02:40:00,66,
2026.07.25 02:41:00,02:41:00,60,
2026.07.25 02:42:00,02:42:00,64,
2026.07.25 02:43:00,02:43:00,69,
2026.07.25 02:44:00,02:44:00,63,
2026.07.25 02:45:00,02:45:00,64,
2026.07.25 02:46:00,02:46:00,62,
2026.07.25 02:47:00,02:47:00,73,
2026.07.25 02:48:00,02:48:00,60,
2026.07.25 02:49:00,02:49:00,62,
2026.07.25 02:50:00,02:50:00,60,
2026.07.25 02:51:00,02:51:00,62,
2026.07.25 02:52:00,02:52:00,61,
2026.07.25 02:53:00,02:53:00,56,
2026.07.25 02:54:00,02:54:00,68,
2026.07.25 02:55:00,02:55:00,69,
2026.07.25 02:56:00,02:56:00,66,
2026.07.25 02:57:00,02:57:00,65,
2026.07.25 02:58:00,02:58:00,73,
2026.07.25 02:59:00,02:59:00,71,
2026.07.25 03:00:00,03:00:00,69,
2026.07.25 03:01:00,03:01:00,60,
2026.07.25 03:02:00,03:02:00,62,
2026.07.25 03:03:00,03:03:00,62,
2026.07.25 03:04:00,03:04:00,61,
2026.07.25 03:05:00,03:05:00,59,
2026.07.25 03:06:00,03:06:00,62,
2026.07.25 03:07:00,03:07:00,59,
2026.07.25 03:08:00,03:08:00,54,
2026.07.25 03:09:00,03:09:00,64,
2026.07.25 03:10:00,03:10:00,66,
2026.07.25 03:11:00,03:11:00,67,
2026.07.25 03:12:00,03:12:00,69,
2026.07.25 03:13:00,03:13:00,62,
2026.07.25 03:14:00,03:14:00,57,
2026.07.25 03:15:00,03:15:00,62,
2026.07.25 03:16:00,03:16:00,61,
2026.07.25 03:17:00,03:17:00,62,
2026.07.25 03:18:00,03:18:00,65,
2026.07.25 03:19:00,03:19:00,72,
2026.07.25 03:20:00,03:20:00,69,
2026.07.25 03:21:00,03:21:00,59,
2026.07.25 03:22:00,03:22:00,57,
2026.07.25 03:23:00,03:23:00,62,
2026.07.25 03:24:00,03:24:00,58,
2026.07.25 03:25:00,03:25:00,56,
2026.07.25 03:26:00,03:26:00,58,
2026.07.25 03:27:00,03:27:00,59,
2026.07.25 03:28:00,03:28:00,60,
2026.07.25 03:29:00,03:29:00,55,
2026.07.25 03:30:00,03:30:00,57,
2026.07.25 03:31:00,03:31:00,58,
2026.07.25 03:32:00,03:32:00,60,
2026.07.25 03:33:00,03:33:00,60,
2026.07.25 03:34:00,03:34:00,61,
2026.07.25 03:35:00,03:35:00,60,
2026.07.25 03:36:00,03:36:00,61,
2026.07.25 03:37:00,03:37:00,60,
2026.07.25 03:38:00,03:38:00,60,
2026.07.25 03:39:00,03:39:00,62,
2026.07.25 03:40:00,03:40:00,62,
2026.07.25 03:41:00,03:41:00,62,
2026.07.25 03:42:00,03:42:00,61,
2026.07.25 03:43:00,03:43:00,63,
2026.07.25 03:44:00,03:44:00,63,
2026.07.25 03:45:00,03:45:00,63,
2026.07.25 03:46:00,03:46:00,64,
2026.07.25 03:47:00,03:47:00,64,
2026.07.25 03:48:00,03:48:00,61,
2026.07.25 03:49:00,03:49:00,63,
2026.07.25 03:50:00,03:50:00,64,
2026.07.25 03:51:00,03:51:00,61,
2026.07.25 03:52:00,03:52:00,63,
2026.07.25 03:53:00,03:53:00,64,
2026.07.25 03:54:00,03:54:00,64,
2026.07.25 03:55:00,03:55:00,61,
2026.07.25 03:56:00,03:56:00,64,
2026.07.25 03:57:00,03:57:00,65,
2026.07.25 03:58:00,03:58:00,63,
2026.07.25 03:59:00,03:59:00,64,
2026.07.25 04:00:00,04:00:00,65,
2026.07.25 04:01:00,04:01:00,63,
2026.07.25 04:02:00,04:02:00,65,
2026.07.25 04:03:00,04:03:00,63,
2026.07.25 04:04:00,04:04:00,62,
2026.07.25 04:05:00,04:05:00,64,
2026.07.25 04:06:00,04:06:00,61,
2026.07.25 04:07:00,04:07:00,60,
2026.07.25 04:08:00,04:08:00,61,
2026.07.25 04:09:00,04:09:00,82,
2026.07.25 04:10:00,04:10:00,53,
2026.07.25 04:11:00,04:11:00,55,
2026.07.25 04:12:00,04:12:00,52,
2026.07.25 04:13:00,04:13:00,60,
2026.07.25 04:14:00,04:14:00,61,
2026.07.25 04:15:00,04:15:00,58,
2026.07.25 04:16:00,04:16:00,61,
2026.07.25 04:17:00,04:17:00,61,
2026.07.25 04:18:00,04:18:00,60,
2026.07.25 04:19:00,04:19:00,66,
2026.07.25 04:20:00,04:20:00,58,
2026.07.25 04:21:00,04:21:00,58,
2026.07.25 04:22:00,04:22:00,59,
2026.07.25 04:23:00,04:23:00,61,
2026.07.25 04:24:00,04:24:00,62,
2026.07.25 04:25:00,04:25:00,61,
2026.07.25 04:26:00,04:26:00,62,
2026.07.25 04:27:00,04:27:00,61,
2026.07.25 04:28:00,04:28:00,62,
2026.07.25 04:29:00,04:29:00,62,
2026.07.25 04:30:00,04:30:00,66,
2026.07.25 04:31:00,04:31:00,72,
2026.07.25 04:32:00,04:32:00,64,
2026.07.25 04:33:00,04:33:00,63,
2026.07.25 04:34:00,04:34:00,69,
2026.07.25 04:35:00,04:35:00,69,
2026.07.25 04:36:00,04:36:00,66,
2026.07.25 04:37:00,04:37:00,67,
2026.07.25 04:38:00,04:38:00,70,
2026.07.25 04:39:00,04:39:00,61,
2026.07.25 04:40:00,04:40:00,65,
2026.07.25 04:41:00,04:41:00,60,
2026.07.25 04:42:00,04:42:00,63,
2026.07.25 04:43:00,04:43:00,67,
2026.07.25 04:44:00,04:44:00,60,
2026.07.25 04:45:00,04:45:00,59,
2026.07.25 04:46:00,04:46:00,62,
2026.07.25 04:47:00,04:47:00,64,
2026.07.25 04:48:00,04:48:00,63,
2026.07.25 04:49:00,04:49:00,64,
2026.07.25 04:50:00,04:50:00,66,
2026.07.25 04:51:00,04:51:00,61,
2026.07.25 04:52:00,04:52:00,69,
2026.07.25 04:53:00,04:53:00,58,
2026.07.25 04:54:00,04:54:00,60,
2026.07.25 04:55:00,04:55:00,59,
2026.07.25 04:56:00,04:56:00,63,
2026.07.25 04:57:00,04:57:00,59,
2026.07.25 04:58:00,04:58:00,55,
2026.07.25 04:59:00,04:59:00,64,
2026.07.25 05:00:00,05:00:00,60,
2026.07.25 05:01:00,05:01:00,60,
2026.07.25 05:02:00,05:02:00,60,
2026.07.25 05:03:00,05:03:00,62,
2026.07.25 05:04:00,05:04:00,60,
2026.07.25 05:05:00,05:05:00,60,
2026.07.25 05:06:00,05:06:00,62,
2026.07.25 05:07:00,05:07:00,64,
2026.07.25 05:08:00,05:08:00,64,
2026.07.25 05:09:00,05:09:00,64,
2026.07.25 05:10:00,05:10:00,61,
2026.07.25 05:11:00,05:11:00,65,
2026.07.25 05:12:00,05:12:00,66,
2026.07.25 05:13:00,05:13:00,62,
2026.07.25 05:14:00,05:14:00,65,
2026.07.25 05:15:00,05:15:00,65,
2026.07.25 05:16:00,05:16:00,67,
2026.07.25 05:17:00,05:17:00,84,
2026.07.25 05:18:00,05:18:00,69,
2026.07.25 05:19:00,05:19:00,64,
2026.07.25 05:20:00,05:20:00,62,
2026.07.25 05:21:00,05:21:00,60,
2026.07.25 05:22:00,05:22:00,61,
2026.07.25 05:23:00,05:23:00,61,
2026.07.25 05:24:00,05:24:00,65,
2026.07.25 05:25:00,05:25:00,64,
2026.07.25 05:26:00,05:26:00,64,
2026.07.25 05:27:00,05:27:00,63,
2026.07.25 05:28:00,05:28:00,65,
2026.07.25 05:29:00,05:29:00,66,
2026.07.25 05:30:00,05:30:00,65,
2026.07.25 05:31:00,05:31:00,66,
2026.07.25 05:32:00,05:32:00,67,
2026.07.25 05:33:00,05:33:00,71,
2026.07.25 05:34:00,05:34:00,67,
2026.07.25 05:35:00,05:35:00,66,
2026.07.25 05:36:00,05:36:00,70,
2026.07.25 05:37:00,05:37:00,52,
2026.07.25 05:38:00,05:38:00,54,
2026.07.25 05:39:00,05:39:00,54,
2026.07.25 05:40:00,05:40:00,57,
2026.07.25 05:41:00,05:41:00,57,
2026.07.25 05:42:00,05:42:00,56,
2026.07.25 05:43:00,05:43:00,58,
2026.07.25 05:44:00,05:44:00,58,
2026.07.25 05:45:00,05:45:00,58,
2026.07.25 05:46:00,05:46:00,59,
2026.07.25 05:47:00,05:47:00,59,
2026.07.25 05:48:00,05:48:00,60,
2026.07.25 05:49:00,05:49:00,62,
2026.07.25 05:50:00,05:50:00,72,
2026.07.25 05:51:00,05:51:00,65,
2026.07.25 05:52:00,05:52:00,65,
2026.07.25 05:53:00,05:53:00,64,
2026.07.25 05:54:00,05:54:00,63,
2026.07.25 05:55:00,05:55:00,62,
2026.07.25 05:56:00,05:56:00,61,
2026.07.25 05:57:00,05:57:00,63,
2026.07.25 05:58:00,05:58:00,68,
2026.07.25 05:59:00,05:59:00,71,
2026.07.25 06:00:00,06:00:00,72,
2026.07.25 06:01:00,06:01:00,59,
2026.07.25 06:02:00,06:02:00,65,
2026.07.25 06:03:00,06:03:00,63,
2026.07.25 06:04:00,06:04:00,61,
2026.07.25 06:05:00,06:05:00,63,
2026.07.25 06:06:00,06:06:00,59,
2026.07.25 06:07:00,06:07:00,68,
2026.07.25 06:08:00,06:08:00,64,
2026.07.25 06:09:00,06:09:00,69,
2026.07.25 06:10:00,06:10:00,70,
2026.07.25 06:11:00,06:11:00,69,
2026.07.25 06:12:00,06:12:00,72,
2026.07.25 06:13:00,06:13:00,67,
2026.07.25 06:14:00,06:14:00,69,
2026.07.25 06:15:00,06:15:00,85,
2026.07.25 06:16:00,06:16:00,61,
2026.07.25 06:17:00,06:17:00,62,
2026.07.25 06:18:00,06:18:00,63,
2026.07.25 06:19:00,06:19:00,62,
2026.07.25 06:20:00,06:20:00,63,
2026.07.25 06:21:00,06:21:00,66,
2026.07.25 06:22:00,06:22:00,70,
2026.07.25 06:23:00,06:23:00,60,
2026.07.25 06:24:00,06:24:00,66,
2026.07.25 06:25:00,06:25:00,66,
2026.07.25 06:26:00,06:26:00,61,
2026.07.25 06:27:00,06:27:00,68,
2026.07.25 06:28:00,06:28:00,65,
2026.07.25 06:29:00,06:29:00,63,
2026.07.25 06:30:00,06:30:00,64,
2026.07.25 06:31:00,06:31:00,61,
2026.07.25 06:32:00,06:32:00,64,
2026.07.25 06:33:00,06:33:00,58,
2026.07.25 06:34:00,06:34:00,54,
2026.07.25 06:35:00,06:35:00,58,
2026.07.25 06:36:00,06:36:00,57,
2026.07.25 06:37:00,06:37:00,57,
2026.07.25 06:38:00,06:38:00,60,
2026.07.25 06:39:00,06:39:00,64,
2026.07.25 06:40:00,06:40:00,64,
2026.07.25 06:41:00,06:41:00,55,
2026.07.25 06:42:00,06:42:00,59,
2026.07.25 06:43:00,06:43:00,60,
2026.07.25 06:44:00,06:44:00,59,
2026.07.25 06:45:00,06:45:00,60,
2026.07.25 06:46:00,06:46:00,61,
2026.07.25 06:47:00,06:47:00,62,
2026.07.25 06:48:00,06:48:00,59,
2026.07.25 06:49:00,06:49:00,60,
2026.07.25 06:50:00,06:50:00,61,
2026.07.25 06:51:00,06:51:00,60,
2026.07.25 06:52:00,06:52:00,61,
2026.07.25 06:53:00,06:53:00,61,
2026.07.25 06:54:00,06:54:00,62,
2026.07.25 06:55:00,06:55:00,64,
2026.07.25 06:56:00,06:56:00,60,
2026.07.25 06:57:00,06:57:00,62,
2026.07.25 06:58:00,06:58:00,62,
2026.07.25 06:59:00,06:59:00,63,
2026.07.25 07:00:00,07:00:00,62,
2026.07.25 07:01:00,07:01:00,61,
2026.07.25 07:02:00,07:02:00,60,
2026.07.25 07:03:00,07:03:00,61,
2026.07.25 07:04:00,07:04:00,62,
2026.07.25 07:05:00,07:05:00,63,
2026.07.25 07:06:00,07:06:00,65,
2026.07.25 07:07:00,07:07:00,76,
2026.07.25 07:08:00,07:08:00,63,
2026.07.25 07:09:00,07:09:00,58,
2026.07.25 07:10:00,07:10:00,64,
2026.07.25 07:11:00,07:11:00,60,
2026.07.25 07:12:00,07:12:00,63,
2026.07.25 07:13:00,07:13:00,59,
2026.07.25 07:14:00,07:14:00,58,
2026.07.25 07:15:00,07:15:00,61,
2026.07.25 07:16:00,07:16:00,58,
2026.07.25 07:17:00,07:17:00,60,
2026.07.25 07:18:00,07:18:00,60,
2026.07.25 07:19:00,07:19:00,61,
2026.07.25 07:20:00,07:20:00,63,
2026.07.25 07:21:00,07:21:00,61,
2026.07.25 07:22:00,07:22:00,64,
2026.07.25 07:23:00,07:23:00,58,
2026.07.25 07:24:00,07:24:00,58,
2026.07.25 07:25:00,07:25:00,60,
2026.07.25 07:26:00,07:26:00,61,
2026.07.25 07:27:00,07:27:00,60,
2026.07.25 07:28:00,07:28:00,65,
2026.07.25 07:29:00,07:29:00,71,
2026.07.25 07:30:00,07:30:00,74,
2026.07.25 07:31:00,07:31:00,70,
2026.07.25 07:32:00,07:32:00,70,
2026.07.25 07:33:00,07:33:00,71,
2026.07.25 07:34:00,07:34:00,91,
2026.07.25 07:35:00,07:35:00,73,
2026.07.25 07:36:00,07:36:00,70,
2026.07.25 07:37:00,07:37:00,68,
2026.07.25 07:38:00,07:38:00,61,
2026.07.25 07:39:00,07:39:00,85,
2026.07.25 07:40:00,07:40:00,101,
2026.07.25 07:41:00,07:41:00,89,
2026.07.25 07:42:00,07:42:00,67,
2026.07.25 07:43:00,07:43:00,74,
2026.07.25 07:44:00,07:44:00,68,
2026.07.25 07:45:00,07:45:00,69,
2026.07.25 07:46:00,07:46:00,64,
2026.07.25 07:47:00,07:47:00,63,
2026.07.25 07:48:00,07:48:00,75,
2026.07.25 07:49:00,07:49:00,73,
2026.07.25 07:50:00,07:50:00,69,
2026.07.25 07:51:00,07:51:00,72,
2026.07.25 07:52:00,07:52:00,74,
2026.07.25 07:53:00,07:53:00,62,
2026.07.25 07:54:00,07:54:00,71,
2026.07.25 07:55:00,07:55:00,73,
2026.07.25 07:56:00,07:56:00,73,
2026.07.25 07:57:00,07:57:00,65,
2026.07.25 07:58:00,07:58:00,63,
2026.07.25 07:59:00,07:59:00,60,
2026.07.25 08:00:00,08:00:00,60,
2026.07.25 08:01:00,08:01:00,61,
2026.07.25 08:02:00,08:02:00,58,
2026.07.25 08:03:00,08:03:00,63,
2026.07.25 08:04:00,08:04:00,61,
2026.07.25 08:05:00,08:05:00,60,
2026.07.25 08:06:00,08:06:00,59,
2026.07.25 08:07:00,08:07:00,73,
2026.07.25 08:08:00,08:08:00,67,
2026.07.25 08:09:00,08:09:00,88,
2026.07.25 08:10:00,08:10:00,89,
2026.07.25 08:11:00,08:11:00,85,
2026.07.25 08:12:00,08:12:00,86,
2026.07.25 08:34:00,08:34:00,82,
2026.07.25 08:35:00,08:35:00,90,
2026.07.25 08:36:00,08:36:00,92,
2026.07.25 08:37:00,08:37:00,91,
2026.07.25 08:38:00,08:38:00,87,
2026.07.25 08:39:00,08:39:00,86,
2026.07.25 08:40:00,08:40:00,89,
2026.07.25 08:41:00,08:41:00,84,
2026.07.25 08:42:00,08:42:00,87,
2026.07.25 08:43:00,08:43:00,85,
2026.07.25 08:44:00,08:44:00,80,
2026.07.25 08:45:00,08:45:00,91,
2026.07.25 08:46:00,08:46:00,88,
2026.07.25 08:47:00,08:47:00,91,
2026.07.25 08:48:00,08:48:00,84,
2026.07.25 08:49:00,08:49:00,83,
2026.07.25 08:50:00,08:50:00,62,
2026.07.25 08:51:00,08:51:00,69,
2026.07.25 08:52:00,08:52:00,69,
2026.07.25 08:53:00,08:53:00,67,
2026.07.25 08:54:00,08:54:00,74,
2026.07.25 08:55:00,08:55:00,68,
2026.07.25 08:56:00,08:56:00,67,
2026.07.25 08:57:00,08:57:00,68,
2026.07.25 08:58:00,08:58:00,67,
2026.07.25 08:59:00,08:59:00,67,
2026.07.25 09:00:00,09:00:00,77,
2026.07.25 09:01:00,09:01:00,83,
2026.07.25 09:02:00,09:02:00,89,
2026.07.25 09:03:00,09:03:00,86,
2026.07.25 09:04:00,09:04:00,90,
2026.07.25 09:05:00,09:05:00,78,
2026.07.25 09:06:00,09:06:00,83,
2026.07.25 09:07:00,09:07:00,76,
2026.07.25 09:08:00,09:08:00,79,
2026.07.25 09:09:00,09:09:00,78,
2026.07.25 09:10:00,09:10:00,75,
2026.07.25 09:11:00,09:11:00,86,
2026.07.25 09:12:00,09:12:00,80,
2026.07.25 09:13:00,09:13:00,79,
2026.07.25 09:14:00,09:14:00,79,
2026.07.25 09:15:00,09:15:00,78,
2026.07.25 09:16:00,09:16:00,75,
2026.07.25 09:17:00,09:17:00,80,
2026.07.25 09:18:00,09:18:00,91,
2026.07.25 09:19:00,09:19:00,74,
2026.07.25 09:20:00,09:20:00,70,
2026.07.25 09:21:00,09:21:00,78,
2026.07.25 09:22:00,09:22:00,80,
2026.07.25 09:23:00,09:23:00,92,
2026.07.25 09:24:00,09:24:00,84,
2026.07.25 09:25:00,09:25:00,87,
2026.07.25 09:26:00,09:26:00,92,
2026.07.25 09:27:00,09:27:00,88,
2026.07.25 09:28:00,09:28:00,86,
2026.07.25 09:29:00,09:29:00,92,
2026.07.25 09:30:00,09:30:00,89,
2026.07.25 09:31:00,09:31:00,88,
2026.07.25 09:32:00,09:32:00,96,
2026.07.25 09:33:00,09:33:00,94,
2026.07.25 09:34:00,09:34:00,77,
2026.07.25 09:35:00,09:35:00,80,
2026.07.25 09:36:00,09:36:00,86,
2026.07.25 09:37:00,09:37:00,99,
2026.07.25 09:38:00,09:38:00,69,
2026.07.25 09:39:00,09:39:00,76,
2026.07.25 09:40:00,09:40:00,78,
2026.07.25 09:41:00,09:41:00,77,
2026.07.25 09:42:00,09:42:00,80,
2026.07.25 09:43:00,09:43:00,82,
2026.07.25 09:44:00,09:44:00,89,
2026.07.25 09:45:00,09:45:00,84,
2026.07.25 09:46:00,09:46:00,81,
2026.07.25 09:47:00,09:47:00,76,
2026.07.25 09:48:00,09:48:00,86,
2026.07.25 09:49:00,09:49:00,91,
2026.07.25 09:50:00,09:50:00,115,
2026.07.25 09:51:00,09:51:00,116,
2026.07.25 09:52:00,09:52:00,90,
2026.07.25 09:53:00,09:53:00,94,
2026.07.25 09:54:00,09:54:00,95,
2026.07.25 09:55:00,09:55:00,90,
2026.07.25 09:56:00,09:56:00,99,
2026.07.25 09:57:00,09:57:00,93,
2026.07.25 09:58:00,09:58:00,77,
2026.07.25 09:59:00,09:59:00,71,
2026.07.25 10:00:00,10:00:00,74,
2026.07.25 10:01:00,10:01:00,73,
2026.07.25 10:02:00,10:02:00,76,
2026.07.25 10:03:00,10:03:00,75,
2026.07.25 10:04:00,10:04:00,74,
2026.07.25 10:05:00,10:05:00,76,
2026.07.25 10:06:00,10:06:00,92,
2026.07.25 10:07:00,10:07:00,107,
2026.07.25 10:08:00,10:08:00,98,
2026.07.25 10:09:00,10:09:00,103,
2026.07.25 10:10:00,10:10:00,91,
2026.07.25 10:11:00,10:11:00,95,
2026.07.25 10:12:00,10:12:00,90,
2026.07.25 10:13:00,10:13:00,89,
2026.07.25 10:14:00,10:14:00,95,
2026.07.25 10:15:00,10:15:00,85,
2026.07.25 10:16:00,10:16:00,74,
2026.07.25 10:17:00,10:17:00,74,
2026.07.25 10:18:00,10:18:00,72,
2026.07.25 10:19:00,10:19:00,78,
2026.07.25 10:20:00,10:20:00,79,
2026.07.25 10:21:00,10:21:00,72,
2026.07.25 10:22:00,10:22:00,79,
2026.07.25 10:23:00,10:23:00,79,
2026.07.25 10:24:00,10:24:00,76,
2026.07.25 10:25:00,10:25:00,80,
2026.07.25 10:26:00,10:26:00,73,
2026.07.25 10:27:00,10:27:00,73,
2026.07.25 10:28:00,10:28:00,80,
2026.07.25 10:29:00,10:29:00,74,
2026.07.25 10:30:00,10:30:00,85,
2026.07.25 10:31:00,10:31:00,81,
2026.07.25 10:32:00,10:32:00,78,
2026.07.25 10:33:00,10:33:00,75,
2026.07.25 10:34:00,10:34:00,77,
2026.07.25 10:35:00,10:35:00,77,
2026.07.25 10:36:00,10:36:00,75,
2026.07.25 10:37:00,10:37:00,74,
2026.07.25 10:38:00,10:38:00,78,
2026.07.25 10:39:00,10:39:00,77,
2026.07.25 10:40:00,10:40:00,80,
2026.07.25 10:41:00,10:41:00,75,
2026.07.25 10:42:00,10:42:00,71,
2026.07.25 10:43:00,10:43:00,78,
2026.07.25 10:44:00,10:44:00,75,
2026.07.25 10:45:00,10:45:00,73,
2026.07.25 10:46:00,10:46:00,70,
2026.07.25 10:47:00,10:47:00,74,
2026.07.25 10:48:00,10:48:00,74,
2026.07.25 10:49:00,10:49:00,76,
2026.07.25 10:50:00,10:50:00,76,
2026.07.25 10:51:00,10:51:00,82,
2026.07.25 10:52:00,10:52:00,77,
2026.07.25 10:53:00,10:53:00,94,
2026.07.25 10:54:00,10:54:00,81,
2026.07.25 10:55:00,10:55:00,72,
2026.07.25 10:56:00,10:56:00,75,
2026.07.25 10:57:00,10:57:00,76,
2026.07.25 10:58:00,10:58:00,72,
2026.07.25 10:59:00,10:59:00,75,
2026.07.25 11:00:00,11:00:00,73,
2026.07.25 11:01:00,11:01:00,79,
2026.07.25 11:02:00,11:02:00,71,
2026.07.25 11:03:00,11:03:00,76,
2026.07.25 11:04:00,11:04:00,74,
2026.07.25 11:05:00,11:05:00,72,
2026.07.25 11:06:00,11:06:00,70,
2026.07.25 11:07:00,11:07:00,67,
2026.07.25 11:08:00,11:08:00,72,
2026.07.25 11:09:00,11:09:00,74,
2026.07.25 11:10:00,11:10:00,71,
2026.07.25 11:11:00,11:11:00,70,
2026.07.25 11:12:00,11:12:00,70,
2026.07.25 11:13:00,11:13:00,66,
2026.07.25 11:14:00,11:14:00,72,
2026.07.25 11:15:00,11:15:00,71,
2026.07.25 11:16:00,11:16:00,75,
2026.07.25 11:17:00,11:17:00,77,
2026.07.25 11:18:00,11:18:00,75,
2026.07.25 11:19:00,11:19:00,75,
2026.07.25 11:20:00,11:20:00,73,
2026.07.25 11:21:00,11:21:00,85,
2026.07.25 11:22:00,11:22:00,80,
2026.07.25 11:23:00,11:23:00,72,
2026.07.25 11:24:00,11:24:00,81,
2026.07.25 11:25:00,11:25:00,75,
2026.07.25 11:26:00,11:26:00,74,
2026.07.25 11:27:00,11:27:00,70,
2026.07.25 11:28:00,11:28:00,77,
2026.07.25 11:29:00,11:29:00,76,
2026.07.25 11:30:00,11:30:00,76,
2026.07.25 11:31:00,11:31:00,70,
2026.07.25 11:32:00,11:32:00,71,
2026.07.25 11:33:00,11:33:00,74,
2026.07.25 11:34:00,11:34:00,76,
2026.07.25 11:35:00,11:35:00,73,
2026.07.25 11:36:00,11:36:00,78,
2026.07.25 11:37:00,11:37:00,77,
2026.07.25 11:38:00,11:38:00,84,
2026.07.25 11:39:00,11:39:00,72,
2026.07.25 11:40:00,11:40:00,81,
2026.07.25 11:41:00,11:41:00,86,
2026.07.25 11:42:00,11:42:00,82,
2026.07.25 11:43:00,11:43:00,81,
2026.07.25 11:44:00,11:44:00,77,
2026.07.25 11:45:00,11:45:00,81,
2026.07.25 11:46:00,11:46:00,76,
2026.07.25 11:47:00,11:47:00,76,
2026.07.25 11:48:00,11:48:00,77,
2026.07.25 11:49:00,11:49:00,78,
2026.07.25 11:50:00,11:50:00,72,
2026.07.25 11:51:00,11:51:00,74,
2026.07.25 11:52:00,11:52:00,73,
2026.07.25 11:53:00,11:53:00,69,
2026.07.25 11:54:00,11:54:00,72,
2026.07.25 11:55:00,11:55:00,76,
2026.07.25 11:56:00,11:56:00,73,
2026.07.25 11:57:00,11:57:00,73,
2026.07.25 11:58:00,11:58:00,75,
2026.07.25 11:59:00,11:59:00,81,
2026.07.25 12:00:00,12:00:00,97,
2026.07.25 12:01:00,12:01:00,93,
2026.07.25 12:02:00,12:02:00,89,
2026.07.25 12:03:00,12:03:00,87,
2026.07.25 12:04:00,12:04:00,89,
2026.07.25 12:05:00,12:05:00,87,
2026.07.25 12:06:00,12:06:00,88,
2026.07.25 12:07:00,12:07:00,80,
2026.07.25 12:08:00,12:08:00,81,
2026.07.25 12:09:00,12:09:00,72,
2026.07.25 12:10:00,12:10:00,85,
2026.07.25 12:11:00,12:11:00,81,
2026.07.25 12:12:00,12:12:00,82,
2026.07.25 12:13:00,12:13:00,73,
2026.07.25 12:14:00,12:14:00,76,
2026.07.25 12:15:00,12:15:00,83,
2026.07.25 12:16:00,12:16:00,81,
2026.07.25 12:17:00,12:17:00,94,
2026.07.25 12:18:00,12:18:00,95,
2026.07.25 12:19:00,12:19:00,95,
2026.07.25 12:20:00,12:20:00,80,
2026.07.25 12:21:00,12:21:00,89,
2026.07.25 12:22:00,12:22:00,99,
2026.07.25 12:23:00,12:23:00,91,
2026.07.25 12:24:00,12:24:00,90,
2026.07.25 12:25:00,12:25:00,91,
2026.07.25 12:26:00,12:26:00,88,
2026.07.25 12:27:00,12:27:00,88,
2026.07.25 12:28:00,12:28:00,88,
2026.07.25 12:29:00,12:29:00,87,
2026.07.25 12:30:00,12:30:00,95,
2026.07.25 12:31:00,12:31:00,89,
2026.07.25 12:32:00,12:32:00,93,
2026.07.25 12:33:00,12:33:00,98,
2026.07.25 12:34:00,12:34:00,95,
2026.07.25 12:35:00,12:35:00,97,
2026.07.25 12:36:00,12:36:00,98,
2026.07.25 12:37:00,12:37:00,97,
2026.07.25 12:38:00,12:38:00,101,
2026.07.25 12:39:00,12:39:00,96,
2026.07.25 12:40:00,12:40:00,104,
2026.07.25 12:41:00,12:41:00,101,
2026.07.25 12:42:00,12:42:00,96,
2026.07.25 12:43:00,12:43:00,97,
2026.07.25 12:44:00,12:44:00,93,
2026.07.25 12:45:00,12:45:00,98,
2026.07.25 12:46:00,12:46:00,97,
2026.07.25 12:47:00,12:47:00,100,
2026.07.25 12:48:00,12:48:00,108,
2026.07.25 12:49:00,12:49:00,95,
2026.07.25 12:50:00,12:50:00,96,
2026.07.25 12:51:00,12:51:00,96,
2026.07.25 12:52:00,12:52:00,99,
2026.07.25 12:53:00,12:53:00,106,
2026.07.25 12:54:00,12:54:00,109,
2026.07.25 12:55:00,12:55:00,112,
2026.07.25 12:56:00,12:56:00,119,
2026.07.25 12:57:00,12:57:00,115,
2026.07.25 12:58:00,12:58:00,108,
2026.07.25 12:59:00,12:59:00,111,
2026.07.25 13:00:00,13:00:00,115,
2026.07.25 13:01:00,13:01:00,107,
2026.07.25 13:02:00,13:02:00,104,
2026.07.25 13:03:00,13:03:00,110,
2026.07.25 13:04:00,13:04:00,121,
2026.07.25 13:05:00,13:05:00,123,
2026.07.25 13:06:00,13:06:00,107,
2026.07.25 13:07:00,13:07:00,101,
2026.07.25 13:08:00,13:08:00,94,
2026.07.25 13:09:00,13:09:00,86,
2026.07.25 13:10:00,13:10:00,92,
2026.07.25 13:11:00,13:11:00,92,
2026.07.25 13:12:00,13:12:00,96,
2026.07.25 13:13:00,13:13:00,95,
2026.07.25 13:14:00,13:14:00,91,
2026.07.25 13:15:00,13:15:00,94,
2026.07.25 13:16:00,13:16:00,91,
2026.07.25 13:17:00,13:17:00,93,
2026.07.25 13:18:00,13:18:00,95,
2026.07.25 13:19:00,13:19:00,88,
2026.07.25 13:20:00,13:20:00,93,
2026.07.25 13:21:00,13:21:00,91,
2026.07.25 13:22:00,13:22:00,91,
2026.07.25 13:23:00,13:23:00,92,
2026.07.25 13:24:00,13:24:00,89,
2026.07.25 13:25:00,13:25:00,93,
2026.07.25 13:26:00,13:26:00,90,
2026.07.25 13:27:00,13:27:00,94,
2026.07.25 13:28:00,13:28:00,86,
2026.07.25 13:29:00,13:29:00,91,
2026.07.25 13:30:00,13:30:00,88,
2026.07.25 13:31:00,13:31:00,84,
2026.07.25 13:32:00,13:32:00,87,
2026.07.25 13:33:00,13:33:00,89,
2026.07.25 13:34:00,13:34:00,84,
2026.07.25 13:35:00,13:35:00,95,
2026.07.25 13:36:00,13:36:00,82,
2026.07.25 13:37:00,13:37:00,91,
2026.07.25 13:38:00,13:38:00,90,
2026.07.25 13:39:00,13:39:00,89,
2026.07.25 13:40:00,13:40:00,90,
2026.07.25 13:41:00,13:41:00,93,
2026.07.25 13:42:00,13:42:00,92,
2026.07.25 13:43:00,13:43:00,99,
2026.07.25 13:44:00,13:44:00,98,
2026.07.25 13:45:00,13:45:00,94,
2026.07.25 13:46:00,13:46:00,91,
2026.07.25 13:47:00,13:47:00,87,
2026.07.25 13:48:00,13:48:00,97,
2026.07.25 13:49:00,13:49:00,88,
2026.07.25 13:50:00,13:50:00,86,
2026.07.25 13:51:00,13:51:00,90,
2026.07.25 13:52:00,13:52:00,87,
2026.07.25 13:53:00,13:53:00,83,
2026.07.25 13:54:00,13:54:00,86,
2026.07.25 13:55:00,13:55:00,87,
2026.07.25 13:56:00,13:56:00,89,
2026.07.25 13:57:00,13:57:00,93,
2026.07.25 13:58:00,13:58:00,90,
2026.07.25 13:59:00,13:59:00,86,
2026.07.25 14:00:00,14:00:00,97,
2026.07.25 14:01:00,14:01:00,94,
2026.07.25 14:02:00,14:02:00,89,
2026.07.25 14:03:00,14:03:00,95,
2026.07.25 14:04:00,14:04:00,77,
2026.07.25 14:05:00,14:05:00,79,
2026.07.25 14:06:00,14:06:00,85,
2026.07.25 14:07:00,14:07:00,86,
2026.07.25 14:08:00,14:08:00,85,
2026.07.25 14:09:00,14:09:00,90,
2026.07.25 14:10:00,14:10:00,111,
2026.07.25 14:11:00,14:11:00,96,
2026.07.25 14:12:00,14:12:00,94,
2026.07.25 14:13:00,14:13:00,100,
2026.07.25 14:14:00,14:14:00,100,
2026.07.25 14:15:00,14:15:00,92,
2026.07.25 14:16:00,14:16:00,99,
2026.07.25 14:17:00,14:17:00,87,
2026.07.25 14:18:00,14:18:00,92,
2026.07.25 14:19:00,14:19:00,81,
2026.07.25 14:20:00,14:20:00,95,
2026.07.25 14:21:00,14:21:00,89,
2026.07.25 14:22:00,14:22:00,87,
2026.07.25 14:23:00,14:23:00,92,
2026.07.25 14:24:00,14:24:00,89,
2026.07.25 14:25:00,14:25:00,97,
2026.07.25 14:26:00,14:26:00,94,
2026.07.25 14:27:00,14:27:00,95,
2026.07.25 14:28:00,14:28:00,99,
2026.07.25 14:29:00,14:29:00,94,
2026.07.25 14:30:00,14:30:00,99,
2026.07.25 14:31:00,14:31:00,86,
2026.07.25 14:32:00,14:32:00,91,
2026.07.25 14:33:00,14:33:00,102,
2026.07.25 14:34:00,14:34:00,90,
2026.07.25 14:35:00,14:35:00,124,
2026.07.25 14:36:00,14:36:00,106,
2026.07.25 14:37:00,14:37:00,128,
2026.07.25 14:38:00,14:38:00,123,
2026.07.25 14:39:00,14:39:00,139,
2026.07.25 14:40:00,14:40:00,135,
2026.07.25 14:41:00,14:41:00,125,
2026.07.25 14:42:00,14:42:00,138,
2026.07.25 14:43:00,14:43:00,148,
2026.07.25 14:44:00,14:44:00,150,
2026.07.25 14:45:00,14:45:00,144,
2026.07.25 14:46:00,14:46:00,123,
2026.07.25 14:47:00,14:47:00,117,
2026.07.25 14:48:00,14:48:00,132,
2026.07.25 14:49:00,14:49:00,137,
2026.07.25 14:50:00,14:50:00,142,
2026.07.25 14:51:00,14:51:00,142,
2026.07.25 14:52:00,14:52:00,138,
2026.07.25 14:53:00,14:53:00,126,
2026.07.25 14:54:00,14:54:00,120,
2026.07.25 14:55:00,14:55:00,115,
2026.07.25 14:56:00,14:56:00,126,
2026.07.25 14:57:00,14:57:00,120,
2026.07.25 14:58:00,14:58:00,112,
2026.07.25 14:59:00,14:59:00,113,
2026.07.25 15:00:00,15:00:00,111,
2026.07.25 15:01:00,15:01:00,123,
2026.07.25 15:02:00,15:02:00,116,
2026.07.25 15:03:00,15:03:00,115,
2026.07.25 15:04:00,15:04:00,115,
2026.07.25 15:05:00,15:05:00,114,
2026.07.25 15:06:00,15:06:00,127,
2026.07.25 15:07:00,15:07:00,107,
2026.07.25 15:08:00,15:08:00,118,
2026.07.25 15:09:00,15:09:00,125,
2026.07.25 15:10:00,15:10:00,122,
2026.07.25 15:11:00,15:11:00,125,
2026.07.25 15:12:00,15:12:00,109,
2026.07.25 15:13:00,15:13:00,117,
2026.07.25 15:14:00,15:14:00,116,
2026.07.25 15:15:00,15:15:00,107,
2026.07.25 15:16:00,15:16:00,107,
2026.07.25 15:17:00,15:17:00,116,
2026.07.25 15:18:00,15:18:00,129,
2026.07.25 15:19:00,15:19:00,135,
2026.07.25 15:20:00,15:20:00,151,
2026.07.25 15:21:00,15:21:00,118,
2026.07.25 15:22:00,15:22:00,121,
2026.07.25 15:23:00,15:23:00,123,
2026.07.25 15:24:00,15:24:00,134,
2026.07.25 15:25:00,15:25:00,118,
2026.07.25 15:26:00,15:26:00,119,
2026.07.25 15:27:00,15:27:00,114,
2026.07.25 15:28:00,15:28:00,117,
2026.07.25 15:29:00,15:29:00,130,
2026.07.25 15:30:00,15:30:00,160,
2026.07.25 15:31:00,15:31:00,172,
2026.07.25 15:32:00,15:32:00,140,
2026.07.25 15:33:00,15:33:00,136,
2026.07.25 15:34:00,15:34:00,125,
2026.07.25 15:35:00,15:35:00,126,
2026.07.25 15:36:00,15:36:00,124,
2026.07.25 15:37:00,15:37:00,145,
2026.07.25 15:38:00,15:38:00,127,
2026.07.25 15:39:00,15:39:00,119,
2026.07.25 15:40:00,15:40:00,127,
2026.07.25 15:41:00,15:41:00,120,
2026.07.25 15:42:00,15:42:00,117,
2026.07.25 15:43:00,15:43:00,114,
2026.07.25 15:44:00,15:44:00,118,
2026.07.25 15:45:00,15:45:00,119,
2026.07.25 15:46:00,15:46:00,124,
2026.07.25 15:47:00,15:47:00,128,
2026.07.25 15:48:00,15:48:00,122,
2026.07.25 15:49:00,15:49:00,118,
2026.07.25 15:50:00,15:50:00,123,
2026.07.25 15:51:00,15:51:00,130,
2026.07.25 15:52:00,15:52:00,120,
2026.07.25 15:53:00,15:53:00,118,
2026.07.25 15:54:00,15:54:00,117,
2026.07.25 15:55:00,15:55:00,125,
2026.07.25 15:56:00,15:56:00,117,
2026.07.25 15:57:00,15:57:00,112,
2026.07.25 15:58:00,15:58:00,120,
2026.07.25 15:59:00,15:59:00,114,
2026.07.25 16:00:00,16:00:00,107,
2026.07.25 16:01:00,16:01:00,107,
2026.07.25 16:02:00,16:02:00,105,
2026.07.25 16:03:00,16:03:00,103,
2026.07.25 16:04:00,16:04:00,106,
2026.07.25 16:05:00,16:05:00,100,
2026.07.25 16:06:00,16:06:00,101,
2026.07.25 16:07:00,16:07:00,101,
2026.07.25 16:08:00,16:08:00,102,
2026.07.25 16:09:00,16:09:00,100,
2026.07.25 16:10:00,16:10:00,105,
2026.07.25 16:11:00,16:11:00,106,
2026.07.25 16:12:00,16:12:00,98,
2026.07.25 16:13:00,16:13:00,115,
2026.07.25 16:14:00,16:14:00,111,
2026.07.25 16:15:00,16:15:00,111,
2026.07.25 16:16:00,16:16:00,109,
2026.07.25 16:17:00,16:17:00,117,
2026.07.25 16:18:00,16:18:00,112,
2026.07.25 16:19:00,16:19:00,132,
2026.07.25 16:20:00,16:20:00,116,
2026.07.25 16:21:00,16:21:00,117,
2026.07.25 16:22:00,16:22:00,131,
2026.07.25 16:23:00,16:23:00,125,
2026.07.25 16:24:00,16:24:00,116,
2026.07.25 16:25:00,16:25:00,119,
2026.07.25 16:26:00,16:26:00,129,
2026.07.25 16:27:00,16:27:00,142,
2026.07.25 16:28:00,16:28:00,149,
2026.07.25 16:29:00,16:29:00,179,
2026.07.25 16:30:00,16:30:00,180,
2026.07.25 16:31:00,16:31:00,155,
2026.07.25 16:32:00,16:32:00,138,
2026.07.25 16:33:00,16:33:00,140,
2026.07.25 16:34:00,16:34:00,149,
2026.07.25 16:35:00,16:35:00,132,
2026.07.25 16:36:00,16:36:00,129,
2026.07.25 16:37:00,16:37:00,130,
2026.07.25 16:38:00,16:38:00,135,
2026.07.25 16:39:00,16:39:00,144,
2026.07.25 16:40:00,16:40:00,135,
2026.07.25 16:41:00,16:41:00,141,
2026.07.25 16:42:00,16:42:00,143,
2026.07.25 16:43:00,16:43:00,144,
2026.07.25 16:44:00,16:44:00,131,
2026.07.25 16:45:00,16:45:00,131,
2026.07.25 16:46:00,16:46:00,126,
2026.07.25 16:47:00,16:47:00,136,
2026.07.25 16:48:00,16:48:00,133,
2026.07.25 16:49:00,16:49:00,142,
2026.07.25 16:50:00,16:50:00,136,
2026.07.25 16:51:00,16:51:00,144,
2026.07.25 16:52:00,16:52:00,124,
2026.07.25 16:53:00,16:53:00,135,
2026.07.25 16:54:00,16:54:00,138,
2026.07.25 16:55:00,16:55:00,133,
2026.07.25 16:56:00,16:56:00,134,
2026.07.25 16:57:00,16:57:00,138,
2026.07.25 16:58:00,16:58:00,134,
2026.07.25 16:59:00,16:59:00,134,
2026.07.25 17:00:00,17:00:00,139,
2026.07.25 17:01:00,17:01:00,128,
2026.07.25 17:02:00,17:02:00,130,
2026.07.25 17:03:00,17:03:00,122,
2026.07.25 17:04:00,17:04:00,121,
2026.07.25 17:05:00,17:05:00,135,
2026.07.25 17:06:00,17:06:00,127,
2026.07.25 17:07:00,17:07:00,155,
2026.07.25 17:08:00,17:08:00,139,
2026.07.25 17:09:00,17:09:00,140,
2026.07.25 17:10:00,17:10:00,159,
2026.07.25 17:11:00,17:11:00,140,
2026.07.25 17:12:00,17:12:00,135,
2026.07.25 17:13:00,17:13:00,143,
2026.07.25 17:14:00,17:14:00,142,
2026.07.25 17:15:00,17:15:00,139,
2026.07.25 17:16:00,17:16:00,143,
2026.07.25 17:17:00,17:17:00,128,
2026.07.25 17:18:00,17:18:00,129,
2026.07.25 17:19:00,17:19:00,121,
2026.07.25 17:20:00,17:20:00,113,
2026.07.25 17:21:00,17:21:00,106,
2026.07.25 17:22:00,17:22:00,112,
2026.07.25 17:23:00,17:23:00,115,
2026.07.25 17:24:00,17:24:00,112,
2026.07.25 17:25:00,17:25:00,110,
2026.07.25 17:26:00,17:26:00,111,
2026.07.25 17:27:00,17:27:00,106,
2026.07.25 17:28:00,17:28:00,106,
2026.07.25 17:29:00,17:29:00,111,
2026.07.25 17:30:00,17:30:00,102,
2026.07.25 17:31:00,17:31:00,110,
2026.07.25 17:32:00,17:32:00,110,
2026.07.25 17:33:00,17:33:00,107,
2026.07.25 17:34:00,17:34:00,109,
2026.07.25 17:35:00,17:35:00,109,
2026.07.25 17:36:00,17:36:00,110,
2026.07.25 17:46:00,17:46:00,95,
2026.07.25 17:47:00,17:47:00,101,
2026.07.25 17:48:00,17:48:00,103,
2026.07.25 17:49:00,17:49:00,109,
2026.07.25 17:50:00,17:50:00,127,
2026.07.25 17:51:00,17:51:00,124,
2026.07.25 17:52:00,17:52:00,116,
2026.07.25 17:53:00,17:53:00,117,
2026.07.25 17:54:00,17:54:00,111,
2026.07.25 17:55:00,17:55:00,110,
2026.07.25 17:56:00,17:56:00,108,
2026.07.25 17:57:00,17:57:00,95,
2026.07.25 17:58:00,17:58:00,94,
2026.07.25 17:59:00,17:59:00,94,
2026.07.25 18:00:00,18:00:00,103,
2026.07.25 18:01:00,18:01:00,101,
2026.07.25 18:02:00,18:02:00,94,
2026.07.25 18:03:00,18:03:00,95,
2026.07.25 18:04:00,18:04:00,102,
2026.07.25 18:05:00,18:05:00,94,
2026.07.25 18:06:00,18:06:00,95,
2026.07.25 18:07:00,18:07:00,92,
2026.07.25 18:08:00,18:08:00,92,
2026.07.25 18:09:00,18:09:00,90,
2026.07.25 18:10:00,18:10:00,92,
2026.07.25 18:11:00,18:11:00,94,
2026.07.25 18:12:00,18:12:00,95,
2026.07.25 18:13:00,18:13:00,94,
2026.07.25 18:14:00,18:14:00,93,
2026.07.25 18:15:00,18:15:00,91,
2026.07.25 18:16:00,18:16:00,92,
2026.07.25 18:17:00,18:17:00,88,
2026.07.25 18:18:00,18:18:00,87,
2026.07.25 18:19:00,18:19:00,93,
2026.07.25 18:20:00,18:20:00,94,
2026.07.25 18:21:00,18:21:00,94,
2026.07.25 18:22:00,18:22:00,94,
2026.07.25 18:23:00,18:23:00,94,
2026.07.25 18:24:00,18:24:00,91,
2026.07.25 18:25:00,18:25:00,93,
2026.07.25 18:26:00,18:26:00,93,
2026.07.25 18:27:00,18:27:00,95,
2026.07.25 18:28:00,18:28:00,94,
2026.07.25 18:29:00,18:29:00,95,
2026.07.25 18:30:00,18:30:00,93,
2026.07.25 18:31:00,18:31:00,95,
2026.07.25 18:32:00,18:32:00,95,
2026.07.25 18:33:00,18:33:00,92,
2026.07.25 18:34:00,18:34:00,94,
2026.07.25 18:35:00,18:35:00,95,
2026.07.25 18:36:00,18:36:00,94,
2026.07.25 18:37:00,18:37:00,93,
2026.07.25 18:38:00,18:38:00,98,
2026.07.25 18:39:00,18:39:00,94,
2026.07.25 18:40:00,18:40:00,89,
2026.07.25 18:41:00,18:41:00,104,
2026.07.25 18:42:00,18:42:00,93,
2026.07.25 18:43:00,18:43:00,94,
2026.07.25 18:44:00,18:44:00,95,
2026.07.25 18:45:00,18:45:00,91,
2026.07.25 18:46:00,18:46:00,87,
2026.07.25 18:47:00,18:47:00,92,
2026.07.25 18:48:00,18:48:00,88,
2026.07.25 18:49:00,18:49:00,89,
2026.07.25 18:50:00,18:50:00,92,
2026.07.25 18:51:00,18:51:00,88,
2026.07.25 18:52:00,18:52:00,83,
2026.07.25 18:53:00,18:53:00,88,
2026.07.25 18:54:00,18:54:00,87,
2026.07.25 18:55:00,18:55:00,97,
2026.07.25 18:56:00,18:56:00,102,
2026.07.25 18:57:00,18:57:00,100,
2026.07.25 18:58:00,18:58:00,104,
2026.07.25 18:59:00,18:59:00,102,
2026.07.25 19:00:00,19:00:00,106,
2026.07.25 19:01:00,19:01:00,104,
2026.07.25 19:02:00,19:02:00,126,
2026.07.25 19:03:00,19:03:00,105,
2026.07.25 19:04:00,19:04:00,95,
2026.07.25 19:05:00,19:05:00,103,
2026.07.25 19:06:00,19:06:00,94,
2026.07.25 19:07:00,19:07:00,96,
2026.07.25 19:08:00,19:08:00,101,
2026.07.25 19:09:00,19:09:00,106,
2026.07.25 19:10:00,19:10:00,99,
2026.07.25 19:11:00,19:11:00,97,
2026.07.25 19:12:00,19:12:00,96,
2026.07.25 19:13:00,19:13:00,97,
2026.07.25 19:14:00,19:14:00,91,
2026.07.25 19:15:00,19:15:00,105,
2026.07.25 19:16:00,19:16:00,107,
2026.07.25 19:17:00,19:17:00,112,
2026.07.25 19:18:00,19:18:00,94,
2026.07.25 19:19:00,19:19:00,99,
2026.07.25 19:20:00,19:20:00,103,
2026.07.25 19:21:00,19:21:00,97,
2026.07.25 19:22:00,19:22:00,100,
2026.07.25 19:23:00,19:23:00,100,
2026.07.25 19:24:00,19:24:00,99,
2026.07.25 19:25:00,19:25:00,98,
2026.07.25 19:26:00,19:26:00,101,
2026.07.25 19:27:00,19:27:00,95,
2026.07.25 19:28:00,19:28:00,95,
2026.07.25 19:29:00,19:29:00,93,
2026.07.25 19:30:00,19:30:00,95,
2026.07.25 19:31:00,19:31:00,100,
2026.07.25 19:32:00,19:32:00,97,
2026.07.25 19:33:00,19:33:00,90,
2026.07.25 19:34:00,19:34:00,96,
2026.07.25 19:35:00,19:35:00,101,
2026.07.25 19:36:00,19:36:00,93,
2026.07.25 19:37:00,19:37:00,95,
2026.07.25 19:38:00,19:38:00,95,
2026.07.25 19:39:00,19:39:00,95,
2026.07.25 19:40:00,19:40:00,94,
2026.07.25 19:41:00,19:41:00,98,
2026.07.25 19:42:00,19:42:00,92,
2026.07.25 19:43:00,19:43:00,94,
2026.07.25 19:44:00,19:44:00,94,
2026.07.25 19:45:00,19:45:00,92,
2026.07.25 19:46:00,19:46:00,95,
2026.07.25 19:47:00,19:47:00,94,
2026.07.25 19:48:00,19:48:00,95,
2026.07.25 19:49:00,19:49:00,95,
2026.07.25 19:50:00,19:50:00,108,
2026.07.25 19:51:00,19:51:00,109,
2026.07.25 19:52:00,19:52:00,103,
2026.07.25 19:53:00,19:53:00,102,
2026.07.25 19:54:00,19:54:00,105,
2026.07.25 19:55:00,19:55:00,103,
2026.07.25 19:56:00,19:56:00,100,
2026.07.25 19:57:00,19:57:00,103,
2026.07.25 19:58:00,19:58:00,105,
2026.07.25 19:59:00,19:59:00,106,
2026.07.25 20:00:00,20:00:00,109,
2026.07.25 20:01:00,20:01:00,105,
2026.07.25 20:02:00,20:02:00,104,
2026.07.25 20:03:00,20:03:00,110,
2026.07.25 20:04:00,20:04:00,104,
2026.07.25 20:05:00,20:05:00,104,
2026.07.25 20:06:00,20:06:00,106,
2026.07.25 20:07:00,20:07:00,108,
2026.07.25 20:08:00,20:08:00,106,
2026.07.25 20:09:00,20:09:00,108,
2026.07.25 20:10:00,20:10:00,108,
2026.07.25 20:11:00,20:11:00,108,
2026.07.25 20:12:00,20:12:00,109,
2026.07.25 20:13:00,20:13:00,101,
2026.07.25 20:14:00,20:14:00,107,
2026.07.25 20:15:00,20:15:00,107,
2026.07.25 20:16:00,20:16:00,114,
2026.07.25 20:17:00,20:17:00,111,
2026.07.25 20:18:00,20:18:00,110,
2026.07.25 20:19:00,20:19:00,105,
2026.07.25 20:20:00,20:20:00,107,
2026.07.25 20:21:00,20:21:00,113,
2026.07.25 20:22:00,20:22:00,109,
2026.07.25 20:23:00,20:23:00,107,
2026.07.25 20:24:00,20:24:00,109,
2026.07.25 20:25:00,20:25:00,108,
2026.07.25 20:26:00,20:26:00,110,
2026.07.25 20:27:00,20:27:00,111,
2026.07.25 20:28:00,20:28:00,131,
2026.07.25 20:29:00,20:29:00,118,
2026.07.25 20:30:00,20:30:00,109,
2026.07.25 20:31:00,20:31:00,107,
2026.07.25 20:32:00,20:32:00,102,
2026.07.25 20:33:00,20:33:00,108,
2026.07.25 20:34:00,20:34:00,111,
2026.07.25 20:35:00,20:35:00,110,
2026.07.25 20:36:00,20:36:00,107,
2026.07.25 20:37:00,20:37:00,98,
2026.07.25 20:38:00,20:38:00,91,
2026.07.25 20:39:00,20:39:00,86,
2026.07.25 20:40:00,20:40:00,107,
2026.07.25 20:41:00,20:41:00,104,
2026.07.25 20:42:00,20:42:00,106,
2026.07.25 20:43:00,20:43:00,104,
2026.07.25 20:44:00,20:44:00,97,
2026.07.25 20:45:00,20:45:00,97,
2026.07.25 20:46:00,20:46:00,96,
2026.07.25 20:47:00,20:47:00,93,
2026.07.25 20:48:00,20:48:00,95,
2026.07.25 20:49:00,20:49:00,93,
2026.07.25 20:50:00,20:50:00,95,
2026.07.25 20:51:00,20:51:00,95,
2026.07.25 20:52:00,20:52:00,94,
2026.07.25 20:53:00,20:53:00,99,
2026.07.25 20:54:00,20:54:00,99,
2026.07.25 20:55:00,20:55:00,95,
2026.07.25 20:56:00,20:56:00,95,
2026.07.25 20:57:00,20:57:00,97,
2026.07.25 20:58:00,20:58:00,108,
2026.07.25 20:59:00,20:59:00,94,
2026.07.25 21:00:00,21:00:00,101,
2026.07.25 21:01:00,21:01:00,97,
2026.07.25 21:02:00,21:02:00,104,
2026.07.25 21:03:00,21:03:00,100,
2026.07.25 21:04:00,21:04:00,94,
2026.07.25 21:05:00,21:05:00,88,
2026.07.25 21:06:00,21:06:00,88,
2026.07.25 21:07:00,21:07:00,90,
2026.07.25 21:08:00,21:08:00,87,
2026.07.25 21:09:00,21:09:00,91,
2026.07.25 21:10:00,21:10:00,89,
2026.07.25 21:11:00,21:11:00,86,
2026.07.25 21:12:00,21:12:00,94,
2026.07.25 21:13:00,21:13:00,94,
2026.07.25 21:14:00,21:14:00,85,
2026.07.25 21:15:00,21:15:00,94,
2026.07.25 21:16:00,21:16:00,99,
2026.07.25 21:17:00,21:17:00,96,
2026.07.25 21:18:00,21:18:00,89,
2026.07.25 21:19:00,21:19:00,100,
2026.07.25 21:20:00,21:20:00,87,
2026.07.25 21:21:00,21:21:00,85,
2026.07.25 21:22:00,21:22:00,83,
2026.07.25 21:23:00,21:23:00,85,
2026.07.25 21:24:00,21:24:00,89,
2026.07.25 21:25:00,21:25:00,88,
2026.07.25 21:26:00,21:26:00,94,
2026.07.25 21:27:00,21:27:00,88,
2026.07.25 21:28:00,21:28:00,88,
2026.07.25 21:29:00,21:29:00,85,
2026.07.25 21:30:00,21:30:00,85,
2026.07.25 21:31:00,21:31:00,83,
2026.07.25 21:32:00,21:32:00,82,
2026.07.25 21:33:00,21:33:00,87,
2026.07.25 21:34:00,21:34:00,85,
2026.07.25 21:35:00,21:35:00,86,
2026.07.25 21:36:00,21:36:00,89,
2026.07.25 21:37:00,21:37:00,89,
2026.07.25 21:38:00,21:38:00,87,
2026.07.25 21:39:00,21:39:00,88,
2026.07.25 21:40:00,21:40:00,99,
2026.07.25 21:41:00,21:41:00,93,
2026.07.25 21:42:00,21:42:00,92,
2026.07.25 21:43:00,21:43:00,93,
2026.07.25 21:44:00,21:44:00,93,
2026.07.25 21:45:00,21:45:00,91,
2026.07.25 21:46:00,21:46:00,92,
2026.07.25 21:47:00,21:47:00,92,
2026.07.25 21:48:00,21:48:00,89,
2026.07.25 21:49:00,21:49:00,88,
2026.07.25 21:50:00,21:50:00,89,
2026.07.25 21:51:00,21:51:00,85,
2026.07.25 21:52:00,21:52:00,90,
2026.07.25 21:53:00,21:53:00,89,
2026.07.25 21:54:00,21:54:00,89,
2026.07.25 21:55:00,21:55:00,87,
2026.07.25 21:56:00,21:56:00,91,
2026.07.25 21:57:00,21:57:00,81,
2026.07.25 21:58:00,21:58:00,93,
2026.07.25 21:59:00,21:59:00,90,
2026.07.25 22:00:00,22:00:00,104,
2026.07.25 22:01:00,22:01:00,99,
2026.07.25 22:02:00,22:02:00,95,
2026.07.25 22:03:00,22:03:00,98,
2026.07.25 22:04:00,22:04:00,102,
2026.07.25 22:05:00,22:05:00,105,
2026.07.25 22:06:00,22:06:00,98,
2026.07.25 22:07:00,22:07:00,94,
2026.07.25 22:08:00,22:08:00,95,
2026.07.25 22:09:00,22:09:00,102,
2026.07.25 22:10:00,22:10:00,92,
2026.07.25 22:11:00,22:11:00,93,
2026.07.25 22:12:00,22:12:00,103,
2026.07.25 22:13:00,22:13:00,94,
2026.07.25 22:14:00,22:14:00,91,
2026.07.25 22:15:00,22:15:00,98,
2026.07.25 22:16:00,22:16:00,95,
2026.07.25 22:17:00,22:17:00,94,
2026.07.25 22:18:00,22:18:00,101,
2026.07.25 22:19:00,22:19:00,94,
2026.07.25 22:20:00,22:20:00,90,
2026.07.25 22:21:00,22:21:00,91,
2026.07.25 22:22:00,22:22:00,88,
2026.07.25 22:23:00,22:23:00,84,
2026.07.25 22:24:00,22:24:00,81,
2026.07.25 22:25:00,22:25:00,77,
2026.07.25 22:26:00,22:26:00,79,
2026.07.25 22:27:00,22:27:00,80,
2026.07.25 22:28:00,22:28:00,78,
2026.07.25 22:29:00,22:29:00,78,
2026.07.25 22:30:00,22:30:00,77,
2026.07.25 22:31:00,22:31:00,78,
2026.07.25 22:32:00,22:32:00,82,
2026.07.25 22:33:00,22:33:00,77,
2026.07.25 22:34:00,22:34:00,77,
2026.07.25 22:35:00,22:35:00,81,
2026.07.25 22:36:00,22:36:00,77,
2026.07.25 22:37:00,22:37:00,82,
2026.07.25 22:38:00,22:38:00,79,
2026.07.25 22:39:00,22:39:00,77,
2026.07.25 22:40:00,22:40:00,74,
2026.07.25 22:41:00,22:41:00,76,
2026.07.25 22:42:00,22:42:00,75,
2026.07.25 22:43:00,22:43:00,75,
2026.07.25 22:44:00,22:44:00,79,
2026.07.25 22:45:00,22:45:00,70,
2026.07.25 22:46:00,22:46:00,78,
2026.07.25 22:47:00,22:47:00,78,
2026.07.25 22:48:00,22:48:00,73,
2026.07.25 22:49:00,22:49:00,74,
2026.07.25 22:50:00,22:50:00,72,
2026.07.25 22:51:00,22:51:00,72,
2026.07.25 22:52:00,22:52:00,72,
2026.07.25 22:53:00,22:53:00,74,
2026.07.25 22:54:00,22:54:00,80,
2026.07.25 22:55:00,22:55:00,82,
2026.07.25 22:56:00,22:56:00,90,
2026.07.25 22:57:00,22:57:00,85,
2026.07.25 22:58:00,22:58:00,84,
2026.07.25 22:59:00,22:59:00,82,
2026.07.25 23:00:00,23:00:00,82,
2026.07.25 23:01:00,23:01:00,91,
2026.07.25 23:02:00,23:02:00,78,
2026.07.25 23:03:00,23:03:00,77,
2026.07.25 23:05:00,23:05:00,74,
2026.07.25 23:06:00,23:06:00,78,
2026.07.25 23:07:00,23:07:00,82,
2026.07.25 23:08:00,23:08:00,76,
2026.07.25 23:09:00,23:09:00,74,
2026.07.25 23:10:00,23:10:00,75,
2026.07.25 23:11:00,23:11:00,70,
2026.07.25 23:12:00,23:12:00,73,
2026.07.25 23:13:00,23:13:00,73,
2026.07.25 23:14:00,23:14:00,67,
2026.07.25 23:15:00,23:15:00,70,
2026.07.25 23:16:00,23:16:00,70,
2026.07.25 23:17:00,23:17:00,70,
2026.07.25 23:18:00,23:18:00,70,
2026.07.25 23:19:00,23:19:00,72,
2026.07.25 23:20:00,23:20:00,70,
2026.07.25 23:21:00,23:21:00,72,
2026.07.25 23:22:00,23:22:00,71,
2026.07.25 23:23:00,23:23:00,70,
2026.07.25 23:24:00,23:24:00,71,
2026.07.25 23:25:00,23:25:00,71,
2026.07.25 23:26:00,23:26:00,71,
2026.07.25 23:27:00,23:27:00,70,
2026.07.25 23:28:00,23:28:00,72,
2026.07.25 23:29:00,23:29:00,71,
2026.07.25 23:30:00,23:30:00,70,
2026.07.25 23:31:00,23:31:00,73,
2026.07.25 23:32:00,23:32:00,73,
2026.07.25 23:33:00,23:33:00,71,
2026.07.25 23:34:00,23:34:00,71,
2026.07.25 23:35:00,23:35:00,70,
2026.07.25 23:36:00,23:36:00,75,
2026.07.25 23:37:00,23:37:00,61,
2026.07.25 23:38:00,23:38:00,64,
2026.07.25 23:39:00,23:39:00,65,
2026.07.25 23:40:00,23:40:00,64,
2026.07.25 23:41:00,23:41:00,68,
2026.07.25 23:42:00,23:42:00,59,
2026.07.25 23:43:00,23:43:00,62,
2026.07.25 23:44:00,23:44:00,59,
2026.07.25 23:45:00,23:45:00,61,
2026.07.25 23:46:00,23:46:00,61,
2026.07.25 23:47:00,23:47:00,62,
2026.07.25 23:48:00,23:48:00,62,
2026.07.25 23:49:00,23:49:00,60,
2026.07.25 23:50:00,23:50:00,62,
2026.07.25 23:51:00,23:51:00,62,
2026.07.25 23:52:00,23:52:00,63,
2026.07.25 23:53:00,23:53:00,64,
2026.07.25 23:54:00,23:54:00,60,
2026.07.25 23:55:00,23:55:00,63,
2026.07.25 23:56:00,23:56:00,63,
2026.07.25 23:57:00,23:57:00,64,
2026.07.25 23:58:00,23:58:00,64,
2026.07.25 23:59:00,23:59:00,64,
2026.07.26 00:00:00,00:00:00,64,
2026.07.26 00:01:00,00:01:00,65,
2026.07.26 00:02:00,00:02:00,64,
2026.07.26 00:03:00,00:03:00,66,
2026.07.26 00:04:00,00:04:00,64,
2026.07.26 00:05:00,00:05:00,65,
2026.07.26 00:06:00,00:06:00,65,
2026.07.26 00:07:00,00:07:00,64,
2026.07.26 00:08:00,00:08:00,63,
2026.07.26 00:09:00,00:09:00,65,
2026.07.26 00:10:00,00:10:00,65,
2026.07.26 00:11:00,00:11:00,64,
2026.07.26 00:12:00,00:12:00,68,
2026.07.26 00:13:00,00:13:00,59,
2026.07.26 00:14:00,00:14:00,63,
2026.07.26 00:15:00,00:15:00,64,
2026.07.26 00:16:00,00:16:00,75,
2026.07.26 00:17:00,00:17:00,64,
2026.07.26 00:18:00,00:18:00,65,
2026.07.26 00:19:00,00:19:00,64,
2026.07.26 00:20:00,00:20:00,65,
2026.07.26 00:21:00,00:21:00,66,
2026.07.26 00:22:00,00:22:00,66,
2026.07.26 00:23:00,00:23:00,66,
2026.07.26 00:24:00,00:24:00,70,
2026.07.26 00:25:00,00:25:00,68,
2026.07.26 00:26:00,00:26:00,72,
2026.07.26 00:27:00,00:27:00,71,
2026.07.26 00:28:00,00:28:00,70,
2026.07.26 00:29:00,00:29:00,67,
2026.07.26 00:30:00,00:30:00,71,
2026.07.26 00:31:00,00:31:00,68,
2026.07.26 00:32:00,00:32:00,69,
2026.07.26 00:33:00,00:33:00,63,
2026.07.26 00:34:00,00:34:00,62,
2026.07.26 00:35:00,00:35:00,65,
2026.07.26 00:36:00,00:36:00,63,
2026.07.26 00:37:00,00:37:00,66,
2026.07.26 00:38:00,00:38:00,65,
2026.07.26 00:39:00,00:39:00,66,
2026.07.26 00:40:00,00:40:00,66,
2026.07.26 00:41:00,00:41:00,68,
2026.07.26 00:42:00,00:42:00,64,
2026.07.26 00:43:00,00:43:00,67,
2026.07.26 00:44:00,00:44:00,64,
2026.07.26 00:45:00,00:45:00,63,
2026.07.26 00:46:00,00:46:00,85,
2026.07.26 00:47:00,00:47:00,60,
2026.07.26 00:48:00,00:48:00,61,
2026.07.26 00:49:00,00:49:00,57,
2026.07.26 00:50:00,00:50:00,62,
2026.07.26 00:51:00,00:51:00,61,
2026.07.26 00:52:00,00:52:00,60,
2026.07.26 00:53:00,00:53:00,61,
2026.07.26 00:54:00,00:54:00,61,
2026.07.26 00:55:00,00:55:00,61,
2026.07.26 00:56:00,00:56:00,61,
2026.07.26 00:57:00,00:57:00,61,
2026.07.26 00:58:00,00:58:00,61,
2026.07.26 00:59:00,00:59:00,62,
2026.07.26 01:00:00,01:00:00,61,
2026.07.26 01:01:00,01:01:00,61,
2026.07.26 01:02:00,01:02:00,61,
2026.07.26 01:03:00,01:03:00,61,
2026.07.26 01:04:00,01:04:00,61,
2026.07.26 01:05:00,01:05:00,61,
2026.07.26 01:06:00,01:06:00,62,
2026.07.26 01:07:00,01:07:00,63,
2026.07.26 01:08:00,01:08:00,63,
2026.07.26 01:09:00,01:09:00,62,
2026.07.26 01:10:00,01:10:00,63,
2026.07.26 01:11:00,01:11:00,62,
2026.07.26 01:12:00,01:12:00,61,
2026.07.26 01:13:00,01:13:00,60,
2026.07.26 01:14:00,01:14:00,64,
2026.07.26 01:15:00,01:15:00,64,
2026.07.26 01:16:00,01:16:00,62,
2026.07.26 01:17:00,01:17:00,64,
2026.07.26 01:18:00,01:18:00,64,
2026.07.26 01:19:00,01:19:00,62,
2026.07.26 01:20:00,01:20:00,63,
2026.07.26 01:21:00,01:21:00,62,
2026.07.26 01:22:00,01:22:00,62,
2026.07.26 01:23:00,01:23:00,62,
2026.07.26 01:24:00,01:24:00,60,
2026.07.26 01:25:00,01:25:00,61,
2026.07.26 01:26:00,01:26:00,60,
2026.07.26 01:27:00,01:27:00,61,
2026.07.26 01:28:00,01:28:00,61,
2026.07.26 01:29:00,01:29:00,61,
2026.07.26 01:30:00,01:30:00,62,
2026.07.26 01:31:00,01:31:00,59,
2026.07.26 01:32:00,01:32:00,61,
2026.07.26 01:33:00,01:33:00,63,
2026.07.26 01:34:00,01:34:00,60,
2026.07.26 01:35:00,01:35:00,56,
2026.07.26 01:36:00,01:36:00,55,
2026.07.26 01:37:00,01:37:00,57,
2026.07.26 01:38:00,01:38:00,56,
2026.07.26 01:39:00,01:39:00,56,
2026.07.26 01:40:00,01:40:00,55,
2026.07.26 01:41:00,01:41:00,57,
2026.07.26 01:42:00,01:42:00,58,
2026.07.26 01:43:00,01:43:00,57,
2026.07.26 01:44:00,01:44:00,58,
2026.07.26 01:45:00,01:45:00,58,
2026.07.26 01:46:00,01:46:00,58,
2026.07.26 01:47:00,01:47:00,57,
2026.07.26 01:48:00,01:48:00,58,
2026.07.26 01:49:00,01:49:00,59,
2026.07.26 01:50:00,01:50:00,57,
2026.07.26 01:51:00,01:51:00,58,
2026.07.26 01:52:00,01:52:00,58,
2026.07.26 01:53:00,01:53:00,58,
2026.07.26 01:54:00,01:54:00,58,
2026.07.26 01:55:00,01:55:00,55,
2026.07.26 01:56:00,01:56:00,58,
2026.07.26 01:57:00,01:57:00,59,
2026.07.26 01:58:00,01:58:00,59,
2026.07.26 01:59:00,01:59:00,58,
2026.07.26 02:00:00,02:00:00,56,
2026.07.26 02:01:00,02:01:00,54,
2026.07.26 02:02:00,02:02:00,53,
2026.07.26 02:03:00,02:03:00,59,
2026.07.26 02:04:00,02:04:00,53,
2026.07.26 02:05:00,02:05:00,52,
2026.07.26 02:06:00,02:06:00,59,
2026.07.26 02:07:00,02:07:00,62,
2026.07.26 02:08:00,02:08:00,64,
2026.07.26 02:09:00,02:09:00,71,
2026.07.26 02:10:00,02:10:00,72,
2026.07.26 02:11:00,02:11:00,69,
2026.07.26 02:12:00,02:12:00,65,
2026.07.26 02:13:00,02:13:00,67,
2026.07.26 02:14:00,02:14:00,70,
2026.07.26 02:15:00,02:15:00,68,
2026.07.26 02:16:00,02:16:00,75,
2026.07.26 02:17:00,02:17:00,85,
2026.07.26 02:18:00,02:18:00,88,
2026.07.26 02:19:00,02:19:00,61,
2026.07.26 02:20:00,02:20:00,66,
2026.07.26 02:21:00,02:21:00,63,
2026.07.26 02:22:00,02:22:00,61,
2026.07.26 02:23:00,02:23:00,59,
2026.07.26 02:24:00,02:24:00,62,
2026.07.26 02:25:00,02:25:00,60,
2026.07.26 02:26:00,02:26:00,60,
2026.07.26 02:27:00,02:27:00,58,
2026.07.26 02:28:00,02:28:00,54,
2026.07.26 02:29:00,02:29:00,61,
2026.07.26 02:30:00,02:30:00,58,
2026.07.26 02:31:00,02:31:00,55,
2026.07.26 02:32:00,02:32:00,58,
2026.07.26 02:33:00,02:33:00,64,
2026.07.26 02:34:00,02:34:00,59,
2026.07.26 02:35:00,02:35:00,57,
2026.07.26 02:36:00,02:36:00,62,
2026.07.26 02:37:00,02:37:00,55,
2026.07.26 02:38:00,02:38:00,59,
2026.07.26 02:39:00,02:39:00,57,
2026.07.26 02:40:00,02:40:00,54,
2026.07.26 02:41:00,02:41:00,51,
2026.07.26 02:42:00,02:42:00,53,
2026.07.26 02:43:00,02:43:00,54,
2026.07.26 02:44:00,02:44:00,54,
2026.07.26 02:45:00,02:45:00,54,
2026.07.26 02:46:00,02:46:00,54,
2026.07.26 02:47:00,02:47:00,53,
2026.07.26 02:48:00,02:48:00,54,
2026.07.26 02:49:00,02:49:00,55,
2026.07.26 02:50:00,02:50:00,54,
2026.07.26 02:51:00,02:51:00,55,
2026.07.26 02:52:00,02:52:00,54,
2026.07.26 02:53:00,02:53:00,54,
2026.07.26 02:54:00,02:54:00,57,
2026.07.26 02:55:00,02:55:00,58,
2026.07.26 02:56:00,02:56:00,55,
2026.07.26 02:57:00,02:57:00,56,
2026.07.26 02:58:00,02:58:00,58,
2026.07.26 02:59:00,02:59:00,56,
2026.07.26 03:00:00,03:00:00,56,
2026.07.26 03:01:00,03:01:00,57,
2026.07.26 03:02:00,03:02:00,56,
2026.07.26 03:03:00,03:03:00,59,
2026.07.26 03:04:00,03:04:00,58,
2026.07.26 03:05:00,03:05:00,56,
2026.07.26 03:06:00,03:06:00,57,
2026.07.26 03:07:00,03:07:00,57,
2026.07.26 03:08:00,03:08:00,59,
2026.07.26 03:09:00,03:09:00,57,
2026.07.26 03:10:00,03:10:00,58,
2026.07.26 03:11:00,03:11:00,59,
2026.07.26 03:12:00,03:12:00,73,
2026.07.26 03:13:00,03:13:00,59,
2026.07.26 03:14:00,03:14:00,62,
2026.07.26 03:15:00,03:15:00,58,
2026.07.26 03:16:00,03:16:00,59,
2026.07.26 03:17:00,03:17:00,57,
2026.07.26 03:18:00,03:18:00,60,
2026.07.26 03:19:00,03:19:00,58,
2026.07.26 03:20:00,03:20:00,58,
2026.07.26 03:21:00,03:21:00,59,
2026.07.26 03:22:00,03:22:00,60,
2026.07.26 03:23:00,03:23:00,61,
2026.07.26 03:24:00,03:24:00,62,
2026.07.26 03:25:00,03:25:00,61,
2026.07.26 03:26:00,03:26:00,64,
2026.07.26 03:27:00,03:27:00,62,
2026.07.26 03:28:00,03:28:00,64,
2026.07.26 03:29:00,03:29:00,62,
2026.07.26 03:30:00,03:30:00,61,
2026.07.26 03:31:00,03:31:00,63,
2026.07.26 03:32:00,03:32:00,83,
2026.07.26 03:33:00,03:33:00,57,
2026.07.26 03:34:00,03:34:00,78,
2026.07.26 03:35:00,03:35:00,58,
2026.07.26 03:36:00,03:36:00,52,
2026.07.26 03:37:00,03:37:00,52,
2026.07.26 03:38:00,03:38:00,53,
2026.07.26 03:39:00,03:39:00,54,
2026.07.26 03:40:00,03:40:00,53,
2026.07.26 03:41:00,03:41:00,53,
2026.07.26 03:42:00,03:42:00,55,
2026.07.26 03:43:00,03:43:00,59,
2026.07.26 03:44:00,03:44:00,59,
2026.07.26 03:45:00,03:45:00,52,
2026.07.26 03:46:00,03:46:00,56,
2026.07.26 03:47:00,03:47:00,56,
2026.07.26 03:48:00,03:48:00,55,
2026.07.26 03:49:00,03:49:00,61,
2026.07.26 03:50:00,03:50:00,60,
2026.07.26 03:51:00,03:51:00,59,
2026.07.26 03:52:00,03:52:00,60,
2026.07.26 03:53:00,03:53:00,60,
2026.07.26 03:54:00,03:54:00,73,
2026.07.26 03:55:00,03:55:00,59,
2026.07.26 03:56:00,03:56:00,63,
2026.07.26 03:57:00,03:57:00,65,
2026.07.26 03:58:00,03:58:00,66,
2026.07.26 03:59:00,03:59:00,67,
2026.07.26 04:00:00,04:00:00,58,
2026.07.26 04:01:00,04:01:00,60,
2026.07.26 04:02:00,04:02:00,57,
2026.07.26 04:03:00,04:03:00,54,
2026.07.26 04:04:00,04:04:00,54,
2026.07.26 04:05:00,04:05:00,58,
2026.07.26 04:06:00,04:06:00,58,
2026.07.26 04:07:00,04:07:00,58,
2026.07.26 04:08:00,04:08:00,57,
2026.07.26 04:09:00,04:09:00,59,
2026.07.26 04:10:00,04:10:00,54,
2026.07.26 04:11:00,04:11:00,57,
2026.07.26 04:12:00,04:12:00,58,
2026.07.26 04:13:00,04:13:00,60,
2026.07.26 04:14:00,04:14:00,60,
2026.07.26 04:15:00,04:15:00,60,
2026.07.26 04:16:00,04:16:00,60,
2026.07.26 04:17:00,04:17:00,62,
2026.07.26 04:18:00,04:18:00,68,
2026.07.26 04:19:00,04:19:00,60,
2026.07.26 04:20:00,04:20:00,58,
2026.07.26 04:21:00,04:21:00,57,
2026.07.26 04:22:00,04:22:00,57,
2026.07.26 04:23:00,04:23:00,57,
2026.07.26 04:24:00,04:24:00,58,
2026.07.26 04:25:00,04:25:00,57,
2026.07.26 04:26:00,04:26:00,54,
2026.07.26 04:27:00,04:27:00,55,
2026.07.26 04:28:00,04:28:00,57,
2026.07.26 04:29:00,04:29:00,57,
2026.07.26 04:30:00,04:30:00,56,
2026.07.26 04:31:00,04:31:00,60,
2026.07.26 04:32:00,04:32:00,60,
2026.07.26 04:33:00,04:33:00,59,
2026.07.26 04:34:00,04:34:00,55,
2026.07.26 04:35:00,04:35:00,56,
2026.07.26 04:36:00,04:36:00,55,
2026.07.26 04:37:00,04:37:00,57,
2026.07.26 04:38:00,04:38:00,58,
2026.07.26 04:39:00,04:39:00,59,
2026.07.26 04:40:00,04:40:00,58,
2026.07.26 04:41:00,04:41:00,59,
2026.07.26 04:42:00,04:42:00,58,
2026.07.26 04:43:00,04:43:00,60,
2026.07.26 04:44:00,04:44:00,58,
2026.07.26 04:45:00,04:45:00,60,
2026.07.26 04:46:00,04:46:00,59,
2026.07.26 04:47:00,04:47:00,59,
2026.07.26 04:48:00,04:48:00,59,
2026.07.26 04:49:00,04:49:00,59,
2026.07.26 04:50:00,04:50:00,63,
2026.07.26 04:51:00,04:51:00,78,
2026.07.26 04:52:00,04:52:00,71,
2026.07.26 04:53:00,04:53:00,63,
2026.07.26 04:54:00,04:54:00,58,
2026.07.26 04:55:00,04:55:00,67,
2026.07.26 04:56:00,04:56:00,56,
2026.07.26 04:57:00,04:57:00,58,
2026.07.26 04:58:00,04:58:00,56,
2026.07.26 04:59:00,04:59:00,57,
2026.07.26 05:00:00,05:00:00,55,
2026.07.26 05:01:00,05:01:00,56,
2026.07.26 05:02:00,05:02:00,56,
2026.07.26 05:03:00,05:03:00,59,
2026.07.26 05:04:00,05:04:00,58,
2026.07.26 05:05:00,05:05:00,59,
2026.07.26 05:06:00,05:06:00,58,
2026.07.26 05:07:00,05:07:00,57,
2026.07.26 05:08:00,05:08:00,56,
2026.07.26 05:09:00,05:09:00,56,
2026.07.26 05:10:00,05:10:00,55,
2026.07.26 05:11:00,05:11:00,56,
2026.07.26 05:12:00,05:12:00,58,
2026.07.26 05:13:00,05:13:00,59,
2026.07.26 05:14:00,05:14:00,55,
2026.07.26 05:15:00,05:15:00,53,
2026.07.26 05:16:00,05:16:00,61,
2026.07.26 05:17:00,05:17:00,58,
2026.07.26 05:18:00,05:18:00,61,
2026.07.26 05:19:00,05:19:00,64,
2026.07.26 05:20:00,05:20:00,62,
2026.07.26 05:21:00,05:21:00,58,
2026.07.26 05:22:00,05:22:00,61,
2026.07.26 05:23:00,05:23:00,63,
2026.07.26 05:24:00,05:24:00,61,
2026.07.26 05:25:00,05:25:00,65,
2026.07.26 05:26:00,05:26:00,66,
2026.07.26 05:27:00,05:27:00,68,
2026.07.26 05:28:00,05:28:00,65,
2026.07.26 05:29:00,05:29:00,68,
2026.07.26 05:30:00,05:30:00,69,
2026.07.26 05:31:00,05:31:00,69,
2026.07.26 05:32:00,05:32:00,71,
2026.07.26 05:33:00,05:33:00,71,
2026.07.26 05:34:00,05:34:00,61,
2026.07.26 05:35:00,05:35:00,59,
2026.07.26 05:36:00,05:36:00,59,
2026.07.26 05:37:00,05:37:00,60,
2026.07.26 05:38:00,05:38:00,60,
2026.07.26 05:39:00,05:39:00,57,
2026.07.26 05:40:00,05:40:00,62,
2026.07.26 05:41:00,05:41:00,60,
2026.07.26 05:42:00,05:42:00,66,
2026.07.26 05:43:00,05:43:00,64,
2026.07.26 05:44:00,05:44:00,62,
2026.07.26 05:45:00,05:45:00,64,
2026.07.26 05:46:00,05:46:00,62,
2026.07.26 05:47:00,05:47:00,64,
2026.07.26 05:48:00,05:48:00,69,
2026.07.26 05:49:00,05:49:00,65,
2026.07.26 05:50:00,05:50:00,65,
2026.07.26 05:51:00,05:51:00,65,
2026.07.26 05:52:00,05:52:00,65,
2026.07.26 05:53:00,05:53:00,63,
2026.07.26 05:54:00,05:54:00,66,
2026.07.26 05:55:00,05:55:00,64,
2026.07.26 05:56:00,05:56:00,65,
2026.07.26 05:57:00,05:57:00,73,
2026.07.26 05:58:00,05:58:00,60,
2026.07.26 05:59:00,05:59:00,57,
2026.07.26 06:00:00,06:00:00,65,
2026.07.26 06:01:00,06:01:00,57,
2026.07.26 06:02:00,06:02:00,61,
2026.07.26 06:03:00,06:03:00,58,
2026.07.26 06:04:00,06:04:00,59,
2026.07.26 06:05:00,06:05:00,59,
2026.07.26 06:06:00,06:06:00,61,
2026.07.26 06:07:00,06:07:00,62,
2026.07.26 06:08:00,06:08:00,60,
2026.07.26 06:09:00,06:09:00,63,
2026.07.26 06:10:00,06:10:00,61,
2026.07.26 06:11:00,06:11:00,61,
2026.07.26 06:12:00,06:12:00,58,
2026.07.26 06:13:00,06:13:00,65,
2026.07.26 06:14:00,06:14:00,64,
2026.07.26 06:15:00,06:15:00,61,
2026.07.26 06:16:00,06:16:00,59,
2026.07.26 06:17:00,06:17:00,59,
2026.07.26 06:18:00,06:18:00,58,
2026.07.26 06:19:00,06:19:00,60,
2026.07.26 06:20:00,06:20:00,60,
2026.07.26 06:21:00,06:21:00,63,
2026.07.26 06:22:00,06:22:00,62,
2026.07.26 06:23:00,06:23:00,66,
2026.07.26 06:24:00,06:24:00,64,
2026.07.26 06:25:00,06:25:00,63,
2026.07.26 06:26:00,06:26:00,55,
2026.07.26 06:27:00,06:27:00,56,
2026.07.26 06:28:00,06:28:00,56,
2026.07.26 06:29:00,06:29:00,58,
2026.07.26 06:30:00,06:30:00,61,
2026.07.26 06:31:00,06:31:00,57,
2026.07.26 06:32:00,06:32:00,58,
2026.07.26 06:33:00,06:33:00,59,
2026.07.26 06:34:00,06:34:00,59,
2026.07.26 06:35:00,06:35:00,59,
2026.07.26 06:36:00,06:36:00,59,
2026.07.26 06:37:00,06:37:00,62,
2026.07.26 06:38:00,06:38:00,62,
2026.07.26 06:39:00,06:39:00,63,
2026.07.26 06:40:00,06:40:00,64,
2026.07.26 06:41:00,06:41:00,64,
2026.07.26 06:42:00,06:42:00,64,
2026.07.26 06:43:00,06:43:00,61,
2026.07.26 06:44:00,06:44:00,63,
2026.07.26 06:45:00,06:45:00,62,
2026.07.26 06:46:00,06:46:00,63,
2026.07.26 06:47:00,06:47:00,65,
2026.07.26 06:48:00,06:48:00,65,
2026.07.26 06:49:00,06:49:00,64,
2026.07.26 06:50:00,06:50:00,67,
2026.07.26 06:51:00,06:51:00,65,
2026.07.26 06:52:00,06:52:00,67,
2026.07.26 06:53:00,06:53:00,64,
2026.07.26 06:54:00,06:54:00,64,
2026.07.26 06:55:00,06:55:00,67,
2026.07.26 06:56:00,06:56:00,65,
2026.07.26 06:57:00,06:57:00,64,
2026.07.26 06:58:00,06:58:00,65,
2026.07.26 06:59:00,06:59:00,68,
2026.07.26 07:00:00,07:00:00,66,
2026.07.26 07:01:00,07:01:00,70,
2026.07.26 07:02:00,07:02:00,86,
2026.07.26 07:03:00,07:03:00,59,
2026.07.26 07:04:00,07:04:00,62,
2026.07.26 07:05:00,07:05:00,66,
2026.07.26 07:06:00,07:06:00,72,
2026.07.26 07:07:00,07:07:00,67,
2026.07.26 07:08:00,07:08:00,65,
2026.07.26 07:09:00,07:09:00,62,
2026.07.26 07:10:00,07:10:00,62,
2026.07.26 07:11:00,07:11:00,63,
2026.07.26 07:12:00,07:12:00,65,
2026.07.26 07:13:00,07:13:00,86,
2026.07.26 07:14:00,07:14:00,95,
2026.07.26 07:15:00,07:15:00,85,
2026.07.26 07:16:00,07:16:00,67,
2026.07.26 07:17:00,07:17:00,81,
2026.07.26 07:18:00,07:18:00,64,
2026.07.26 07:19:00,07:19:00,65,
2026.07.26 07:20:00,07:20:00,66,
2026.07.26 07:21:00,07:21:00,69,
2026.07.26 07:22:00,07:22:00,64,
2026.07.26 07:23:00,07:23:00,64,
2026.07.26 07:24:00,07:24:00,63,
2026.07.26 07:25:00,07:25:00,69,
2026.07.26 07:26:00,07:26:00,60,
2026.07.26 07:27:00,07:27:00,66,
2026.07.26 07:28:00,07:28:00,76,
2026.07.26 07:29:00,07:29:00,82,
2026.07.26 07:30:00,07:30:00,97,
2026.07.26 07:31:00,07:31:00,103,
2026.07.26 07:32:00,07:32:00,90,
2026.07.26 07:33:00,07:33:00,94,
2026.07.26 07:34:00,07:34:00,94,
2026.07.26 07:35:00,07:35:00,79,
2026.07.26 07:36:00,07:36:00,79,
2026.07.26 07:37:00,07:37:00,77,
2026.07.26 07:38:00,07:38:00,86,
2026.07.26 07:39:00,07:39:00,77,
2026.07.26 07:40:00,07:40:00,78,
2026.07.26 07:41:00,07:41:00,79,
2026.07.26 07:42:00,07:42:00,85,
2026.07.26 07:43:00,07:43:00,84,
2026.07.26 07:44:00,07:44:00,80,
2026.07.26 07:45:00,07:45:00,82,
2026.07.26 07:46:00,07:46:00,82,
2026.07.26 07:47:00,07:47:00,83,
2026.07.26 07:48:00,07:48:00,83,
2026.07.26 07:49:00,07:49:00,79,
2026.07.26 07:50:00,07:50:00,81,
2026.07.26 07:51:00,07:51:00,104,
2026.07.26 07:52:00,07:52:00,98,
2026.07.26 07:53:00,07:53:00,65,
2026.07.26 07:54:00,07:54:00,67,
2026.07.26 07:55:00,07:55:00,62,
2026.07.26 07:56:00,07:56:00,61,
2026.07.26 07:57:00,07:57:00,65,
2026.07.26 07:58:00,07:58:00,64,
2026.07.26 07:59:00,07:59:00,60,
2026.07.26 08:00:00,08:00:00,69,
2026.07.26 08:01:00,08:01:00,72,
2026.07.26 08:02:00,08:02:00,67,
2026.07.26 08:03:00,08:03:00,67,
2026.07.26 08:04:00,08:04:00,84,
2026.07.26 08:05:00,08:05:00,73,
2026.07.26 08:06:00,08:06:00,85,
2026.07.26 08:07:00,08:07:00,78,
2026.07.26 08:08:00,08:08:00,73,
2026.07.26 08:09:00,08:09:00,74,
2026.07.26 08:10:00,08:10:00,69,
2026.07.26 08:11:00,08:11:00,67,
2026.07.26 08:12:00,08:12:00,69,
2026.07.26 08:13:00,08:13:00,70,
2026.07.26 08:14:00,08:14:00,77,
2026.07.26 08:15:00,08:15:00,74,
2026.07.26 08:16:00,08:16:00,75,
2026.07.26 08:17:00,08:17:00,93,
2026.07.26 08:18:00,08:18:00,83,
2026.07.26 08:19:00,08:19:00,90,
2026.07.26 08:20:00,08:20:00,92,
2026.07.26 08:21:00,08:21:00,91,
2026.07.26 08:22:00,08:22:00,90,
2026.07.26 08:23:00,08:23:00,84,
2026.07.26 08:24:00,08:24:00,84,
2026.07.26 08:25:00,08:25:00,87,
2026.07.26 08:26:00,08:26:00,91,
2026.07.26 08:27:00,08:27:00,82,
2026.07.26 08:28:00,08:28:00,88,
2026.07.26 08:29:00,08:29:00,88,
2026.07.26 08:30:00,08:30:00,96,
2026.07.26 08:31:00,08:31:00,99,
2026.07.26 08:32:00,08:32:00,103,
2026.07.26 08:33:00,08:33:00,103,
2026.07.26 08:34:00,08:34:00,105,
2026.07.26 08:35:00,08:35:00,85,
2026.07.26 08:36:00,08:36:00,92,
2026.07.26 08:37:00,08:37:00,95,
2026.07.26 08:38:00,08:38:00,92,
2026.07.26 08:39:00,08:39:00,86,
2026.07.26 08:40:00,08:40:00,90,
2026.07.26 08:41:00,08:41:00,122,
2026.07.26 08:42:00,08:42:00,126,
2026.07.26 08:43:00,08:43:00,94,
2026.07.26 08:44:00,08:44:00,94,
2026.07.26 08:45:00,08:45:00,102,
2026.07.26 08:46:00,08:46:00,96,
2026.07.26 08:47:00,08:47:00,89,
2026.07.26 08:48:00,08:48:00,86,
2026.07.26 08:49:00,08:49:00,93,
2026.07.26 08:50:00,08:50:00,99,
2026.07.26 08:51:00,08:51:00,103,
2026.07.26 08:52:00,08:52:00,92,
2026.07.26 08:53:00,08:53:00,89,
2026.07.26 08:54:00,08:54:00,92,
2026.07.26 08:55:00,08:55:00,93,
2026.07.26 08:56:00,08:56:00,91,
2026.07.26 08:57:00,08:57:00,91,
2026.07.26 08:58:00,08:58:00,90,
2026.07.26 08:59:00,08:59:00,90,
2026.07.26 09:00:00,09:00:00,85,
2026.07.26 09:01:00,09:01:00,90,
2026.07.26 09:02:00,09:02:00,87,
2026.07.26 09:03:00,09:03:00,88,
2026.07.26 09:04:00,09:04:00,87,
2026.07.26 09:05:00,09:05:00,84,
2026.07.26 09:06:00,09:06:00,90,
2026.07.26 09:07:00,09:07:00,86,
2026.07.26 09:08:00,09:08:00,89,
2026.07.26 09:09:00,09:09:00,87,
2026.07.26 09:10:00,09:10:00,90,
2026.07.26 09:11:00,09:11:00,91,
2026.07.26 09:12:00,09:12:00,90,
2026.07.26 09:13:00,09:13:00,92,
2026.07.26 09:14:00,09:14:00,89,
2026.07.26 09:15:00,09:15:00,91,
2026.07.26 09:16:00,09:16:00,88,
2026.07.26 09:17:00,09:17:00,90,
2026.07.26 09:18:00,09:18:00,89,
2026.07.26 09:19:00,09:19:00,90,
2026.07.26 09:20:00,09:20:00,85,
2026.07.26 09:21:00,09:21:00,95,
2026.07.26 09:22:00,09:22:00,76,
2026.07.26 09:23:00,09:23:00,83,
2026.07.26 09:24:00,09:24:00,85,
2026.07.26 09:25:00,09:25:00,85,
2026.07.26 09:26:00,09:26:00,82,
2026.07.26 09:27:00,09:27:00,88,
2026.07.26 09:28:00,09:28:00,89,
2026.07.26 09:29:00,09:29:00,89,
2026.07.26 09:30:00,09:30:00,81,
2026.07.26 09:31:00,09:31:00,89,
2026.07.26 09:32:00,09:32:00,79,
2026.07.26 09:33:00,09:33:00,73,
2026.07.26 09:34:00,09:34:00,74,
2026.07.26 09:35:00,09:35:00,75,
2026.07.26 09:36:00,09:36:00,75,
2026.07.26 09:37:00,09:37:00,76,
2026.07.26 09:38:00,09:38:00,79,
2026.07.26 09:39:00,09:39:00,85,
2026.07.26 09:40:00,09:40:00,74,
2026.07.26 09:41:00,09:41:00,74,
2026.07.26 09:42:00,09:42:00,80,
2026.07.26 09:43:00,09:43:00,78,
2026.07.26 09:44:00,09:44:00,79,
2026.07.26 09:45:00,09:45:00,80,
2026.07.26 09:46:00,09:46:00,75,
2026.07.26 09:47:00,09:47:00,91,
2026.07.26 09:48:00,09:48:00,78,
2026.07.26 09:49:00,09:49:00,83,
2026.07.26 09:50:00,09:50:00,90,
2026.07.26 09:51:00,09:51:00,90,
2026.07.26 09:52:00,09:52:00,95,
2026.07.26 09:53:00,09:53:00,89,
2026.07.26 09:54:00,09:54:00,91,
2026.07.26 09:55:00,09:55:00,90,
2026.07.26 09:56:00,09:56:00,82,
2026.07.26 09:57:00,09:57:00,90,
2026.07.26 09:58:00,09:58:00,89,
2026.07.26 09:59:00,09:59:00,89,
2026.07.26 10:00:00,10:00:00,91,
2026.07.26 10:01:00,10:01:00,99,
2026.07.26 10:02:00,10:02:00,88,
2026.07.26 10:03:00,10:03:00,89,
2026.07.26 10:04:00,10:04:00,94,
2026.07.26 10:05:00,10:05:00,93,
2026.07.26 10:06:00,10:06:00,95,
2026.07.26 10:07:00,10:07:00,91,
2026.07.26 10:08:00,10:08:00,100,
2026.07.26 10:09:00,10:09:00,93,
2026.07.26 10:10:00,10:10:00,97,
2026.07.26 10:11:00,10:11:00,98,
2026.07.26 10:12:00,10:12:00,93,
2026.07.26 10:13:00,10:13:00,92,
2026.07.26 10:14:00,10:14:00,92,
2026.07.26 10:15:00,10:15:00,93,
2026.07.26 10:16:00,10:16:00,89,
2026.07.26 10:17:00,10:17:00,80,
2026.07.26 10:18:00,10:18:00,83,
2026.07.26 10:19:00,10:19:00,83,
2026.07.26 10:20:00,10:20:00,84,
2026.07.26 10:21:00,10:21:00,86,
2026.07.26 10:22:00,10:22:00,82,
2026.07.26 10:23:00,10:23:00,83,
2026.07.26 10:24:00,10:24:00,101,
2026.07.26 10:25:00,10:25:00,96,
2026.07.26 10:26:00,10:26:00,97,
2026.07.26 10:27:00,10:27:00,94,
2026.07.26 10:28:00,10:28:00,89,
2026.07.26 10:29:00,10:29:00,93,
2026.07.26 10:30:00,10:30:00,89,
2026.07.26 10:31:00,10:31:00,95,
2026.07.26 10:32:00,10:32:00,95,
2026.07.26 10:33:00,10:33:00,88,
2026.07.26 10:34:00,10:34:00,96,
2026.07.26 10:35:00,10:35:00,91,
2026.07.26 10:36:00,10:36:00,94,
2026.07.26 10:37:00,10:37:00,96,
2026.07.26 10:38:00,10:38:00,80,
2026.07.26 10:39:00,10:39:00,81,
2026.07.26 10:40:00,10:40:00,89,
2026.07.26 10:41:00,10:41:00,95,
2026.07.26 10:42:00,10:42:00,94,
2026.07.26 10:43:00,10:43:00,92,
2026.07.26 10:44:00,10:44:00,92,
2026.07.26 10:45:00,10:45:00,86,
2026.07.26 10:46:00,10:46:00,78,
2026.07.26 10:47:00,10:47:00,71,
2026.07.26 10:48:00,10:48:00,73,
2026.07.26 10:49:00,10:49:00,75,
2026.07.26 10:50:00,10:50:00,81,
2026.07.26 10:51:00,10:51:00,80,
2026.07.26 10:52:00,10:52:00,77,
2026.07.26 10:53:00,10:53:00,75,
2026.07.26 10:54:00,10:54:00,81,
2026.07.26 10:55:00,10:55:00,79,
2026.07.26 10:56:00,10:56:00,76,
2026.07.26 10:57:00,10:57:00,78,
2026.07.26 10:58:00,10:58:00,75,
2026.07.26 10:59:00,10:59:00,89,
2026.07.26 11:00:00,11:00:00,91,
2026.07.26 11:01:00,11:01:00,87,
2026.07.26 11:02:00,11:02:00,83,
2026.07.26 11:03:00,11:03:00,86,
2026.07.26 11:04:00,11:04:00,86,
2026.07.26 11:05:00,11:05:00,80,
2026.07.26 11:06:00,11:06:00,80,
2026.07.26 11:07:00,11:07:00,85,
2026.07.26 11:08:00,11:08:00,106,
2026.07.26 11:09:00,11:09:00,103,
2026.07.26 11:10:00,11:10:00,85,
2026.07.26 11:11:00,11:11:00,86,
2026.07.26 11:12:00,11:12:00,104,
2026.07.26 11:13:00,11:13:00,101,
2026.07.26 11:14:00,11:14:00,113,
2026.07.26 11:15:00,11:15:00,104,
2026.07.26 11:16:00,11:16:00,94,
2026.07.26 11:17:00,11:17:00,103,
2026.07.26 11:18:00,11:18:00,102,
2026.07.26 11:19:00,11:19:00,116,
2026.07.26 11:20:00,11:20:00,109,
2026.07.26 11:21:00,11:21:00,107,
2026.07.26 11:22:00,11:22:00,105,
2026.07.26 11:23:00,11:23:00,103,
2026.07.26 11:24:00,11:24:00,103,
2026.07.26 11:25:00,11:25:00,96,
2026.07.26 11:26:00,11:26:00,106,
2026.07.26 11:27:00,11:27:00,99,
2026.07.26 11:28:00,11:28:00,103,
2026.07.26 11:29:00,11:29:00,106,
2026.07.26 11:30:00,11:30:00,110,
2026.07.26 11:31:00,11:31:00,117,
2026.07.26 11:32:00,11:32:00,144,
2026.07.26 11:33:00,11:33:00,109,
2026.07.26 11:34:00,11:34:00,97,
2026.07.26 11:35:00,11:35:00,96,
2026.07.26 11:36:00,11:36:00,90,
2026.07.26 11:37:00,11:37:00,94,
2026.07.26 11:38:00,11:38:00,103,
2026.07.26 11:39:00,11:39:00,100,
2026.07.26 11:40:00,11:40:00,99,
2026.07.26 11:41:00,11:41:00,102,
2026.07.26 11:42:00,11:42:00,94,
2026.07.26 11:43:00,11:43:00,99,
2026.07.26 11:44:00,11:44:00,92,
2026.07.26 11:45:00,11:45:00,90,
2026.07.26 11:46:00,11:46:00,95,
2026.07.26 11:47:00,11:47:00,95,
2026.07.26 11:48:00,11:48:00,90,
2026.07.26 11:49:00,11:49:00,94,
2026.07.26 11:50:00,11:50:00,95,
2026.07.26 11:51:00,11:51:00,98,
2026.07.26 11:52:00,11:52:00,94,
2026.07.26 11:53:00,11:53:00,91,
2026.07.26 11:54:00,11:54:00,94,
2026.07.26 11:55:00,11:55:00,93,
2026.07.26 11:56:00,11:56:00,89,
2026.07.26 11:57:00,11:57:00,109,
2026.07.26 11:58:00,11:58:00,109,
2026.07.26 11:59:00,11:59:00,101,
2026.07.26 12:00:00,12:00:00,92,
2026.07.26 12:01:00,12:01:00,89,
2026.07.26 12:02:00,12:02:00,85,
2026.07.26 12:03:00,12:03:00,91,
2026.07.26 12:04:00,12:04:00,97,
2026.07.26 12:05:00,12:05:00,96,
2026.07.26 12:06:00,12:06:00,97,
2026.07.26 12:07:00,12:07:00,97,
2026.07.26 12:08:00,12:08:00,86,
2026.07.26 12:09:00,12:09:00,77,
2026.07.26 12:10:00,12:10:00,77,
2026.07.26 12:11:00,12:11:00,94,
2026.07.26 12:12:00,12:12:00,92,
2026.07.26 12:13:00,12:13:00,72,
2026.07.26 12:14:00,12:14:00,75,
2026.07.26 12:15:00,12:15:00,76,
2026.07.26 12:16:00,12:16:00,80,
2026.07.26 12:17:00,12:17:00,89,
2026.07.26 12:18:00,12:18:00,84,
2026.07.26 12:19:00,12:19:00,81,
2026.07.26 12:20:00,12:20:00,77,
2026.07.26 12:21:00,12:21:00,73,
2026.07.26 12:22:00,12:22:00,80,
2026.07.26 12:23:00,12:23:00,72,
2026.07.26 12:24:00,12:24:00,80,
2026.07.26 12:25:00,12:25:00,74,
2026.07.26 12:26:00,12:26:00,72,
2026.07.26 12:27:00,12:27:00,80,
2026.07.26 12:28:00,12:28:00,79,
2026.07.26 12:29:00,12:29:00,79,
2026.07.26 12:30:00,12:30:00,76,
2026.07.26 12:31:00,12:31:00,77,
2026.07.26 12:32:00,12:32:00,75,
2026.07.26 12:33:00,12:33:00,82,
2026.07.26 12:34:00,12:34:00,79,
2026.07.26 12:35:00,12:35:00,78,
2026.07.26 12:36:00,12:36:00,85,
2026.07.26 12:37:00,12:37:00,85,
2026.07.26 12:38:00,12:38:00,77,
2026.07.26 12:39:00,12:39:00,81,
2026.07.26 12:40:00,12:40:00,75,
2026.07.26 12:41:00,12:41:00,77,
2026.07.26 12:42:00,12:42:00,79,
2026.07.26 12:43:00,12:43:00,79,
2026.07.26 12:44:00,12:44:00,82,
2026.07.26 12:45:00,12:45:00,76,
2026.07.26 12:46:00,12:46:00,77,
2026.07.26 12:47:00,12:47:00,76,
2026.07.26 12:48:00,12:48:00,80,
2026.07.26 12:49:00,12:49:00,85,
2026.07.26 12:50:00,12:50:00,70,
2026.07.26 12:51:00,12:51:00,79,
2026.07.26 12:52:00,12:52:00,81,
2026.07.26 12:53:00,12:53:00,82,
2026.07.26 12:54:00,12:54:00,80,
2026.07.26 12:55:00,12:55:00,78,
2026.07.26 12:56:00,12:56:00,85,
2026.07.26 12:57:00,12:57:00,79,
2026.07.26 12:58:00,12:58:00,81,
2026.07.26 12:59:00,12:59:00,102,
2026.07.26 13:00:00,13:00:00,97,
2026.07.26 13:01:00,13:01:00,78,
2026.07.26 13:02:00,13:02:00,72,
2026.07.26 13:03:00,13:03:00,72,
2026.07.26 13:04:00,13:04:00,73,
2026.07.26 13:05:00,13:05:00,69,
2026.07.26 13:06:00,13:06:00,74,
2026.07.26 13:07:00,13:07:00,74,
2026.07.26 13:08:00,13:08:00,79,
2026.07.26 13:09:00,13:09:00,75,
2026.07.26 13:10:00,13:10:00,70,
2026.07.26 13:11:00,13:11:00,71,
2026.07.26 13:12:00,13:12:00,73,
2026.07.26 13:13:00,13:13:00,75,
2026.07.26 13:14:00,13:14:00,78,
2026.07.26 13:15:00,13:15:00,74,
2026.07.26 13:16:00,13:16:00,82,
2026.07.26 13:17:00,13:17:00,67,
2026.07.26 13:18:00,13:18:00,70,
2026.07.26 13:19:00,13:19:00,73,
2026.07.26 13:20:00,13:20:00,84,
2026.07.26 13:21:00,13:21:00,71,
2026.07.26 13:22:00,13:22:00,76,
2026.07.26 13:23:00,13:23:00,76,
2026.07.26 13:24:00,13:24:00,84,
2026.07.26 13:25:00,13:25:00,76,
2026.07.26 13:26:00,13:26:00,74,
2026.07.26 13:27:00,13:27:00,75,
2026.07.26 13:28:00,13:28:00,77,
2026.07.26 13:29:00,13:29:00,70,
2026.07.26 13:30:00,13:30:00,93,
2026.07.26 13:31:00,13:31:00,94,
2026.07.26 13:32:00,13:32:00,79,
2026.07.26 13:33:00,13:33:00,76,
2026.07.26 13:34:00,13:34:00,88,
2026.07.26 13:35:00,13:35:00,85,
2026.07.26 13:36:00,13:36:00,82,
2026.07.26 13:37:00,13:37:00,88,
2026.07.26 13:38:00,13:38:00,80,
2026.07.26 13:39:00,13:39:00,89,
2026.07.26 13:40:00,13:40:00,81,
2026.07.26 13:41:00,13:41:00,79,
2026.07.26 13:42:00,13:42:00,82,
2026.07.26 13:43:00,13:43:00,91,
2026.07.26 13:44:00,13:44:00,94,
2026.07.26 13:45:00,13:45:00,91,
2026.07.26 13:46:00,13:46:00,84,
2026.07.26 13:47:00,13:47:00,88,
2026.07.26 13:48:00,13:48:00,95,
2026.07.26 13:49:00,13:49:00,90,
2026.07.26 13:50:00,13:50:00,94,
2026.07.26 13:51:00,13:51:00,92,
2026.07.26 13:52:00,13:52:00,83,
2026.07.26 13:53:00,13:53:00,80,
2026.07.26 13:54:00,13:54:00,94,
2026.07.26 13:55:00,13:55:00,83,
2026.07.26 13:56:00,13:56:00,93,
2026.07.26 13:57:00,13:57:00,85,
2026.07.26 13:58:00,13:58:00,84,
2026.07.26 13:59:00,13:59:00,91,
2026.07.26 14:00:00,14:00:00,89,
2026.07.26 14:01:00,14:01:00,94,
2026.07.26 14:02:00,14:02:00,92,
2026.07.26 14:03:00,14:03:00,89,
2026.07.26 14:04:00,14:04:00,91,
2026.07.26 14:05:00,14:05:00,92,
2026.07.26 14:06:00,14:06:00,89,
2026.07.26 14:07:00,14:07:00,117,
2026.07.26 14:08:00,14:08:00,114,
2026.07.26 14:09:00,14:09:00,132,
2026.07.26 14:10:00,14:10:00,119,
2026.07.26 14:11:00,14:11:00,125,
2026.07.26 14:12:00,14:12:00,123,
2026.07.26 14:13:00,14:13:00,113,
2026.07.26 14:14:00,14:14:00,132,
2026.07.26 14:15:00,14:15:00,121,
2026.07.26 14:16:00,14:16:00,133,
2026.07.26 14:17:00,14:17:00,120,
2026.07.26 14:18:00,14:18:00,121,
2026.07.26 14:19:00,14:19:00,124,
2026.07.26 14:20:00,14:20:00,134,
2026.07.26 14:21:00,14:21:00,130,
2026.07.26 14:22:00,14:22:00,129,
2026.07.26 14:23:00,14:23:00,117,
2026.07.26 14:24:00,14:24:00,112,
2026.07.26 14:25:00,14:25:00,111,
2026.07.26 14:26:00,14:26:00,111,
2026.07.26 14:27:00,14:27:00,110,
2026.07.26 14:28:00,14:28:00,96,
2026.07.26 14:29:00,14:29:00,95,
2026.07.26 14:30:00,14:30:00,87,
2026.07.26 14:31:00,14:31:00,80,
2026.07.26 14:32:00,14:32:00,88,
2026.07.26 14:33:00,14:33:00,90,
2026.07.26 14:34:00,14:34:00,85,
2026.07.26 14:35:00,14:35:00,79,
2026.07.26 14:36:00,14:36:00,80,
2026.07.26 14:37:00,14:37:00,95,
2026.07.26 14:38:00,14:38:00,94,
2026.07.26 14:39:00,14:39:00,94,
2026.07.26 14:40:00,14:40:00,86,
2026.07.26 14:41:00,14:41:00,84,
2026.07.26 14:42:00,14:42:00,87,
2026.07.26 14:43:00,14:43:00,84,
2026.07.26 14:44:00,14:44:00,93,
2026.07.26 14:45:00,14:45:00,90,
2026.07.26 14:46:00,14:46:00,90,
2026.07.26 14:47:00,14:47:00,97,
2026.07.26 14:48:00,14:48:00,86,
2026.07.26 14:49:00,14:49:00,86,
2026.07.26 14:50:00,14:50:00,86,
2026.07.26 14:51:00,14:51:00,83,
2026.07.26 14:52:00,14:52:00,84,
2026.07.26 14:53:00,14:53:00,87,
2026.07.26 14:54:00,14:54:00,89,
2026.07.26 14:55:00,14:55:00,84,
2026.07.26 14:56:00,14:56:00,93,
2026.07.26 14:57:00,14:57:00,88,
2026.07.26 14:58:00,14:58:00,86,
2026.07.26 14:59:00,14:59:00,86,
2026.07.26 15:00:00,15:00:00,90,
2026.07.26 15:01:00,15:01:00,88,
2026.07.26 15:02:00,15:02:00,84,
2026.07.26 15:03:00,15:03:00,83,
2026.07.26 15:04:00,15:04:00,87,
2026.07.26 15:05:00,15:05:00,86,
2026.07.26 15:06:00,15:06:00,87,
2026.07.26 15:07:00,15:07:00,79,
2026.07.26 15:08:00,15:08:00,85,
2026.07.26 15:09:00,15:09:00,100,
2026.07.26 15:10:00,15:10:00,90,
2026.07.26 15:11:00,15:11:00,94,
2026.07.26 15:12:00,15:12:00,89,
2026.07.26 15:13:00,15:13:00,87,
2026.07.26 15:14:00,15:14:00,87,
2026.07.26 15:15:00,15:15:00,90,
2026.07.26 15:16:00,15:16:00,92,
2026.07.26 15:17:00,15:17:00,103,
2026.07.26 15:18:00,15:18:00,92,
2026.07.26 15:19:00,15:19:00,91,
2026.07.26 15:20:00,15:20:00,92,
2026.07.26 15:21:00,15:21:00,101,
2026.07.26 15:22:00,15:22:00,88,
2026.07.26 15:23:00,15:23:00,91,
2026.07.26 15:24:00,15:24:00,92,
2026.07.26 15:25:00,15:25:00,92,
2026.07.26 15:26:00,15:26:00,88,
2026.07.26 15:27:00,15:27:00,89,
2026.07.26 15:28:00,15:28:00,91,
2026.07.26 15:29:00,15:29:00,88,
2026.07.26 15:30:00,15:30:00,86,
2026.07.26 15:31:00,15:31:00,87,
2026.07.26 15:32:00,15:32:00,86,
2026.07.26 15:33:00,15:33:00,93,
2026.07.26 15:34:00,15:34:00,92,
2026.07.26 15:35:00,15:35:00,84,
2026.07.26 15:36:00,15:36:00,88,
2026.07.26 15:37:00,15:37:00,107,
2026.07.26 15:38:00,15:38:00,98,
2026.07.26 15:39:00,15:39:00,99,
2026.07.26 15:40:00,15:40:00,99,
2026.07.26 15:41:00,15:41:00,99,
2026.07.26 15:42:00,15:42:00,103,
2026.07.26 15:43:00,15:43:00,101,
2026.07.26 15:44:00,15:44:00,100,
2026.07.26 15:45:00,15:45:00,103,
2026.07.26 15:46:00,15:46:00,104,
2026.07.26 15:47:00,15:47:00,101,
2026.07.26 15:48:00,15:48:00,105,
2026.07.26 15:49:00,15:49:00,105,
2026.07.26 15:50:00,15:50:00,108,
2026.07.26 15:51:00,15:51:00,111,
2026.07.26 15:52:00,15:52:00,109,
2026.07.26 15:53:00,15:53:00,103,
2026.07.26 15:54:00,15:54:00,102,
2026.07.26 15:55:00,15:55:00,96,
2026.07.26 15:56:00,15:56:00,95,
2026.07.26 15:57:00,15:57:00,100,
2026.07.26 15:58:00,15:58:00,101,
2026.07.26 15:59:00,15:59:00,107,
2026.07.26 16:00:00,16:00:00,134,
2026.07.26 16:01:00,16:01:00,117,
2026.07.26 16:02:00,16:02:00,131,
2026.07.26 16:03:00,16:03:00,120,
2026.07.26 16:04:00,16:04:00,105,
2026.07.26 16:05:00,16:05:00,116,
2026.07.26 16:06:00,16:06:00,116,
2026.07.26 16:07:00,16:07:00,117,
2026.07.26 16:08:00,16:08:00,126,
2026.07.26 16:09:00,16:09:00,141,
2026.07.26 16:10:00,16:10:00,140,
2026.07.26 16:11:00,16:11:00,136,
2026.07.26 16:12:00,16:12:00,136,
2026.07.26 16:13:00,16:13:00,125,
2026.07.26 16:14:00,16:14:00,138,
2026.07.26 16:15:00,16:15:00,147,
2026.07.26 16:16:00,16:16:00,126,
2026.07.26 16:17:00,16:17:00,140,
2026.07.26 16:18:00,16:18:00,133,
2026.07.26 16:19:00,16:19:00,161,
2026.07.26 16:20:00,16:20:00,130,
2026.07.26 16:21:00,16:21:00,120,
2026.07.26 16:22:00,16:22:00,140,
2026.07.26 16:23:00,16:23:00,143,
2026.07.26 16:24:00,16:24:00,143,
2026.07.26 16:25:00,16:25:00,149,
2026.07.26 16:26:00,16:26:00,137,
2026.07.26 16:27:00,16:27:00,126,
2026.07.26 16:28:00,16:28:00,129,
2026.07.26 16:29:00,16:29:00,130,
2026.07.26 16:30:00,16:30:00,140,
2026.07.26 16:31:00,16:31:00,135,
2026.07.26 16:32:00,16:32:00,136,
2026.07.26 16:33:00,16:33:00,138,
2026.07.26 16:34:00,16:34:00,139,
2026.07.26 16:35:00,16:35:00,143,
2026.07.26 16:36:00,16:36:00,132,
2026.07.26 16:37:00,16:37:00,147,
2026.07.26 16:38:00,16:38:00,145,
2026.07.26 16:39:00,16:39:00,140,
2026.07.26 16:40:00,16:40:00,135,
2026.07.26 16:41:00,16:41:00,145,
2026.07.26 16:42:00,16:42:00,140,
2026.07.26 16:43:00,16:43:00,143,
2026.07.26 16:44:00,16:44:00,136,
2026.07.26 16:45:00,16:45:00,139,
2026.07.26 16:46:00,16:46:00,142,
2026.07.26 16:47:00,16:47:00,136,
2026.07.26 16:48:00,16:48:00,139,
2026.07.26 16:49:00,16:49:00,133,
2026.07.26 16:50:00,16:50:00,138,
2026.07.26 16:51:00,16:51:00,136,
2026.07.26 16:52:00,16:52:00,145,
2026.07.26 16:53:00,16:53:00,148,
2026.07.26 16:54:00,16:54:00,132,
2026.07.26 16:55:00,16:55:00,133,
2026.07.26 16:56:00,16:56:00,122,
2026.07.26 16:57:00,16:57:00,122,
2026.07.26 16:58:00,16:58:00,120,
2026.07.26 16:59:00,16:59:00,123,
2026.07.26 17:00:00,17:00:00,135,
2026.07.26 17:01:00,17:01:00,139,
2026.07.26 17:02:00,17:02:00,142,
2026.07.26 17:03:00,17:03:00,144,
2026.07.26 17:04:00,17:04:00,143,
2026.07.26 17:05:00,17:05:00,141,
2026.07.26 17:06:00,17:06:00,145,
2026.07.26 17:07:00,17:07:00,145,
2026.07.26 17:08:00,17:08:00,136,
2026.07.26 17:09:00,17:09:00,146,
2026.07.26 17:10:00,17:10:00,141,
2026.07.26 17:11:00,17:11:00,141,
2026.07.26 17:12:00,17:12:00,142,
2026.07.26 17:13:00,17:13:00,142,
2026.07.26 17:14:00,17:14:00,140,
2026.07.26 17:15:00,17:15:00,140,
2026.07.26 17:16:00,17:16:00,144,
2026.07.26 17:17:00,17:17:00,142,
2026.07.26 17:18:00,17:18:00,138,
2026.07.26 17:19:00,17:19:00,153,
2026.07.26 17:20:00,17:20:00,143,
2026.07.26 17:21:00,17:21:00,127,
2026.07.26 17:22:00,17:22:00,135,
2026.07.26 17:23:00,17:23:00,141,
2026.07.26 17:24:00,17:24:00,138,
2026.07.26 17:25:00,17:25:00,127,
2026.07.26 17:26:00,17:26:00,129,
2026.07.26 17:27:00,17:27:00,132,
2026.07.26 17:28:00,17:28:00,121,
2026.07.26 17:29:00,17:29:00,127,
2026.07.26 17:30:00,17:30:00,125,
2026.07.26 17:31:00,17:31:00,139,
2026.07.26 17:32:00,17:32:00,130,
2026.07.26 17:33:00,17:33:00,137,
2026.07.26 17:34:00,17:34:00,125,
2026.07.26 17:35:00,17:35:00,131,
2026.07.26 17:36:00,17:36:00,135,
2026.07.26 17:37:00,17:37:00,123,
2026.07.26 17:38:00,17:38:00,134,
2026.07.26 17:39:00,17:39:00,122,
2026.07.26 17:40:00,17:40:00,122,
2026.07.26 17:41:00,17:41:00,147,
2026.07.26 17:42:00,17:42:00,134,
2026.07.26 17:43:00,17:43:00,135,
2026.07.26 17:44:00,17:44:00,131,
2026.07.26 17:45:00,17:45:00,133,
2026.07.26 17:46:00,17:46:00,130,
2026.07.26 17:47:00,17:47:00,137,
2026.07.26 17:48:00,17:48:00,142,
2026.07.26 17:49:00,17:49:00,145,
2026.07.26 17:50:00,17:50:00,146,
2026.07.26 17:51:00,17:51:00,148,
2026.07.26 17:52:00,17:52:00,158,
2026.07.26 17:53:00,17:53:00,142,
2026.07.26 17:54:00,17:54:00,144,
2026.07.26 17:55:00,17:55:00,146,
2026.07.26 17:56:00,17:56:00,137,
2026.07.26 17:57:00,17:57:00,129,
2026.07.26 17:58:00,17:58:00,111,
2026.07.26 17:59:00,17:59:00,116,
2026.07.26 18:00:00,18:00:00,117,
2026.07.26 18:01:00,18:01:00,115,
2026.07.26 18:02:00,18:02:00,114,
2026.07.26 18:03:00,18:03:00,128,
2026.07.26 18:04:00,18:04:00,112,
2026.07.26 18:05:00,18:05:00,128,
2026.07.26 18:06:00,18:06:00,116,
2026.07.26 18:07:00,18:07:00,139,
2026.07.26 18:08:00,18:08:00,119,
2026.07.26 18:09:00,18:09:00,120,
2026.07.26 18:10:00,18:10:00,113,
2026.07.26 18:11:00,18:11:00,129,
2026.07.26 18:12:00,18:12:00,116,
2026.07.26 18:13:00,18:13:00,116,
2026.07.26 18:14:00,18:14:00,123,
2026.07.26 18:15:00,18:15:00,110,
2026.07.26 18:16:00,18:16:00,129,
2026.07.26 18:17:00,18:17:00,139,
2026.07.26 18:18:00,18:18:00,136,
2026.07.26 18:19:00,18:19:00,135,
2026.07.26 18:20:00,18:20:00,94,
2026.07.26 18:21:00,18:21:00,118,
2026.07.26 18:22:00,18:22:00,112,
2026.07.26 18:23:00,18:23:00,109,
2026.07.26 18:24:00,18:24:00,108,
2026.07.26 18:25:00,18:25:00,106,
2026.07.26 18:26:00,18:26:00,103,
2026.07.26 18:27:00,18:27:00,106,
2026.07.26 18:28:00,18:28:00,104,
2026.07.26 18:29:00,18:29:00,102,
2026.07.26 18:30:00,18:30:00,101,
2026.07.26 18:31:00,18:31:00,104,
2026.07.26 18:47:00,18:47:00,99,
2026.07.26 18:48:00,18:48:00,97,
2026.07.26 18:49:00,18:49:00,94,
2026.07.26 18:50:00,18:50:00,93,
2026.07.26 18:51:00,18:51:00,92,
2026.07.26 18:52:00,18:52:00,92,
2026.07.26 18:53:00,18:53:00,102,
2026.07.26 18:54:00,18:54:00,105,
2026.07.26 18:55:00,18:55:00,100,
2026.07.26 18:56:00,18:56:00,102,
2026.07.26 18:57:00,18:57:00,98,
2026.07.26 18:58:00,18:58:00,100,
2026.07.26 18:59:00,18:59:00,103,
2026.07.26 19:00:00,19:00:00,101,
2026.07.26 19:01:00,19:01:00,111,
2026.07.26 19:02:00,19:02:00,98,
2026.07.26 19:03:00,19:03:00,102,
2026.07.26 19:04:00,19:04:00,94,
2026.07.26 19:05:00,19:05:00,95,
2026.07.26 19:06:00,19:06:00,95,
2026.07.26 19:07:00,19:07:00,94,
2026.07.26 19:08:00,19:08:00,91,
2026.07.26 19:09:00,19:09:00,89,
2026.07.26 19:10:00,19:10:00,92,
2026.07.26 19:11:00,19:11:00,93,
2026.07.26 19:12:00,19:12:00,92,
2026.07.26 19:13:00,19:13:00,94,
2026.07.26 19:14:00,19:14:00,95,
2026.07.26 19:15:00,19:15:00,102,
2026.07.26 19:16:00,19:16:00,98,
2026.07.26 19:17:00,19:17:00,94,
2026.07.26 19:18:00,19:18:00,94,
2026.07.26 19:19:00,19:19:00,95,
2026.07.26 19:20:00,19:20:00,94,
2026.07.26 19:21:00,19:21:00,95,
2026.07.26 19:22:00,19:22:00,94,
2026.07.26 19:23:00,19:23:00,94,
2026.07.26 19:24:00,19:24:00,97,
2026.07.26 19:25:00,19:25:00,94,
2026.07.26 19:26:00,19:26:00,86,
2026.07.26 19:27:00,19:27:00,91,
2026.07.26 19:28:00,19:28:00,87,
2026.07.26 19:29:00,19:29:00,93,
2026.07.26 19:30:00,19:30:00,94,
2026.07.26 19:31:00,19:31:00,97,
2026.07.26 19:32:00,19:32:00,103,
2026.07.26 19:33:00,19:33:00,92,
2026.07.26 19:34:00,19:34:00,94,
2026.07.26 19:35:00,19:35:00,91,
2026.07.26 19:36:00,19:36:00,95,
2026.07.26 19:37:00,19:37:00,88,
2026.07.26 19:38:00,19:38:00,92,
2026.07.26 19:39:00,19:39:00,88,
2026.07.26 19:40:00,19:40:00,88,
2026.07.26 19:41:00,19:41:00,92,
2026.07.26 19:42:00,19:42:00,90,
2026.07.26 19:43:00,19:43:00,88,
2026.07.26 19:44:00,19:44:00,88,
2026.07.26 19:45:00,19:45:00,90,
2026.07.26 19:46:00,19:46:00,95,
2026.07.26 19:47:00,19:47:00,95,
2026.07.26 19:48:00,19:48:00,104,
2026.07.26 19:49:00,19:49:00,99,
2026.07.26 19:50:00,19:50:00,99,
2026.07.26 19:51:00,19:51:00,109,
2026.07.26 19:52:00,19:52:00,98,
2026.07.26 19:53:00,19:53:00,105,
2026.07.26 19:54:00,19:54:00,94,
2026.07.26 19:55:00,19:55:00,93,
2026.07.26 19:56:00,19:56:00,95,
2026.07.26 19:57:00,19:57:00,89,
2026.07.26 19:58:00,19:58:00,87,
2026.07.26 19:59:00,19:59:00,93,
2026.07.26 20:00:00,20:00:00,86,
2026.07.26 20:01:00,20:01:00,86,
2026.07.26 20:02:00,20:02:00,85,
2026.07.26 20:03:00,20:03:00,84,
2026.07.26 20:04:00,20:04:00,86,
2026.07.26 20:05:00,20:05:00,91,
2026.07.26 20:06:00,20:06:00,91,
2026.07.26 20:07:00,20:07:00,88,
2026.07.26 20:08:00,20:08:00,91,
2026.07.26 20:09:00,20:09:00,90,
2026.07.26 20:10:00,20:10:00,95,
2026.07.26 20:11:00,20:11:00,86,
2026.07.26 20:12:00,20:12:00,92,
2026.07.26 20:13:00,20:13:00,92,
2026.07.26 20:14:00,20:14:00,93,
2026.07.26 20:15:00,20:15:00,87,
2026.07.26 20:16:00,20:16:00,90,
2026.07.26 20:17:00,20:17:00,97,
2026.07.26 20:18:00,20:18:00,89,
2026.07.26 20:19:00,20:19:00,91,
2026.07.26 20:20:00,20:20:00,104,
2026.07.26 20:21:00,20:21:00,91,
2026.07.26 20:22:00,20:22:00,94,
2026.07.26 20:23:00,20:23:00,95,
2026.07.26 20:24:00,20:24:00,95,
2026.07.26 20:25:00,20:25:00,86,
2026.07.26 20:26:00,20:26:00,104,
2026.07.26 20:27:00,20:27:00,93,
2026.07.26 20:28:00,20:28:00,103,
2026.07.26 20:29:00,20:29:00,103,
2026.07.26 20:30:00,20:30:00,100,
2026.07.26 20:31:00,20:31:00,95,
2026.07.26 20:32:00,20:32:00,92,
2026.07.26 20:33:00,20:33:00,100,
2026.07.26 20:34:00,20:34:00,92,
2026.07.26 20:35:00,20:35:00,96,
2026.07.26 20:36:00,20:36:00,94,
2026.07.26 20:37:00,20:37:00,93,
2026.07.26 20:38:00,20:38:00,100,
2026.07.26 20:39:00,20:39:00,99,
2026.07.26 20:40:00,20:40:00,103,
2026.07.26 20:41:00,20:41:00,99,
2026.07.26 20:42:00,20:42:00,101,
2026.07.26 20:43:00,20:43:00,89,
2026.07.26 20:44:00,20:44:00,87,
2026.07.26 20:45:00,20:45:00,91,
2026.07.26 20:46:00,20:46:00,92,
2026.07.26 20:47:00,20:47:00,91,
2026.07.26 20:48:00,20:48:00,95,
2026.07.26 20:49:00,20:49:00,92,
2026.07.26 20:50:00,20:50:00,91,
2026.07.26 20:51:00,20:51:00,87,
2026.07.26 20:52:00,20:52:00,82,
2026.07.26 20:53:00,20:53:00,85,
2026.07.26 20:54:00,20:54:00,85,
2026.07.26 20:55:00,20:55:00,89,
2026.07.26 20:56:00,20:56:00,83,
2026.07.26 20:57:00,20:57:00,83,
2026.07.26 20:58:00,20:58:00,89,
2026.07.26 20:59:00,20:59:00,106,
2026.07.26 21:00:00,21:00:00,92,
2026.07.26 21:01:00,21:01:00,90,
2026.07.26 21:02:00,21:02:00,88,
2026.07.26 21:03:00,21:03:00,92,
2026.07.26 21:04:00,21:04:00,91,
2026.07.26 21:05:00,21:05:00,97,
2026.07.26 21:06:00,21:06:00,95,
2026.07.26 21:07:00,21:07:00,94,
2026.07.26 21:08:00,21:08:00,93,
2026.07.26 21:09:00,21:09:00,91,
2026.07.26 21:10:00,21:10:00,91,
2026.07.26 21:11:00,21:11:00,94,
2026.07.26 21:12:00,21:12:00,94,
2026.07.26 21:13:00,21:13:00,95,
2026.07.26 21:14:00,21:14:00,93,
2026.07.26 21:15:00,21:15:00,90,
2026.07.26 21:16:00,21:16:00,95,
2026.07.26 21:17:00,21:17:00,94,
2026.07.26 21:18:00,21:18:00,94,
2026.07.26 21:19:00,21:19:00,85,
2026.07.26 21:20:00,21:20:00,94,
2026.07.26 21:21:00,21:21:00,99,
2026.07.26 21:22:00,21:22:00,93,
2026.07.26 21:23:00,21:23:00,101,
2026.07.26 21:24:00,21:24:00,101,
2026.07.26 21:25:00,21:25:00,101,
2026.07.26 21:26:00,21:26:00,98,
2026.07.26 21:27:00,21:27:00,100,
2026.07.26 21:28:00,21:28:00,102,
2026.07.26 21:29:00,21:29:00,104,
2026.07.26 21:30:00,21:30:00,99,
2026.07.26 21:31:00,21:31:00,93,
2026.07.26 21:32:00,21:32:00,94,
2026.07.26 21:33:00,21:33:00,95,
2026.07.26 21:34:00,21:34:00,96,
2026.07.26 21:35:00,21:35:00,86,
2026.07.26 21:36:00,21:36:00,94,
2026.07.26 21:37:00,21:37:00,95,
2026.07.26 21:38:00,21:38:00,95,
2026.07.26 21:39:00,21:39:00,95,
2026.07.26 21:40:00,21:40:00,95,
2026.07.26 21:41:00,21:41:00,95,
2026.07.26 21:42:00,21:42:00,92,
2026.07.26 21:43:00,21:43:00,92,
2026.07.26 21:44:00,21:44:00,89,
2026.07.26 21:45:00,21:45:00,95,
2026.07.26 21:46:00,21:46:00,88,
2026.07.26 21:47:00,21:47:00,89,
2026.07.26 21:48:00,21:48:00,92,
2026.07.26 21:49:00,21:49:00,92,
2026.07.26 21:50:00,21:50:00,88,
2026.07.26 21:51:00,21:51:00,91,
2026.07.26 21:52:00,21:52:00,88,
2026.07.26 21:53:00,21:53:00,92,
2026.07.26 21:54:00,21:54:00,88,
2026.07.26 21:55:00,21:55:00,92,
2026.07.26 21:56:00,21:56:00,90,
2026.07.26 21:57:00,21:57:00,97,
2026.07.26 21:58:00,21:58:00,88,
2026.07.26 21:59:00,21:59:00,86,
2026.07.26 22:00:00,22:00:00,92,
2026.07.26 22:01:00,22:01:00,95,
2026.07.26 22:02:00,22:02:00,85,
2026.07.26 22:03:00,22:03:00,88,
2026.07.26 22:04:00,22:04:00,97,
2026.07.26 22:05:00,22:05:00,95,
2026.07.26 22:06:00,22:06:00,90,
2026.07.26 22:07:00,22:07:00,89,
2026.07.26 22:08:00,22:08:00,86,
2026.07.26 22:09:00,22:09:00,81,
2026.07.26 22:10:00,22:10:00,82,
2026.07.26 22:11:00,22:11:00,83,
2026.07.26 22:12:00,22:12:00,71,
2026.07.26 22:13:00,22:13:00,76,
2026.07.26 22:14:00,22:14:00,82,
2026.07.26 22:15:00,22:15:00,84,
2026.07.26 22:16:00,22:16:00,82,
2026.07.26 22:17:00,22:17:00,81,
2026.07.26 22:18:00,22:18:00,84,
2026.07.26 22:19:00,22:19:00,81,
2026.07.26 22:20:00,22:20:00,74,
2026.07.26 22:21:00,22:21:00,83,
2026.07.26 22:22:00,22:22:00,82,
2026.07.26 22:23:00,22:23:00,76,
2026.07.26 22:24:00,22:24:00,71,
2026.07.26 22:25:00,22:25:00,71,
2026.07.26 22:26:00,22:26:00,72,
2026.07.26 22:27:00,22:27:00,77,
2026.07.26 22:28:00,22:28:00,80,
2026.07.26 22:29:00,22:29:00,78,
2026.07.26 22:30:00,22:30:00,94,
2026.07.26 22:31:00,22:31:00,84,
2026.07.26 22:32:00,22:32:00,90,
2026.07.26 22:33:00,22:33:00,82,
2026.07.26 22:34:00,22:34:00,89,
2026.07.26 22:35:00,22:35:00,88,
2026.07.26 22:36:00,22:36:00,86,
2026.07.26 22:37:00,22:37:00,88,
2026.07.26 22:38:00,22:38:00,72,
2026.07.26 22:39:00,22:39:00,74,
2026.07.26 22:40:00,22:40:00,76,
2026.07.26 22:41:00,22:41:00,70,
2026.07.26 22:42:00,22:42:00,76,
2026.07.26 22:43:00,22:43:00,66,
2026.07.26 22:44:00,22:44:00,67,
2026.07.26 22:45:00,22:45:00,67,
2026.07.26 22:46:00,22:46:00,64,
2026.07.26 22:47:00,22:47:00,66,
2026.07.26 22:48:00,22:48:00,64,
2026.07.26 22:49:00,22:49:00,76,
2026.07.26 22:50:00,22:50:00,61,
2026.07.26 22:51:00,22:51:00,62,
2026.07.26 22:52:00,22:52:00,61,
2026.07.26 22:55:00,22:55:00,81,
2026.07.26 22:56:00,22:56:00,62,
2026.07.26 22:57:00,22:57:00,62,
2026.07.26 22:58:00,22:58:00,62,
2026.07.26 22:59:00,22:59:00,61,
2026.07.26 23:00:00,23:00:00,63,
2026.07.26 23:01:00,23:01:00,63,
2026.07.26 23:02:00,23:02:00,62,
2026.07.26 23:03:00,23:03:00,63,
2026.07.26 23:04:00,23:04:00,74,
2026.07.26 23:05:00,23:05:00,59,
2026.07.26 23:06:00,23:06:00,60,
2026.07.26 23:07:00,23:07:00,61,
2026.07.26 23:08:00,23:08:00,60,
2026.07.26 23:09:00,23:09:00,60,
2026.07.26 23:10:00,23:10:00,59,
2026.07.26 23:11:00,23:11:00,62,
2026.07.26 23:12:00,23:12:00,63,
2026.07.26 23:13:00,23:13:00,63,
2026.07.26 23:14:00,23:14:00,62,
2026.07.26 23:15:00,23:15:00,62,
2026.07.26 23:16:00,23:16:00,63,
2026.07.26 23:17:00,23:17:00,63,
2026.07.26 23:18:00,23:18:00,64,
2026.07.26 23:19:00,23:19:00,62,
2026.07.26 23:20:00,23:20:00,62,
2026.07.26 23:21:00,23:21:00,57,
2026.07.26 23:22:00,23:22:00,58,
2026.07.26 23:23:00,23:23:00,58,
2026.07.26 23:24:00,23:24:00,57,
2026.07.26 23:25:00,23:25:00,59,
2026.07.26 23:26:00,23:26:00,59,
2026.07.26 23:27:00,23:27:00,59,
2026.07.26 23:28:00,23:28:00,59,
2026.07.26 23:29:00,23:29:00,60,
2026.07.26 23:30:00,23:30:00,57,
2026.07.26 23:31:00,23:31:00,60,
2026.07.26 23:32:00,23:32:00,59,
2026.07.26 23:33:00,23:33:00,60,
2026.07.26 23:34:00,23:34:00,60,
2026.07.26 23:35:00,23:35:00,60,
2026.07.26 23:36:00,23:36:00,60,
2026.07.26 23:37:00,23:37:00,60,
2026.07.26 23:38:00,23:38:00,61,
2026.07.26 23:39:00,23:39:00,59,
2026.07.26 23:40:00,23:40:00,59,
2026.07.26 23:41:00,23:41:00,59,
2026.07.26 23:42:00,23:42:00,59,
2026.07.26 23:43:00,23:43:00,61,
2026.07.26 23:44:00,23:44:00,59,
2026.07.26 23:45:00,23:45:00,63,
2026.07.26 23:46:00,23:46:00,57,
2026.07.26 23:47:00,23:47:00,61,
2026.07.26 23:48:00,23:48:00,60,
2026.07.26 23:49:00,23:49:00,61,
2026.07.26 23:50:00,23:50:00,60,
2026.07.26 23:51:00,23:51:00,62,
2026.07.26 23:52:00,23:52:00,62,
2026.07.26 23:53:00,23:53:00,61,
2026.07.26 23:54:00,23:54:00,62,
2026.07.26 23:55:00,23:55:00,63,
2026.07.26 23:56:00,23:56:00,65,
2026.07.26 23:57:00,23:57:00,60,
2026.07.26 23:58:00,23:58:00,57,
2026.07.26 23:59:00,23:59:00,60,
