Date,Time,Heart rate,Source
2026.07.27 00:00:00,00:00:00,66,
2026.07.27 00:01:00,00:01:00,59,
2026.07.27 00:02:00,00:02:00,64,
2026.07.27 00:03:00,00:03:00,61,
2026.07.27 00:04:00,00:04:00,64,
2026.07.27 00:05:00,00:05:00,61,
2026.07.27 00:06:00,00:06:00,59,
2026.07.27 00:07:00,00:07:00,59,
2026.07.27 00:08:00,00:08:00,57,
2026.07.27 00:09:00,00:09:00,60,
2026.07.27 00:10:00,00:10:00,80,
2026.07.27 00:11:00,00:11:00,82,
2026.07.27 00:12:00,00:12:00,56,
2026.07.27 00:13:00,00:13:00,55,
2026.07.27 00:14:00,00:14:00,55,
2026.07.27 00:15:00,00:15:00,55,
2026.07.27 00:16:00,00:16:00,57,
2026.07.27 00:17:00,00:17:00,56,
2026.07.27 00:18:00,00:18:00,56,
2026.07.27 00:19:00,00:19:00,57,
2026.07.27 00:20:00,00:20:00,58,
2026.07.27 00:21:00,00:21:00,56,
2026.07.27 00:22:00,00:22:00,57,
2026.07.27 00:23:00,00:23:00,56,
2026.07.27 00:24:00,00:24:00,57,
2026.07.27 00:25:00,00:25:00,58,
2026.07.27 00:26:00,00:26:00,57,
2026.07.27 00:27:00,00:27:00,58,
2026.07.27 00:28:00,00:28:00,55,
2026.07.27 00:29:00,00:29:00,56,
2026.07.27 00:30:00,00:30:00,56,
2026.07.27 00:31:00,00:31:00,57,
2026.07.27 00:32:00,00:32:00,57,
2026.07.27 00:33:00,00:33:00,58,
2026.07.27 00:34:00,00:34:00,58,
2026.07.27 00:35:00,00:35:00,56,
2026.07.27 00:36:00,00:36:00,58,
2026.07.27 00:37:00,00:37:00,57,
2026.07.27 00:38:00,00:38:00,58,
2026.07.27 00:39:00,00:39:00,59,
2026.07.27 00:40:00,00:40:00,57,
2026.07.27 00:41:00,00:41:00,59,
2026.07.27 00:42:00,00:42:00,59,
2026.07.27 00:43:00,00:43:00,59,
2026.07.27 00:44:00,00:44:00,57,
2026.07.27 00:45:00,00:45:00,58,
2026.07.27 00:46:00,00:46:00,59,
2026.07.27 00:47:00,00:47:00,58,
2026.07.27 00:48:00,00:48:00,57,
2026.07.27 00:49:00,00:49:00,57,
2026.07.27 00:50:00,00:50:00,56,
2026.07.27 00:51:00,00:51:00,60,
2026.07.27 00:52:00,00:52:00,49,
2026.07.27 00:53:00,00:53:00,53,
2026.07.27 00:54:00,00:54:00,54,
2026.07.27 00:55:00,00:55:00,52,
2026.07.27 00:56:00,00:56:00,53,
2026.07.27 00:57:00,00:57:00,54,
2026.07.27 00:58:00,00:58:00,59,
2026.07.27 00:59:00,00:59:00,57,
2026.07.27 01:00:00,01:00:00,53,
2026.07.27 01:01:00,01:01:00,52,
2026.07.27 01:02:00,01:02:00,51,
2026.07.27 01:03:00,01:03:00,59,
2026.07.27 01:04:00,01:04:00,52,
2026.07.27 01:05:00,01:05:00,51,
2026.07.27 01:06:00,01:06:00,55,
2026.07.27 01:07:00,01:07:00,51,
2026.07.27 01:08:00,01:08:00,53,
2026.07.27 01:09:00,01:09:00,53,
2026.07.27 01:10:00,01:10:00,53,
2026.07.27 01:11:00,01:11:00,52,
2026.07.27 01:12:00,01:12:00,54,
2026.07.27 01:13:00,01:13:00,55,
2026.07.27 01:14:00,01:14:00,56,
2026.07.27 01:15:00,01:15:00,59,
2026.07.27 01:16:00,01:16:00,61,
2026.07.27 01:17:00,01:17:00,60,
2026.07.27 01:18:00,01:18:00,57,
2026.07.27 01:19:00,01:19:00,59,
2026.07.27 01:20:00,01:20:00,62,
2026.07.27 01:21:00,01:21:00,61,
2026.07.27 01:22:00,01:22:00,62,
2026.07.27 01:23:00,01:23:00,60,
2026.07.27 01:24:00,01:24:00,61,
2026.07.27 01:25:00,01:25:00,59,
2026.07.27 01:26:00,01:26:00,64,
2026.07.27 01:27:00,01:27:00,61,
2026.07.27 01:28:00,01:28:00,65,
2026.07.27 01:29:00,01:29:00,57,
2026.07.27 01:30:00,01:30:00,56,
2026.07.27 01:31:00,01:31:00,55,
2026.07.27 01:32:00,01:32:00,58,
2026.07.27 01:33:00,01:33:00,57,
2026.07.27 01:34:00,01:34:00,55,
2026.07.27 01:35:00,01:35:00,54,
2026.07.27 01:36:00,01:36:00,54,
2026.07.27 01:37:00,01:37:00,54,
2026.07.27 01:38:00,01:38:00,54,
2026.07.27 01:39:00,01:39:00,54,
2026.07.27 01:40:00,01:40:00,55,
2026.07.27 01:41:00,01:41:00,55,
2026.07.27 01:42:00,01:42:00,55,
2026.07.27 01:43:00,01:43:00,56,
2026.07.27 01:44:00,01:44:00,56,
2026.07.27 01:45:00,01:45:00,57,
2026.07.27 01:46:00,01:46:00,55,
2026.07.27 01:47:00,01:47:00,57,
2026.07.27 01:48:00,01:48:00,56,
2026.07.27 01:49:00,01:49:00,56,
2026.07.27 01:50:00,01:50:00,57,
2026.07.27 01:51:00,01:51:00,58,
2026.07.27 01:52:00,01:52:00,57,
2026.07.27 01:53:00,01:53:00,57,
2026.07.27 01:54:00,01:54:00,58,
2026.07.27 01:55:00,01:55:00,56,
2026.07.27 01:56:00,01:56:00,57,
2026.07.27 01:57:00,01:57:00,56,
2026.07.27 01:58:00,01:58:00,59,
2026.07.27 01:59:00,01:59:00,57,
2026.07.27 02:00:00,02:00:00,56,
2026.07.27 02:01:00,02:01:00,60,
2026.07.27 02:02:00,02:02:00,51,
2026.07.27 02:03:00,02:03:00,54,
2026.07.27 02:04:00,02:04:00,54,
2026.07.27 02:05:00,02:05:00,54,
2026.07.27 02:06:00,02:06:00,56,
2026.07.27 02:07:00,02:07:00,55,
2026.07.27 02:08:00,02:08:00,57,
2026.07.27 02:09:00,02:09:00,57,
2026.07.27 02:10:00,02:10:00,57,
2026.07.27 02:11:00,02:11:00,55,
2026.07.27 02:12:00,02:12:00,53,
2026.07.27 02:13:00,02:13:00,53,
2026.07.27 02:14:00,02:14:00,54,
2026.07.27 02:15:00,02:15:00,52,
2026.07.27 02:16:00,02:16:00,54,
2026.07.27 02:17:00,02:17:00,56,
2026.07.27 02:18:00,02:18:00,55,
2026.07.27 02:19:00,02:19:00,54,
2026.07.27 02:20:00,02:20:00,55,
2026.07.27 02:21:00,02:21:00,56,
2026.07.27 02:22:00,02:22:00,56,
2026.07.27 02:23:00,02:23:00,55,
2026.07.27 02:24:00,02:24:00,56,
2026.07.27 02:25:00,02:25:00,56,
2026.07.27 02:26:00,02:26:00,58,
2026.07.27 02:27:00,02:27:00,73,
2026.07.27 02:28:00,02:28:00,52,
2026.07.27 02:29:00,02:29:00,55,
2026.07.27 02:30:00,02:30:00,58,
2026.07.27 02:31:00,02:31:00,56,
2026.07.27 02:32:00,02:32:00,60,
2026.07.27 02:33:00,02:33:00,56,
2026.07.27 02:34:00,02:34:00,57,
2026.07.27 02:35:00,02:35:00,59,
2026.07.27 02:36:00,02:36:00,63,
2026.07.27 02:37:00,02:37:00,50,
2026.07.27 02:38:00,02:38:00,56,
2026.07.27 02:39:00,02:39:00,52,
2026.07.27 02:40:00,02:40:00,53,
2026.07.27 02:41:00,02:41:00,54,
2026.07.27 02:42:00,02:42:00,52,
2026.07.27 02:43:00,02:43:00,53,
2026.07.27 02:44:00,02:44:00,55,
2026.07.27 02:45:00,02:45:00,55,
2026.07.27 02:46:00,02:46:00,55,
2026.07.27 02:47:00,02:47:00,55,
2026.07.27 02:48:00,02:48:00,54,
2026.07.27 02:49:00,02:49:00,55,
2026.07.27 02:50:00,02:50:00,57,
2026.07.27 02:51:00,02:51:00,57,
2026.07.27 02:52:00,02:52:00,56,
2026.07.27 02:53:00,02:53:00,55,
2026.07.27 02:54:00,02:54:00,69,
2026.07.27 02:55:00,02:55:00,53,
2026.07.27 02:56:00,02:56:00,56,
2026.07.27 02:57:00,02:57:00,54,
2026.07.27 02:58:00,02:58:00,55,
2026.07.27 02:59:00,02:59:00,58,
2026.07.27 03:00:00,03:00:00,66,
2026.07.27 03:01:00,03:01:00,61,
2026.07.27 03:02:00,03:02:00,61,
2026.07.27 03:03:00,03:03:00,64,
2026.07.27 03:04:00,03:04:00,61,
2026.07.27 03:05:00,03:05:00,60,
2026.07.27 03:06:00,03:06:00,73,
2026.07.27 03:07:00,03:07:00,53,
2026.07.27 03:08:00,03:08:00,54,
2026.07.27 03:09:00,03:09:00,52,
2026.07.27 03:10:00,03:10:00,57,
2026.07.27 03:11:00,03:11:00,62,
2026.07.27 03:12:00,03:12:00,58,
2026.07.27 03:13:00,03:13:00,62,
2026.07.27 03:14:00,03:14:00,70,
2026.07.27 03:15:00,03:15:00,61,
2026.07.27 03:16:00,03:16:00,63,
2026.07.27 03:17:00,03:17:00,65,
2026.07.27 03:18:00,03:18:00,60,
2026.07.27 03:19:00,03:19:00,61,
2026.07.27 03:20:00,03:20:00,60,
2026.07.27 03:21:00,03:21:00,60,
2026.07.27 03:22:00,03:22:00,70,
2026.07.27 03:23:00,03:23:00,58,
2026.07.27 03:24:00,03:24:00,56,
2026.07.27 03:25:00,03:25:00,56,
2026.07.27 03:26:00,03:26:00,55,
2026.07.27 03:27:00,03:27:00,60,
2026.07.27 03:28:00,03:28:00,52,
2026.07.27 03:29:00,03:29:00,60,
2026.07.27 03:30:00,03:30:00,60,
2026.07.27 03:31:00,03:31:00,57,
2026.07.27 03:32:00,03:32:00,59,
2026.07.27 03:33:00,03:33:00,56,
2026.07.27 03:34:00,03:34:00,56,
2026.07.27 03:35:00,03:35:00,58,
2026.07.27 03:36:00,03:36:00,59,
2026.07.27 03:37:00,03:37:00,58,
2026.07.27 03:38:00,03:38:00,58,
2026.07.27 03:39:00,03:39:00,62,
2026.07.27 03:40:00,03:40:00,58,
2026.07.27 03:41:00,03:41:00,52,
2026.07.27 03:42:00,03:42:00,56,
2026.07.27 03:43:00,03:43:00,54,
2026.07.27 03:44:00,03:44:00,53,
2026.07.27 03:45:00,03:45:00,57,
2026.07.27 03:46:00,03:46:00,55,
2026.07.27 03:47:00,03:47:00,56,
2026.07.27 03:48:00,03:48:00,54,
2026.07.27 03:49:00,03:49:00,56,
2026.07.27 03:50:00,03:50:00,56,
2026.07.27 03:51:00,03:51:00,56,
2026.07.27 03:52:00,03:52:00,57,
2026.07.27 03:53:00,03:53:00,55,
2026.07.27 03:54:00,03:54:00,58,
2026.07.27 03:55:00,03:55:00,59,
2026.07.27 03:56:00,03:56:00,60,
2026.07.27 03:57:00,03:57:00,59,
2026.07.27 03:58:00,03:58:00,58,
2026.07.27 03:59:00,03:59:00,57,
2026.07.27 04:00:00,04:00:00,60,
2026.07.27 04:01:00,04:01:00,53,
2026.07.27 04:02:00,04:02:00,58,
2026.07.27 04:03:00,04:03:00,60,
2026.07.27 04:04:00,04:04:00,65,
2026.07.27 04:05:00,04:05:00,55,
2026.07.27 04:06:00,04:06:00,54,
2026.07.27 04:07:00,04:07:00,53,
2026.07.27 04:08:00,04:08:00,57,
2026.07.27 04:09:00,04:09:00,57,
2026.07.27 04:10:00,04:10:00,55,
2026.07.27 04:11:00,04:11:00,55,
2026.07.27 04:12:00,04:12:00,57,
2026.07.27 04:13:00,04:13:00,57,
2026.07.27 04:14:00,04:14:00,58,
2026.07.27 04:15:00,04:15:00,59,
2026.07.27 04:16:00,04:16:00,57,
2026.07.27 04:17:00,04:17:00,55,
2026.07.27 04:18:00,04:18:00,60,
2026.07.27 04:19:00,04:19:00,59,
2026.07.27 04:20:00,04:20:00,59,
2026.07.27 04:21:00,04:21:00,59,
2026.07.27 04:22:00,04:22:00,58,
2026.07.27 04:23:00,04:23:00,58,
2026.07.27 04:24:00,04:24:00,59,
2026.07.27 04:25:00,04:25:00,59,
2026.07.27 04:26:00,04:26:00,60,
2026.07.27 04:27:00,04:27:00,58,
2026.07.27 04:28:00,04:28:00,60,
2026.07.27 04:29:00,04:29:00,51,
2026.07.27 04:30:00,04:30:00,54,
2026.07.27 04:31:00,04:31:00,54,
2026.07.27 04:32:00,04:32:00,55,
2026.07.27 04:33:00,04:33:00,56,
2026.07.27 04:34:00,04:34:00,50,
2026.07.27 04:35:00,04:35:00,50,
2026.07.27 04:36:00,04:36:00,53,
2026.07.27 04:37:00,04:37:00,48,
2026.07.27 04:38:00,04:38:00,53,
2026.07.27 04:39:00,04:39:00,53,
2026.07.27 04:40:00,04:40:00,56,
2026.07.27 04:41:00,04:41:00,62,
2026.07.27 04:42:00,04:42:00,54,
2026.07.27 04:43:00,04:43:00,56,
2026.07.27 04:44:00,04:44:00,61,
2026.07.27 04:45:00,04:45:00,58,
2026.07.27 04:46:00,04:46:00,56,
2026.07.27 04:47:00,04:47:00,59,
2026.07.27 04:48:00,04:48:00,58,
2026.07.27 04:49:00,04:49:00,60,
2026.07.27 04:50:00,04:50:00,64,
2026.07.27 04:51:00,04:51:00,62,
2026.07.27 04:52:00,04:52:00,62,
2026.07.27 04:53:00,04:53:00,63,
2026.07.27 04:54:00,04:54:00,61,
2026.07.27 04:55:00,04:55:00,62,
2026.07.27 04:56:00,04:56:00,58,
2026.07.27 04:57:00,04:57:00,66,
2026.07.27 04:58:00,04:58:00,63,
2026.07.27 04:59:00,04:59:00,63,
2026.07.27 05:00:00,05:00:00,74,
2026.07.27 05:01:00,05:01:00,57,
2026.07.27 05:02:00,05:02:00,61,
2026.07.27 05:03:00,05:03:00,61,
2026.07.27 05:04:00,05:04:00,60,
2026.07.27 05:05:00,05:05:00,61,
2026.07.27 05:06:00,05:06:00,56,
2026.07.27 05:07:00,05:07:00,56,
2026.07.27 05:08:00,05:08:00,57,
2026.07.27 05:09:00,05:09:00,62,
2026.07.27 05:10:00,05:10:00,67,
2026.07.27 05:11:00,05:11:00,55,
2026.07.27 05:12:00,05:12:00,54,
2026.07.27 05:13:00,05:13:00,65,
2026.07.27 05:14:00,05:14:00,61,
2026.07.27 05:15:00,05:15:00,62,
2026.07.27 05:16:00,05:16:00,61,
2026.07.27 05:17:00,05:17:00,62,
2026.07.27 05:18:00,05:18:00,52,
2026.07.27 05:19:00,05:19:00,63,
2026.07.27 05:20:00,05:20:00,57,
2026.07.27 05:21:00,05:21:00,68,
2026.07.27 05:22:00,05:22:00,59,
2026.07.27 05:23:00,05:23:00,58,
2026.07.27 05:24:00,05:24:00,53,
2026.07.27 05:25:00,05:25:00,62,
2026.07.27 05:26:00,05:26:00,58,
2026.07.27 05:27:00,05:27:00,58,
2026.07.27 05:28:00,05:28:00,56,
2026.07.27 05:29:00,05:29:00,57,
2026.07.27 05:30:00,05:30:00,59,
2026.07.27 05:31:00,05:31:00,63,
2026.07.27 05:32:00,05:32:00,55,
2026.07.27 05:33:00,05:33:00,57,
2026.07.27 05:34:00,05:34:00,55,
2026.07.27 05:35:00,05:35:00,58,
2026.07.27 05:36:00,05:36:00,56,
2026.07.27 05:37:00,05:37:00,58,
2026.07.27 05:38:00,05:38:00,60,
2026.07.27 05:39:00,05:39:00,61,
2026.07.27 05:40:00,05:40:00,61,
2026.07.27 05:41:00,05:41:00,59,
2026.07.27 05:42:00,05:42:00,56,
2026.07.27 05:43:00,05:43:00,59,
2026.07.27 05:44:00,05:44:00,63,
2026.07.27 05:45:00,05:45:00,58,
2026.07.27 05:46:00,05:46:00,63,
2026.07.27 05:47:00,05:47:00,59,
2026.07.27 05:48:00,05:48:00,58,
2026.07.27 05:49:00,05:49:00,57,
2026.07.27 05:50:00,05:50:00,54,
2026.07.27 05:51:00,05:51:00,54,
2026.07.27 05:52:00,05:52:00,58,
2026.07.27 05:53:00,05:53:00,55,
2026.07.27 05:54:00,05:54:00,55,
2026.07.27 05:55:00,05:55:00,57,
2026.07.27 05:56:00,05:56:00,61,
2026.07.27 05:57:00,05:57:00,59,
2026.07.27 05:58:00,05:58:00,60,
2026.07.27 05:59:00,05:59:00,58,
2026.07.27 06:00:00,06:00:00,57,
2026.07.27 06:01:00,06:01:00,56,
2026.07.27 06:02:00,06:02:00,61,
2026.07.27 06:03:00,06:03:00,60,
2026.07.27 06:04:00,06:04:00,60,
2026.07.27 06:05:00,06:05:00,59,
2026.07.27 06:06:00,06:06:00,62,
2026.07.27 06:07:00,06:07:00,60,
2026.07.27 06:08:00,06:08:00,61,
2026.07.27 06:09:00,06:09:00,61,
2026.07.27 06:10:00,06:10:00,62,
2026.07.27 06:11:00,06:11:00,65,
2026.07.27 06:12:00,06:12:00,65,
2026.07.27 06:13:00,06:13:00,61,
2026.07.27 06:14:00,06:14:00,65,
2026.07.27 06:15:00,06:15:00,66,
2026.07.27 06:16:00,06:16:00,61,
2026.07.27 06:17:00,06:17:00,64,
2026.07.27 06:18:00,06:18:00,63,
2026.07.27 06:19:00,06:19:00,63,
2026.07.27 06:20:00,06:20:00,66,
2026.07.27 06:21:00,06:21:00,64,
2026.07.27 06:22:00,06:22:00,64,
2026.07.27 06:23:00,06:23:00,64,
2026.07.27 06:24:00,06:24:00,62,
2026.07.27 06:25:00,06:25:00,87,
2026.07.27 06:26:00,06:26:00,89,
2026.07.27 06:27:00,06:27:00,90,
2026.07.27 06:28:00,06:28:00,103,
2026.07.27 06:29:00,06:29:00,108,
2026.07.27 06:30:00,06:30:00,96,
2026.07.27 06:31:00,06:31:00,78,
2026.07.27 06:32:00,06:32:00,82,
2026.07.27 06:33:00,06:33:00,87,
2026.07.27 06:34:00,06:34:00,96,
2026.07.27 06:35:00,06:35:00,73,
2026.07.27 06:36:00,06:36:00,85,
2026.07.27 06:37:00,06:37:00,91,
2026.07.27 06:38:00,06:38:00,83,
2026.07.27 06:39:00,06:39:00,71,
2026.07.27 06:40:00,06:40:00,95,
2026.07.27 06:41:00,06:41:00,76,
2026.07.27 06:42:00,06:42:00,78,
2026.07.27 06:43:00,06:43:00,70,
2026.07.27 06:44:00,06:44:00,76,
2026.07.27 06:45:00,06:45:00,90,
2026.07.27 06:46:00,06:46:00,111,
2026.07.27 06:47:00,06:47:00,79,
2026.07.27 06:48:00,06:48:00,97,
2026.07.27 06:49:00,06:49:00,87,
2026.07.27 06:50:00,06:50:00,87,
2026.07.27 06:51:00,06:51:00,82,
2026.07.27 06:52:00,06:52:00,97,
2026.07.27 06:53:00,06:53:00,88,
2026.07.27 06:54:00,06:54:00,107,
2026.07.27 06:55:00,06:55:00,103,
2026.07.27 06:56:00,06:56:00,106,
2026.07.27 06:57:00,06:57:00,111,
2026.07.27 06:58:00,06:58:00,126,
2026.07.27 06:59:00,06:59:00,111,
2026.07.27 07:00:00,07:00:00,106,
2026.07.27 07:01:00,07:01:00,102,
2026.07.27 07:02:00,07:02:00,106,
2026.07.27 07:03:00,07:03:00,115,
2026.07.27 07:04:00,07:04:00,112,
2026.07.27 07:05:00,07:05:00,110,
2026.07.27 07:06:00,07:06:00,100,
2026.07.27 07:07:00,07:07:00,92,
2026.07.27 07:08:00,07:08:00,90,
2026.07.27 07:09:00,07:09:00,103,
2026.07.27 07:10:00,07:10:00,83,
2026.07.27 07:11:00,07:11:00,89,
2026.07.27 07:12:00,07:12:00,83,
2026.07.27 07:13:00,07:13:00,87,
2026.07.27 07:14:00,07:14:00,83,
2026.07.27 07:15:00,07:15:00,85,
2026.07.27 07:16:00,07:16:00,80,
2026.07.27 07:17:00,07:17:00,81,
2026.07.27 07:18:00,07:18:00,76,
2026.07.27 07:19:00,07:19:00,83,
2026.07.27 07:20:00,07:20:00,82,
2026.07.27 07:21:00,07:21:00,83,
2026.07.27 07:22:00,07:22:00,87,
2026.07.27 07:23:00,07:23:00,76,
2026.07.27 07:24:00,07:24:00,82,
2026.07.27 07:25:00,07:25:00,78,
2026.07.27 07:26:00,07:26:00,81,
2026.07.27 07:27:00,07:27:00,84,
2026.07.27 07:28:00,07:28:00,85,
2026.07.27 07:29:00,07:29:00,76,
2026.07.27 07:30:00,07:30:00,73,
2026.07.27 07:31:00,07:31:00,90,
2026.07.27 07:32:00,07:32:00,104,
2026.07.27 07:33:00,07:33:00,94,
2026.07.27 07:34:00,07:34:00,97,
2026.07.27 07:35:00,07:35:00,99,
2026.07.27 07:36:00,07:36:00,92,
2026.07.27 07:37:00,07:37:00,83,
2026.07.27 07:38:00,07:38:00,83,
2026.07.27 07:39:00,07:39:00,83,
2026.07.27 07:40:00,07:40:00,85,
2026.07.27 07:41:00,07:41:00,82,
2026.07.27 07:42:00,07:42:00,85,
2026.07.27 07:43:00,07:43:00,83,
2026.07.27 07:44:00,07:44:00,85,
2026.07.27 07:45:00,07:45:00,75,
2026.07.27 07:46:00,07:46:00,76,
2026.07.27 07:47:00,07:47:00,63,
2026.07.27 07:48:00,07:48:00,65,
2026.07.27 07:49:00,07:49:00,63,
2026.07.27 07:50:00,07:50:00,65,
2026.07.27 07:51:00,07:51:00,62,
2026.07.27 07:52:00,07:52:00,61,
2026.07.27 07:53:00,07:53:00,64,
2026.07.27 07:54:00,07:54:00,62,
2026.07.27 07:55:00,07:55:00,65,
2026.07.27 07:56:00,07:56:00,66,
2026.07.27 07:57:00,07:57:00,62,
2026.07.27 07:58:00,07:58:00,63,
2026.07.27 07:59:00,07:59:00,60,
2026.07.27 08:00:00,08:00:00,72,
2026.07.27 08:01:00,08:01:00,75,
2026.07.27 08:02:00,08:02:00,75,
2026.07.27 08:03:00,08:03:00,73,
2026.07.27 08:04:00,08:04:00,73,
2026.07.27 08:05:00,08:05:00,77,
2026.07.27 08:06:00,08:06:00,78,
2026.07.27 08:07:00,08:07:00,73,
2026.07.27 08:08:00,08:08:00,82,
2026.07.27 08:09:00,08:09:00,83,
2026.07.27 08:10:00,08:10:00,79,
2026.07.27 08:11:00,08:11:00,81,
2026.07.27 08:12:00,08:12:00,87,
2026.07.27 08:13:00,08:13:00,85,
2026.07.27 08:14:00,08:14:00,70,
2026.07.27 08:15:00,08:15:00,76,
2026.07.27 08:16:00,08:16:00,74,
2026.07.27 08:17:00,08:17:00,68,
2026.07.27 08:18:00,08:18:00,81,
2026.07.27 08:19:00,08:19:00,76,
2026.07.27 08:20:00,08:20:00,75,
2026.07.27 08:21:00,08:21:00,89,
2026.07.27 08:22:00,08:22:00,73,
2026.07.27 08:23:00,08:23:00,83,
2026.07.27 08:24:00,08:24:00,87,
2026.07.27 08:25:00,08:25:00,86,
2026.07.27 08:26:00,08:26:00,84,
2026.07.27 08:27:00,08:27:00,73,
2026.07.27 08:28:00,08:28:00,85,
2026.07.27 08:29:00,08:29:00,86,
2026.07.27 08:30:00,08:30:00,90,
2026.07.27 08:31:00,08:31:00,88,
2026.07.27 08:32:00,08:32:00,93,
2026.07.27 08:33:00,08:33:00,88,
2026.07.27 08:34:00,08:34:00,86,
2026.07.27 08:35:00,08:35:00,94,
2026.07.27 08:36:00,08:36:00,89,
2026.07.27 08:37:00,08:37:00,85,
2026.07.27 08:38:00,08:38:00,84,
2026.07.27 08:39:00,08:39:00,91,
2026.07.27 08:40:00,08:40:00,82,
2026.07.27 08:41:00,08:41:00,84,
2026.07.27 08:42:00,08:42:00,72,
2026.07.27 08:43:00,08:43:00,77,
2026.07.27 08:44:00,08:44:00,70,
2026.07.27 08:45:00,08:45:00,64,
2026.07.27 08:46:00,08:46:00,66,
2026.07.27 08:47:00,08:47:00,67,
2026.07.27 08:48:00,08:48:00,75,
2026.07.27 08:49:00,08:49:00,77,
2026.07.27 08:50:00,08:50:00,83,
2026.07.27 08:51:00,08:51:00,79,
2026.07.27 08:52:00,08:52:00,64,
2026.07.27 08:53:00,08:53:00,69,
2026.07.27 08:54:00,08:54:00,70,
2026.07.27 08:55:00,08:55:00,68,
2026.07.27 08:56:00,08:56:00,66,
2026.07.27 08:57:00,08:57:00,67,
2026.07.27 08:58:00,08:58:00,64,
2026.07.27 08:59:00,08:59:00,80,
2026.07.27 09:00:00,09:00:00,70,
2026.07.27 09:01:00,09:01:00,73,
2026.07.27 09:02:00,09:02:00,79,
2026.07.27 09:03:00,09:03:00,74,
2026.07.27 09:04:00,09:04:00,79,
2026.07.27 09:05:00,09:05:00,76,
2026.07.27 09:06:00,09:06:00,94,
2026.07.27 09:07:00,09:07:00,78,
2026.07.27 09:08:00,09:08:00,76,
2026.07.27 09:09:00,09:09:00,70,
2026.07.27 09:10:00,09:10:00,63,
2026.07.27 09:11:00,09:11:00,67,
2026.07.27 09:12:00,09:12:00,68,
2026.07.27 09:13:00,09:13:00,73,
2026.07.27 09:14:00,09:14:00,72,
2026.07.27 09:15:00,09:15:00,65,
2026.07.27 09:16:00,09:16:00,73,
2026.07.27 09:17:00,09:17:00,64,
2026.07.27 09:18:00,09:18:00,63,
2026.07.27 09:19:00,09:19:00,72,
2026.07.27 09:20:00,09:20:00,70,
2026.07.27 09:21:00,09:21:00,67,
2026.07.27 09:22:00,09:22:00,67,
2026.07.27 09:23:00,09:23:00,72,
2026.07.27 09:24:00,09:24:00,75,
2026.07.27 09:25:00,09:25:00,72,
2026.07.27 09:26:00,09:26:00,69,
2026.07.27 09:27:00,09:27:00,67,
2026.07.27 09:28:00,09:28:00,72,
2026.07.27 09:29:00,09:29:00,84,
2026.07.27 09:30:00,09:30:00,71,
2026.07.27 09:31:00,09:31:00,64,
2026.07.27 09:32:00,09:32:00,67,
2026.07.27 09:33:00,09:33:00,80,
2026.07.27 09:34:00,09:34:00,72,
2026.07.27 09:35:00,09:35:00,71,
2026.07.27 09:36:00,09:36:00,76,
2026.07.27 09:37:00,09:37:00,73,
2026.07.27 09:38:00,09:38:00,71,
2026.07.27 09:39:00,09:39:00,78,
2026.07.27 09:40:00,09:40:00,73,
2026.07.27 09:41:00,09:41:00,96,
2026.07.27 09:42:00,09:42:00,112,
2026.07.27 09:43:00,09:43:00,115,
2026.07.27 09:44:00,09:44:00,103,
2026.07.27 09:45:00,09:45:00,102,
2026.07.27 09:46:00,09:46:00,98,
2026.07.27 09:47:00,09:47:00,93,
2026.07.27 09:48:00,09:48:00,94,
2026.07.27 09:49:00,09:49:00,94,
2026.07.27 09:50:00,09:50:00,103,
2026.07.27 09:51:00,09:51:00,113,
2026.07.27 09:52:00,09:52:00,98,
2026.07.27 09:53:00,09:53:00,110,
2026.07.27 09:54:00,09:54:00,99,
2026.07.27 09:55:00,09:55:00,105,
2026.07.27 09:56:00,09:56:00,89,
2026.07.27 09:57:00,09:57:00,85,
2026.07.27 09:58:00,09:58:00,95,
2026.07.27 09:59:00,09:59:00,80,
2026.07.27 10:00:00,10:00:00,81,
2026.07.27 10:01:00,10:01:00,79,
2026.07.27 10:02:00,10:02:00,77,
2026.07.27 10:03:00,10:03:00,74,
2026.07.27 10:04:00,10:04:00,73,
2026.07.27 10:05:00,10:05:00,73,
2026.07.27 10:06:00,10:06:00,78,
2026.07.27 10:07:00,10:07:00,72,
2026.07.27 10:08:00,10:08:00,76,
2026.07.27 10:09:00,10:09:00,84,
2026.07.27 10:10:00,10:10:00,76,
2026.07.27 10:11:00,10:11:00,83,
2026.07.27 10:12:00,10:12:00,82,
2026.07.27 10:13:00,10:13:00,83,
2026.07.27 10:14:00,10:14:00,85,
2026.07.27 10:15:00,10:15:00,75,
2026.07.27 10:16:00,10:16:00,76,
2026.07.27 10:17:00,10:17:00,95,
2026.07.27 10:18:00,10:18:00,83,
2026.07.27 10:19:00,10:19:00,87,
2026.07.27 10:20:00,10:20:00,83,
2026.07.27 10:21:00,10:21:00,87,
2026.07.27 10:22:00,10:22:00,83,
2026.07.27 10:23:00,10:23:00,88,
2026.07.27 10:24:00,10:24:00,88,
2026.07.27 10:25:00,10:25:00,94,
2026.07.27 10:26:00,10:26:00,79,
2026.07.27 10:27:00,10:27:00,76,
2026.07.27 10:28:00,10:28:00,88,
2026.07.27 10:29:00,10:29:00,81,
2026.07.27 10:30:00,10:30:00,79,
2026.07.27 10:31:00,10:31:00,81,
2026.07.27 10:32:00,10:32:00,79,
2026.07.27 10:33:00,10:33:00,80,
2026.07.27 10:34:00,10:34:00,77,
2026.07.27 10:35:00,10:35:00,85,
2026.07.27 10:36:00,10:36:00,84,
2026.07.27 10:37:00,10:37:00,76,
2026.07.27 10:38:00,10:38:00,84,
2026.07.27 10:39:00,10:39:00,79,
2026.07.27 10:40:00,10:40:00,80,
2026.07.27 10:41:00,10:41:00,72,
2026.07.27 10:42:00,10:42:00,80,
2026.07.27 10:43:00,10:43:00,73,
2026.07.27 10:44:00,10:44:00,74,
2026.07.27 10:45:00,10:45:00,77,
2026.07.27 10:46:00,10:46:00,76,
2026.07.27 10:47:00,10:47:00,76,
2026.07.27 10:48:00,10:48:00,76,
2026.07.27 10:49:00,10:49:00,79,
2026.07.27 10:50:00,10:50:00,76,
2026.07.27 10:51:00,10:51:00,77,
2026.07.27 10:52:00,10:52:00,76,
2026.07.27 10:53:00,10:53:00,79,
2026.07.27 10:54:00,10:54:00,79,
2026.07.27 10:55:00,10:55:00,74,
2026.07.27 10:56:00,10:56:00,75,
2026.07.27 10:57:00,10:57:00,75,
2026.07.27 10:58:00,10:58:00,80,
2026.07.27 10:59:00,10:59:00,77,
2026.07.27 11:00:00,11:00:00,79,
2026.07.27 11:01:00,11:01:00,86,
2026.07.27 11:02:00,11:02:00,75,
2026.07.27 11:03:00,11:03:00,76,
2026.07.27 11:04:00,11:04:00,81,
2026.07.27 11:05:00,11:05:00,82,
2026.07.27 11:06:00,11:06:00,80,
2026.07.27 11:07:00,11:07:00,82,
2026.07.27 11:08:00,11:08:00,79,
2026.07.27 11:09:00,11:09:00,77,
2026.07.27 11:10:00,11:10:00,90,
2026.07.27 11:11:00,11:11:00,95,
2026.07.27 11:12:00,11:12:00,96,
2026.07.27 11:13:00,11:13:00,91,
2026.07.27 11:14:00,11:14:00,88,
2026.07.27 11:15:00,11:15:00,92,
2026.07.27 11:16:00,11:16:00,82,
2026.07.27 11:17:00,11:17:00,95,
2026.07.27 11:18:00,11:18:00,88,
2026.07.27 11:19:00,11:19:00,87,
2026.07.27 11:20:00,11:20:00,83,
2026.07.27 11:21:00,11:21:00,82,
2026.07.27 11:22:00,11:22:00,84,
2026.07.27 11:23:00,11:23:00,94,
2026.07.27 11:24:00,11:24:00,82,
2026.07.27 11:25:00,11:25:00,78,
2026.07.27 11:26:00,11:26:00,80,
2026.07.27 11:27:00,11:27:00,81,
2026.07.27 11:28:00,11:28:00,81,
2026.07.27 11:29:00,11:29:00,85,
2026.07.27 11:30:00,11:30:00,88,
2026.07.27 11:31:00,11:31:00,95,
2026.07.27 11:32:00,11:32:00,105,
2026.07.27 11:33:00,11:33:00,85,
2026.07.27 11:34:00,11:34:00,90,
2026.07.27 11:35:00,11:35:00,90,
2026.07.27 11:36:00,11:36:00,94,
2026.07.27 11:37:00,11:37:00,91,
2026.07.27 11:38:00,11:38:00,80,
2026.07.27 11:39:00,11:39:00,82,
2026.07.27 11:40:00,11:40:00,76,
2026.07.27 11:41:00,11:41:00,78,
2026.07.27 11:42:00,11:42:00,92,
2026.07.27 11:43:00,11:43:00,90,
2026.07.27 11:44:00,11:44:00,82,
2026.07.27 11:45:00,11:45:00,82,
2026.07.27 11:46:00,11:46:00,82,
2026.07.27 11:47:00,11:47:00,80,
2026.07.27 11:48:00,11:48:00,85,
2026.07.27 11:49:00,11:49:00,78,
2026.07.27 11:50:00,11:50:00,83,
2026.07.27 11:51:00,11:51:00,72,
2026.07.27 11:52:00,11:52:00,79,
2026.07.27 11:53:00,11:53:00,79,
2026.07.27 11:54:00,11:54:00,79,
2026.07.27 11:55:00,11:55:00,82,
2026.07.27 11:56:00,11:56:00,77,
2026.07.27 11:57:00,11:57:00,91,
2026.07.27 11:58:00,11:58:00,79,
2026.07.27 11:59:00,11:59:00,79,
2026.07.27 12:00:00,12:00:00,90,
2026.07.27 12:01:00,12:01:00,80,
2026.07.27 12:02:00,12:02:00,85,
2026.07.27 12:03:00,12:03:00,86,
2026.07.27 12:04:00,12:04:00,89,
2026.07.27 12:05:00,12:05:00,86,
2026.07.27 12:06:00,12:06:00,82,
2026.07.27 12:07:00,12:07:00,87,
2026.07.27 12:08:00,12:08:00,82,
2026.07.27 12:09:00,12:09:00,80,
2026.07.27 12:10:00,12:10:00,90,
2026.07.27 12:11:00,12:11:00,94,
2026.07.27 12:12:00,12:12:00,90,
2026.07.27 12:13:00,12:13:00,78,
2026.07.27 12:14:00,12:14:00,78,
2026.07.27 12:15:00,12:15:00,73,
2026.07.27 12:16:00,12:16:00,73,
2026.07.27 12:17:00,12:17:00,71,
2026.07.27 12:18:00,12:18:00,76,
2026.07.27 12:19:00,12:19:00,77,
2026.07.27 12:20:00,12:20:00,72,
2026.07.27 12:21:00,12:21:00,78,
2026.07.27 12:22:00,12:22:00,98,
2026.07.27 12:23:00,12:23:00,97,
2026.07.27 12:24:00,12:24:00,78,
2026.07.27 12:25:00,12:25:00,75,
2026.07.27 12:26:00,12:26:00,76,
2026.07.27 12:27:00,12:27:00,84,
2026.07.27 12:28:00,12:28:00,79,
2026.07.27 12:29:00,12:29:00,77,
2026.07.27 12:30:00,12:30:00,88,
2026.07.27 12:31:00,12:31:00,95,
2026.07.27 12:32:00,12:32:00,88,
2026.07.27 12:33:00,12:33:00,85,
2026.07.27 12:34:00,12:34:00,75,
2026.07.27 12:35:00,12:35:00,79,
2026.07.27 12:36:00,12:36:00,72,
2026.07.27 12:37:00,12:37:00,71,
2026.07.27 12:38:00,12:38:00,70,
2026.07.27 12:39:00,12:39:00,76,
2026.07.27 12:40:00,12:40:00,80,
2026.07.27 12:41:00,12:41:00,79,
2026.07.27 12:42:00,12:42:00,84,
2026.07.27 12:43:00,12:43:00,82,
2026.07.27 12:44:00,12:44:00,73,
2026.07.27 12:45:00,12:45:00,72,
2026.07.27 12:46:00,12:46:00,77,
2026.07.27 12:47:00,12:47:00,81,
2026.07.27 12:48:00,12:48:00,93,
2026.07.27 12:49:00,12:49:00,79,
2026.07.27 12:50:00,12:50:00,70,
2026.07.27 12:51:00,12:51:00,81,
2026.07.27 12:52:00,12:52:00,74,
2026.07.27 12:53:00,12:53:00,69,
2026.07.27 12:54:00,12:54:00,80,
2026.07.27 12:55:00,12:55:00,75,
2026.07.27 12:56:00,12:56:00,75,
2026.07.27 12:57:00,12:57:00,72,
2026.07.27 12:58:00,12:58:00,77,
2026.07.27 12:59:00,12:59:00,74,
2026.07.27 13:00:00,13:00:00,74,
2026.07.27 13:01:00,13:01:00,76,
2026.07.27 13:02:00,13:02:00,77,
2026.07.27 13:03:00,13:03:00,75,
2026.07.27 13:04:00,13:04:00,80,
2026.07.27 13:05:00,13:05:00,77,
2026.07.27 13:06:00,13:06:00,91,
2026.07.27 13:07:00,13:07:00,95,
2026.07.27 13:08:00,13:08:00,84,
2026.07.27 13:09:00,13:09:00,91,
2026.07.27 13:10:00,13:10:00,86,
2026.07.27 13:11:00,13:11:00,88,
2026.07.27 13:12:00,13:12:00,90,
2026.07.27 13:13:00,13:13:00,91,
2026.07.27 13:14:00,13:14:00,88,
2026.07.27 13:15:00,13:15:00,91,
2026.07.27 13:16:00,13:16:00,90,
2026.07.27 13:17:00,13:17:00,89,
2026.07.27 13:18:00,13:18:00,93,
2026.07.27 13:19:00,13:19:00,88,
2026.07.27 13:20:00,13:20:00,90,
2026.07.27 13:21:00,13:21:00,90,
2026.07.27 13:22:00,13:22:00,89,
2026.07.27 13:23:00,13:23:00,88,
2026.07.27 13:24:00,13:24:00,89,
2026.07.27 13:25:00,13:25:00,87,
2026.07.27 13:26:00,13:26:00,95,
2026.07.27 13:27:00,13:27:00,87,
2026.07.27 13:28:00,13:28:00,89,
2026.07.27 13:29:00,13:29:00,90,
2026.07.27 13:30:00,13:30:00,94,
2026.07.27 13:31:00,13:31:00,69,
2026.07.27 13:32:00,13:32:00,74,
2026.07.27 13:33:00,13:33:00,78,
2026.07.27 13:34:00,13:34:00,72,
2026.07.27 13:35:00,13:35:00,67,
2026.07.27 13:36:00,13:36:00,73,
2026.07.27 13:37:00,13:37:00,94,
2026.07.27 13:38:00,13:38:00,75,
2026.07.27 13:39:00,13:39:00,67,
2026.07.27 13:40:00,13:40:00,61,
2026.07.27 13:41:00,13:41:00,97,
2026.07.27 13:42:00,13:42:00,72,
2026.07.27 13:43:00,13:43:00,70,
2026.07.27 13:44:00,13:44:00,77,
2026.07.27 13:45:00,13:45:00,71,
2026.07.27 13:46:00,13:46:00,67,
2026.07.27 13:47:00,13:47:00,69,
2026.07.27 13:48:00,13:48:00,68,
2026.07.27 13:49:00,13:49:00,69,
2026.07.27 13:50:00,13:50:00,86,
2026.07.27 13:51:00,13:51:00,90,
2026.07.27 13:52:00,13:52:00,94,
2026.07.27 13:53:00,13:53:00,91,
2026.07.27 13:54:00,13:54:00,87,
2026.07.27 13:55:00,13:55:00,88,
2026.07.27 13:56:00,13:56:00,88,
2026.07.27 13:57:00,13:57:00,89,
2026.07.27 13:58:00,13:58:00,90,
2026.07.27 13:59:00,13:59:00,87,
2026.07.27 14:00:00,14:00:00,94,
2026.07.27 14:01:00,14:01:00,90,
2026.07.27 14:02:00,14:02:00,88,
2026.07.27 14:03:00,14:03:00,86,
2026.07.27 14:04:00,14:04:00,88,
2026.07.27 14:05:00,14:05:00,87,
2026.07.27 14:06:00,14:06:00,100,
2026.07.27 14:07:00,14:07:00,100,
2026.07.27 14:08:00,14:08:00,95,
2026.07.27 14:09:00,14:09:00,92,
2026.07.27 14:10:00,14:10:00,91,
2026.07.27 14:11:00,14:11:00,94,
2026.07.27 14:12:00,14:12:00,94,
2026.07.27 14:13:00,14:13:00,75,
2026.07.27 14:14:00,14:14:00,72,
2026.07.27 14:15:00,14:15:00,91,
2026.07.27 14:16:00,14:16:00,92,
2026.07.27 14:17:00,14:17:00,73,
2026.07.27 14:18:00,14:18:00,74,
2026.07.27 14:19:00,14:19:00,72,
2026.07.27 14:20:00,14:20:00,72,
2026.07.27 14:21:00,14:21:00,72,
2026.07.27 14:22:00,14:22:00,74,
2026.07.27 14:23:00,14:23:00,69,
2026.07.27 14:24:00,14:24:00,78,
2026.07.27 14:25:00,14:25:00,81,
2026.07.27 14:26:00,14:26:00,84,
2026.07.27 14:27:00,14:27:00,80,
2026.07.27 14:28:00,14:28:00,83,
2026.07.27 14:29:00,14:29:00,81,
2026.07.27 14:30:00,14:30:00,84,
2026.07.27 14:31:00,14:31:00,71,
2026.07.27 14:32:00,14:32:00,83,
2026.07.27 14:33:00,14:33:00,73,
2026.07.27 14:34:00,14:34:00,75,
2026.07.27 14:35:00,14:35:00,64,
2026.07.27 14:36:00,14:36:00,73,
2026.07.27 14:37:00,14:37:00,79,
2026.07.27 14:38:00,14:38:00,80,
2026.07.27 14:39:00,14:39:00,77,
2026.07.27 14:40:00,14:40:00,78,
2026.07.27 14:41:00,14:41:00,75,
2026.07.27 14:42:00,14:42:00,87,
2026.07.27 14:43:00,14:43:00,76,
2026.07.27 14:44:00,14:44:00,71,
2026.07.27 14:45:00,14:45:00,71,
2026.07.27 14:46:00,14:46:00,73,
2026.07.27 14:47:00,14:47:00,80,
2026.07.27 14:48:00,14:48:00,89,
2026.07.27 14:49:00,14:49:00,79,
2026.07.27 14:50:00,14:50:00,84,
2026.07.27 14:51:00,14:51:00,79,
2026.07.27 14:52:00,14:52:00,79,
2026.07.27 14:53:00,14:53:00,84,
2026.07.27 14:54:00,14:54:00,76,
2026.07.27 14:55:00,14:55:00,80,
2026.07.27 14:56:00,14:56:00,76,
2026.07.27 14:57:00,14:57:00,81,
2026.07.27 14:58:00,14:58:00,80,
2026.07.27 14:59:00,14:59:00,76,
2026.07.27 15:00:00,15:00:00,80,
2026.07.27 15:01:00,15:01:00,94,
2026.07.27 15:02:00,15:02:00,77,
2026.07.27 15:03:00,15:03:00,86,
2026.07.27 15:04:00,15:04:00,72,
2026.07.27 15:05:00,15:05:00,72,
2026.07.27 15:06:00,15:06:00,77,
2026.07.27 15:07:00,15:07:00,80,
2026.07.27 15:08:00,15:08:00,72,
2026.07.27 15:09:00,15:09:00,73,
2026.07.27 15:10:00,15:10:00,72,
2026.07.27 15:11:00,15:11:00,77,
2026.07.27 15:12:00,15:12:00,65,
2026.07.27 15:13:00,15:13:00,85,
2026.07.27 15:14:00,15:14:00,76,
2026.07.27 15:15:00,15:15:00,72,
2026.07.27 15:16:00,15:16:00,74,
2026.07.27 15:17:00,15:17:00,77,
2026.07.27 15:18:00,15:18:00,68,
2026.07.27 15:19:00,15:19:00,69,
2026.07.27 15:20:00,15:20:00,67,
2026.07.27 15:21:00,15:21:00,72,
2026.07.27 15:22:00,15:22:00,68,
2026.07.27 15:23:00,15:23:00,84,
2026.07.27 15:24:00,15:24:00,72,
2026.07.27 15:25:00,15:25:00,68,
2026.07.27 15:26:00,15:26:00,70,
2026.07.27 15:27:00,15:27:00,69,
2026.07.27 15:28:00,15:28:00,73,
2026.07.27 15:29:00,15:29:00,68,
2026.07.27 15:30:00,15:30:00,70,
2026.07.27 15:31:00,15:31:00,72,
2026.07.27 15:32:00,15:32:00,74,
2026.07.27 15:33:00,15:33:00,78,
2026.07.27 15:34:00,15:34:00,74,
2026.07.27 15:35:00,15:35:00,75,
2026.07.27 15:36:00,15:36:00,70,
2026.07.27 15:37:00,15:37:00,70,
2026.07.27 15:38:00,15:38:00,75,
2026.07.27 15:39:00,15:39:00,69,
2026.07.27 15:40:00,15:40:00,81,
2026.07.27 15:41:00,15:41:00,71,
2026.07.27 15:42:00,15:42:00,71,
2026.07.27 15:43:00,15:43:00,71,
2026.07.27 15:44:00,15:44:00,68,
2026.07.27 15:45:00,15:45:00,67,
2026.07.27 15:46:00,15:46:00,69,
2026.07.27 15:47:00,15:47:00,74,
2026.07.27 15:48:00,15:48:00,74,
2026.07.27 15:49:00,15:49:00,83,
2026.07.27 15:50:00,15:50:00,76,
2026.07.27 15:51:00,15:51:00,93,
2026.07.27 15:52:00,15:52:00,82,
2026.07.27 15:53:00,15:53:00,91,
2026.07.27 15:54:00,15:54:00,97,
2026.07.27 15:55:00,15:55:00,77,
2026.07.27 15:56:00,15:56:00,73,
2026.07.27 15:57:00,15:57:00,71,
2026.07.27 15:58:00,15:58:00,64,
2026.07.27 15:59:00,15:59:00,80,
2026.07.27 16:00:00,16:00:00,74,
2026.07.27 16:01:00,16:01:00,76,
2026.07.27 16:02:00,16:02:00,64,
2026.07.27 16:03:00,16:03:00,64,
2026.07.27 16:04:00,16:04:00,65,
2026.07.27 16:05:00,16:05:00,67,
2026.07.27 16:06:00,16:06:00,68,
2026.07.27 16:07:00,16:07:00,67,
2026.07.27 16:08:00,16:08:00,70,
2026.07.27 16:09:00,16:09:00,62,
2026.07.27 16:10:00,16:10:00,71,
2026.07.27 16:11:00,16:11:00,95,
2026.07.27 16:12:00,16:12:00,89,
2026.07.27 16:13:00,16:13:00,80,
2026.07.27 16:14:00,16:14:00,88,
2026.07.27 16:15:00,16:15:00,85,
2026.07.27 16:16:00,16:16:00,81,
2026.07.27 16:17:00,16:17:00,78,
2026.07.27 16:18:00,16:18:00,72,
2026.07.27 16:19:00,16:19:00,67,
2026.07.27 16:20:00,16:20:00,69,
2026.07.27 16:21:00,16:21:00,74,
2026.07.27 16:22:00,16:22:00,79,
2026.07.27 16:23:00,16:23:00,75,
2026.07.27 16:24:00,16:24:00,81,
2026.07.27 16:25:00,16:25:00,83,
2026.07.27 16:26:00,16:26:00,81,
2026.07.27 16:27:00,16:27:00,89,
2026.07.27 16:28:00,16:28:00,84,
2026.07.27 16:29:00,16:29:00,84,
2026.07.27 16:30:00,16:30:00,85,
2026.07.27 16:31:00,16:31:00,80,
2026.07.27 16:32:00,16:32:00,85,
2026.07.27 16:33:00,16:33:00,69,
2026.07.27 16:34:00,16:34:00,83,
2026.07.27 16:35:00,16:35:00,69,
2026.07.27 16:36:00,16:36:00,62,
2026.07.27 16:37:00,16:37:00,67,
2026.07.27 16:38:00,16:38:00,68,
2026.07.27 16:39:00,16:39:00,87,
2026.07.27 16:40:00,16:40:00,69,
2026.07.27 16:41:00,16:41:00,70,
2026.07.27 16:42:00,16:42:00,95,
2026.07.27 16:43:00,16:43:00,93,
2026.07.27 16:44:00,16:44:00,60,
2026.07.27 16:45:00,16:45:00,70,
2026.07.27 16:46:00,16:46:00,64,
2026.07.27 16:47:00,16:47:00,68,
2026.07.27 16:48:00,16:48:00,63,
2026.07.27 16:49:00,16:49:00,62,
2026.07.27 16:50:00,16:50:00,65,
2026.07.27 16:51:00,16:51:00,66,
2026.07.27 16:52:00,16:52:00,66,
2026.07.27 16:53:00,16:53:00,68,
2026.07.27 16:54:00,16:54:00,79,
2026.07.27 16:55:00,16:55:00,64,
2026.07.27 16:56:00,16:56:00,60,
2026.07.27 16:57:00,16:57:00,67,
2026.07.27 16:58:00,16:58:00,68,
2026.07.27 16:59:00,16:59:00,73,
2026.07.27 17:00:00,17:00:00,79,
2026.07.27 17:01:00,17:01:00,75,
2026.07.27 17:02:00,17:02:00,82,
2026.07.27 17:03:00,17:03:00,81,
2026.07.27 17:04:00,17:04:00,75,
2026.07.27 17:05:00,17:05:00,72,
2026.07.27 17:06:00,17:06:00,80,
2026.07.27 17:07:00,17:07:00,67,
2026.07.27 17:08:00,17:08:00,74,
2026.07.27 17:09:00,17:09:00,72,
2026.07.27 17:10:00,17:10:00,65,
2026.07.27 17:11:00,17:11:00,70,
2026.07.27 17:12:00,17:12:00,74,
2026.07.27 17:13:00,17:13:00,68,
2026.07.27 17:14:00,17:14:00,76,
2026.07.27 17:15:00,17:15:00,68,
2026.07.27 17:16:00,17:16:00,68,
2026.07.27 17:17:00,17:17:00,71,
2026.07.27 17:18:00,17:18:00,64,
2026.07.27 17:19:00,17:19:00,63,
2026.07.27 17:20:00,17:20:00,63,
2026.07.27 17:21:00,17:21:00,93,
2026.07.27 17:22:00,17:22:00,70,
2026.07.27 17:23:00,17:23:00,66,
2026.07.27 17:24:00,17:24:00,66,
2026.07.27 17:25:00,17:25:00,64,
2026.07.27 17:26:00,17:26:00,65,
2026.07.27 17:27:00,17:27:00,63,
2026.07.27 17:28:00,17:28:00,68,
2026.07.27 17:29:00,17:29:00,82,
2026.07.27 17:30:00,17:30:00,77,
2026.07.27 17:31:00,17:31:00,80,
2026.07.27 17:32:00,17:32:00,80,
2026.07.27 17:33:00,17:33:00,73,
2026.07.27 17:34:00,17:34:00,83,
2026.07.27 17:35:00,17:35:00,71,
2026.07.27 17:36:00,17:36:00,66,
2026.07.27 17:37:00,17:37:00,62,
2026.07.27 17:38:00,17:38:00,67,
2026.07.27 17:39:00,17:39:00,59,
2026.07.27 17:40:00,17:40:00,61,
2026.07.27 17:41:00,17:41:00,61,
2026.07.27 17:42:00,17:42:00,59,
2026.07.27 17:43:00,17:43:00,68,
2026.07.27 17:44:00,17:44:00,75,
2026.07.27 17:45:00,17:45:00,82,
2026.07.27 18:14:00,18:14:00,87,
2026.07.27 18:15:00,18:15:00,89,
2026.07.27 18:16:00,18:16:00,93,
2026.07.27 18:17:00,18:17:00,88,
2026.07.27 18:18:00,18:18:00,84,
2026.07.27 18:19:00,18:19:00,66,
2026.07.27 18:20:00,18:20:00,82,
2026.07.27 18:21:00,18:21:00,69,
2026.07.27 18:22:00,18:22:00,74,
2026.07.27 18:23:00,18:23:00,76,
2026.07.27 18:24:00,18:24:00,77,
2026.07.27 18:25:00,18:25:00,78,
2026.07.27 18:26:00,18:26:00,73,
2026.07.27 18:27:00,18:27:00,70,
2026.07.27 18:28:00,18:28:00,75,
2026.07.27 18:29:00,18:29:00,85,
2026.07.27 18:30:00,18:30:00,77,
2026.07.27 18:31:00,18:31:00,75,
2026.07.27 18:32:00,18:32:00,83,
2026.07.27 18:33:00,18:33:00,76,
2026.07.27 18:34:00,18:34:00,84,
2026.07.27 18:35:00,18:35:00,75,
2026.07.27 18:36:00,18:36:00,70,
2026.07.27 18:37:00,18:37:00,85,
2026.07.27 18:38:00,18:38:00,79,
2026.07.27 18:39:00,18:39:00,80,
2026.07.27 18:40:00,18:40:00,77,
2026.07.27 18:41:00,18:41:00,82,
2026.07.27 18:42:00,18:42:00,72,
2026.07.27 18:43:00,18:43:00,77,
2026.07.27 18:44:00,18:44:00,81,
2026.07.27 18:45:00,18:45:00,84,
2026.07.27 18:46:00,18:46:00,79,
2026.07.27 18:47:00,18:47:00,75,
2026.07.27 18:48:00,18:48:00,76,
2026.07.27 18:49:00,18:49:00,89,
2026.07.27 18:50:00,18:50:00,73,
2026.07.27 18:51:00,18:51:00,79,
2026.07.27 18:52:00,18:52:00,78,
2026.07.27 18:53:00,18:53:00,87,
2026.07.27 18:54:00,18:54:00,62,
2026.07.27 18:55:00,18:55:00,60,
2026.07.27 18:56:00,18:56:00,58,
2026.07.27 18:57:00,18:57:00,58,
2026.07.27 18:58:00,18:58:00,61,
2026.07.27 18:59:00,18:59:00,63,
2026.07.27 19:00:00,19:00:00,82,
2026.07.27 19:01:00,19:01:00,83,
2026.07.27 19:02:00,19:02:00,82,
2026.07.27 19:03:00,19:03:00,84,
2026.07.27 19:04:00,19:04:00,90,
2026.07.27 19:05:00,19:05:00,84,
2026.07.27 19:06:00,19:06:00,86,
2026.07.27 19:07:00,19:07:00,82,
2026.07.27 19:08:00,19:08:00,84,
2026.07.27 19:09:00,19:09:00,84,
2026.07.27 19:10:00,19:10:00,86,
2026.07.27 19:11:00,19:11:00,86,
2026.07.27 19:12:00,19:12:00,82,
2026.07.27 19:13:00,19:13:00,83,
2026.07.27 19:14:00,19:14:00,84,
2026.07.27 19:15:00,19:15:00,84,
2026.07.27 19:16:00,19:16:00,88,
2026.07.27 19:17:00,19:17:00,78,
2026.07.27 19:18:00,19:18:00,63,
2026.07.27 19:19:00,19:19:00,65,
2026.07.27 19:20:00,19:20:00,81,
2026.07.27 19:21:00,19:21:00,66,
2026.07.27 19:22:00,19:22:00,63,
2026.07.27 19:23:00,19:23:00,68,
2026.07.27 19:24:00,19:24:00,81,
2026.07.27 19:25:00,19:25:00,81,
2026.07.27 19:26:00,19:26:00,85,
2026.07.27 19:27:00,19:27:00,70,
2026.07.27 19:28:00,19:28:00,65,
2026.07.27 19:29:00,19:29:00,66,
2026.07.27 19:30:00,19:30:00,65,
2026.07.27 19:31:00,19:31:00,65,
2026.07.27 19:32:00,19:32:00,64,
2026.07.27 19:33:00,19:33:00,74,
2026.07.27 19:34:00,19:34:00,80,
2026.07.27 19:35:00,19:35:00,93,
2026.07.27 19:36:00,19:36:00,64,
2026.07.27 19:37:00,19:37:00,94,
2026.07.27 19:38:00,19:38:00,90,
2026.07.27 19:39:00,19:39:00,75,
2026.07.27 19:40:00,19:40:00,83,
2026.07.27 19:41:00,19:41:00,70,
2026.07.27 19:42:00,19:42:00,80,
2026.07.27 19:43:00,19:43:00,75,
2026.07.27 19:44:00,19:44:00,80,
2026.07.27 19:45:00,19:45:00,79,
2026.07.27 19:46:00,19:46:00,79,
2026.07.27 19:47:00,19:47:00,83,
2026.07.27 19:48:00,19:48:00,81,
2026.07.27 19:49:00,19:49:00,83,
2026.07.27 19:50:00,19:50:00,82,
2026.07.27 19:51:00,19:51:00,94,
2026.07.27 19:52:00,19:52:00,83,
2026.07.27 19:53:00,19:53:00,83,
2026.07.27 19:54:00,19:54:00,81,
2026.07.27 19:55:00,19:55:00,86,
2026.07.27 19:56:00,19:56:00,64,
2026.07.27 19:57:00,19:57:00,73,
2026.07.27 19:58:00,19:58:00,94,
2026.07.27 19:59:00,19:59:00,90,
2026.07.27 20:00:00,20:00:00,98,
2026.07.27 20:01:00,20:01:00,100,
2026.07.27 20:02:00,20:02:00,99,
2026.07.27 20:03:00,20:03:00,97,
2026.07.27 20:04:00,20:04:00,63,
2026.07.27 20:05:00,20:05:00,79,
2026.07.27 20:06:00,20:06:00,81,
2026.07.27 20:07:00,20:07:00,84,
2026.07.27 20:08:00,20:08:00,81,
2026.07.27 20:09:00,20:09:00,68,
2026.07.27 20:10:00,20:10:00,67,
2026.07.27 20:11:00,20:11:00,69,
2026.07.27 20:12:00,20:12:00,66,
2026.07.27 20:13:00,20:13:00,66,
2026.07.27 20:14:00,20:14:00,67,
2026.07.27 20:15:00,20:15:00,66,
2026.07.27 20:16:00,20:16:00,64,
2026.07.27 20:17:00,20:17:00,65,
2026.07.27 20:18:00,20:18:00,64,
2026.07.27 20:19:00,20:19:00,66,
2026.07.27 20:20:00,20:20:00,90,
2026.07.27 20:21:00,20:21:00,70,
2026.07.27 20:22:00,20:22:00,65,
2026.07.27 20:23:00,20:23:00,65,
2026.07.27 20:24:00,20:24:00,84,
2026.07.27 20:25:00,20:25:00,86,
2026.07.27 20:26:00,20:26:00,88,
2026.07.27 20:27:00,20:27:00,81,
2026.07.27 20:28:00,20:28:00,80,
2026.07.27 20:29:00,20:29:00,75,
2026.07.27 20:30:00,20:30:00,77,
2026.07.27 20:31:00,20:31:00,78,
2026.07.27 20:32:00,20:32:00,76,
2026.07.27 20:33:00,20:33:00,79,
2026.07.27 20:34:00,20:34:00,76,
2026.07.27 20:35:00,20:35:00,85,
2026.07.27 20:36:00,20:36:00,84,
2026.07.27 20:37:00,20:37:00,90,
2026.07.27 20:38:00,20:38:00,75,
2026.07.27 20:39:00,20:39:00,78,
2026.07.27 20:40:00,20:40:00,79,
2026.07.27 20:41:00,20:41:00,83,
2026.07.27 20:42:00,20:42:00,78,
2026.07.27 20:43:00,20:43:00,80,
2026.07.27 20:44:00,20:44:00,82,
2026.07.27 20:45:00,20:45:00,76,
2026.07.27 20:46:00,20:46:00,73,
2026.07.27 20:47:00,20:47:00,72,
2026.07.27 20:48:00,20:48:00,75,
2026.07.27 20:49:00,20:49:00,77,
2026.07.27 20:50:00,20:50:00,67,
2026.07.27 20:51:00,20:51:00,71,
2026.07.27 20:52:00,20:52:00,69,
2026.07.27 20:53:00,20:53:00,69,
2026.07.27 20:54:00,20:54:00,67,
2026.07.27 20:55:00,20:55:00,69,
2026.07.27 20:56:00,20:56:00,67,
2026.07.27 20:57:00,20:57:00,70,
2026.07.27 20:58:00,20:58:00,64,
2026.07.27 20:59:00,20:59:00,69,
2026.07.27 21:00:00,21:00:00,66,
2026.07.27 21:01:00,21:01:00,69,
2026.07.27 21:02:00,21:02:00,66,
2026.07.27 21:03:00,21:03:00,72,
2026.07.27 21:04:00,21:04:00,71,
2026.07.27 21:05:00,21:05:00,71,
2026.07.27 21:06:00,21:06:00,71,
2026.07.27 21:07:00,21:07:00,74,
2026.07.27 21:08:00,21:08:00,69,
2026.07.27 21:09:00,21:09:00,69,
2026.07.27 21:10:00,21:10:00,68,
2026.07.27 21:11:00,21:11:00,72,
2026.07.27 21:12:00,21:12:00,66,
2026.07.27 21:13:00,21:13:00,65,
2026.07.27 21:14:00,21:14:00,69,
2026.07.27 21:15:00,21:15:00,64,
2026.07.27 21:16:00,21:16:00,69,
2026.07.27 21:17:00,21:17:00,70,
2026.07.27 21:18:00,21:18:00,64,
2026.07.27 21:19:00,21:19:00,70,
2026.07.27 21:20:00,21:20:00,71,
2026.07.27 21:21:00,21:21:00,69,
2026.07.27 21:22:00,21:22:00,70,
2026.07.27 21:23:00,21:23:00,68,
2026.07.27 21:24:00,21:24:00,90,
2026.07.27 21:25:00,21:25:00,103,
2026.07.27 21:26:00,21:26:00,95,
2026.07.27 21:27:00,21:27:00,91,
2026.07.27 21:28:00,21:28:00,85,
2026.07.27 21:29:00,21:29:00,70,
2026.07.27 21:30:00,21:30:00,71,
2026.07.27 21:31:00,21:31:00,69,
2026.07.27 21:32:00,21:32:00,65,
2026.07.27 21:33:00,21:33:00,68,
2026.07.27 21:34:00,21:34:00,69,
2026.07.27 21:35:00,21:35:00,74,
2026.07.27 21:36:00,21:36:00,70,
2026.07.27 21:37:00,21:37:00,69,
2026.07.27 21:38:00,21:38:00,73,
2026.07.27 21:39:00,21:39:00,73,
2026.07.27 21:40:00,21:40:00,72,
2026.07.27 21:41:00,21:41:00,72,
2026.07.27 21:42:00,21:42:00,71,
2026.07.27 21:43:00,21:43:00,71,
2026.07.27 21:44:00,21:44:00,81,
2026.07.27 21:45:00,21:45:00,78,
2026.07.27 21:46:00,21:46:00,77,
2026.07.27 21:47:00,21:47:00,86,
2026.07.27 21:48:00,21:48:00,84,
2026.07.27 21:49:00,21:49:00,85,
2026.07.27 21:50:00,21:50:00,85,
2026.07.27 21:51:00,21:51:00,80,
2026.07.27 21:52:00,21:52:00,79,
2026.07.27 21:53:00,21:53:00,83,
2026.07.27 21:54:00,21:54:00,85,
2026.07.27 21:55:00,21:55:00,90,
2026.07.27 21:56:00,21:56:00,84,
2026.07.27 21:57:00,21:57:00,95,
2026.07.27 21:58:00,21:58:00,97,
2026.07.27 21:59:00,21:59:00,93,
2026.07.27 22:00:00,22:00:00,94,
2026.07.27 22:01:00,22:01:00,84,
2026.07.27 22:02:00,22:02:00,86,
2026.07.27 22:03:00,22:03:00,92,
2026.07.27 22:04:00,22:04:00,82,
2026.07.27 22:05:00,22:05:00,81,
2026.07.27 22:06:00,22:06:00,73,
2026.07.27 22:07:00,22:07:00,80,
2026.07.27 22:08:00,22:08:00,71,
2026.07.27 22:09:00,22:09:00,78,
2026.07.27 22:10:00,22:10:00,96,
2026.07.27 22:11:00,22:11:00,91,
2026.07.27 22:12:00,22:12:00,88,
2026.07.27 22:13:00,22:13:00,89,
2026.07.27 22:14:00,22:14:00,79,
2026.07.27 22:15:00,22:15:00,85,
2026.07.27 22:16:00,22:16:00,90,
2026.07.27 22:17:00,22:17:00,85,
2026.07.27 22:18:00,22:18:00,89,
2026.07.27 22:19:00,22:19:00,85,
2026.07.27 22:20:00,22:20:00,88,
2026.07.27 22:21:00,22:21:00,88,
2026.07.27 22:22:00,22:22:00,80,
2026.07.27 22:23:00,22:23:00,88,
2026.07.27 22:24:00,22:24:00,93,
2026.07.27 22:25:00,22:25:00,88,
2026.07.27 22:26:00,22:26:00,91,
2026.07.27 22:27:00,22:27:00,85,
2026.07.27 22:28:00,22:28:00,90,
2026.07.27 22:29:00,22:29:00,89,
2026.07.27 22:30:00,22:30:00,85,
2026.07.27 22:31:00,22:31:00,84,
2026.07.27 22:32:00,22:32:00,73,
2026.07.27 22:33:00,22:33:00,71,
2026.07.27 22:34:00,22:34:00,69,
2026.07.27 22:35:00,22:35:00,76,
2026.07.27 22:36:00,22:36:00,70,
2026.07.27 22:37:00,22:37:00,70,
2026.07.27 22:38:00,22:38:00,68,
2026.07.27 22:39:00,22:39:00,79,
2026.07.27 22:40:00,22:40:00,73,
2026.07.27 22:41:00,22:41:00,67,
2026.07.27 22:42:00,22:42:00,71,
2026.07.27 22:46:00,22:46:00,73,
2026.07.27 22:47:00,22:47:00,68,
2026.07.27 22:48:00,22:48:00,70,
2026.07.27 22:49:00,22:49:00,69,
2026.07.27 22:50:00,22:50:00,70,
2026.07.27 22:51:00,22:51:00,61,
2026.07.27 22:52:00,22:52:00,67,
2026.07.27 22:53:00,22:53:00,63,
2026.07.27 22:54:00,22:54:00,62,
2026.07.27 22:55:00,22:55:00,60,
2026.07.27 22:56:00,22:56:00,58,
2026.07.27 22:57:00,22:57:00,77,
2026.07.27 22:58:00,22:58:00,55,
2026.07.27 22:59:00,22:59:00,56,
2026.07.27 23:00:00,23:00:00,54,
2026.07.27 23:01:00,23:01:00,57,
2026.07.27 23:02:00,23:02:00,61,
2026.07.27 23:03:00,23:03:00,58,
2026.07.27 23:04:00,23:04:00,60,
2026.07.27 23:05:00,23:05:00,56,
2026.07.27 23:06:00,23:06:00,55,
2026.07.27 23:07:00,23:07:00,57,
2026.07.27 23:08:00,23:08:00,59,
2026.07.27 23:09:00,23:09:00,56,
2026.07.27 23:10:00,23:10:00,53,
2026.07.27 23:11:00,23:11:00,52,
2026.07.27 23:12:00,23:12:00,56,
2026.07.27 23:13:00,23:13:00,53,
2026.07.27 23:14:00,23:14:00,55,
2026.07.27 23:15:00,23:15:00,58,
2026.07.27 23:16:00,23:16:00,57,
2026.07.27 23:17:00,23:17:00,56,
2026.07.27 23:18:00,23:18:00,56,
2026.07.27 23:19:00,23:19:00,55,
2026.07.27 23:20:00,23:20:00,56,
2026.07.27 23:21:00,23:21:00,57,
2026.07.27 23:22:00,23:22:00,57,
2026.07.27 23:23:00,23:23:00,57,
2026.07.27 23:24:00,23:24:00,57,
2026.07.27 23:25:00,23:25:00,57,
2026.07.27 23:26:00,23:26:00,56,
2026.07.27 23:27:00,23:27:00,57,
2026.07.27 23:28:00,23:28:00,58,
2026.07.27 23:29:00,23:29:00,58,
2026.07.27 23:30:00,23:30:00,56,
2026.07.27 23:31:00,23:31:00,57,
2026.07.27 23:32:00,23:32:00,57,
2026.07.27 23:33:00,23:33:00,56,
2026.07.27 23:34:00,23:34:00,57,
2026.07.27 23:35:00,23:35:00,55,
2026.07.27 23:36:00,23:36:00,56,
2026.07.27 23:37:00,23:37:00,57,
2026.07.27 23:38:00,23:38:00,52,
2026.07.27 23:39:00,23:39:00,58,
2026.07.27 23:40:00,23:40:00,56,
2026.07.27 23:41:00,23:41:00,56,
2026.07.27 23:42:00,23:42:00,69,
2026.07.27 23:43:00,23:43:00,52,
2026.07.27 23:44:00,23:44:00,55,
2026.07.27 23:45:00,23:45:00,54,
2026.07.27 23:46:00,23:46:00,56,
2026.07.27 23:47:00,23:47:00,55,
2026.07.27 23:48:00,23:48:00,56,
2026.07.27 23:49:00,23:49:00,57,
2026.07.27 23:50:00,23:50:00,56,
2026.07.27 23:51:00,23:51:00,63,
2026.07.27 23:52:00,23:52:00,56,
2026.07.27 23:53:00,23:53:00,58,
2026.07.27 23:54:00,23:54:00,58,
2026.07.27 23:55:00,23:55:00,59,
2026.07.27 23:56:00,23:56:00,58,
2026.07.27 23:57:00,23:57:00,59,
2026.07.27 23:58:00,23:58:00,59,
2026.07.27 23:59:00,23:59:00,58,
2026.07.28 00:00:00,00:00:00,59,
2026.07.28 00:01:00,00:01:00,60,
2026.07.28 00:02:00,00:02:00,60,
2026.07.28 00:03:00,00:03:00,59,
2026.07.28 00:04:00,00:04:00,60,
2026.07.28 00:05:00,00:05:00,59,
2026.07.28 00:06:00,00:06:00,60,
2026.07.28 00:07:00,00:07:00,61,
2026.07.28 00:08:00,00:08:00,60,
2026.07.28 00:09:00,00:09:00,60,
2026.07.28 00:10:00,00:10:00,62,
2026.07.28 00:11:00,00:11:00,58,
2026.07.28 00:12:00,00:12:00,63,
2026.07.28 00:13:00,00:13:00,60,
2026.07.28 00:14:00,00:14:00,57,
2026.07.28 00:15:00,00:15:00,60,
2026.07.28 00:16:00,00:16:00,74,
2026.07.28 00:17:00,00:17:00,54,
2026.07.28 00:18:00,00:18:00,56,
2026.07.28 00:19:00,00:19:00,53,
2026.07.28 00:20:00,00:20:00,55,
2026.07.28 00:21:00,00:21:00,55,
2026.07.28 00:22:00,00:22:00,54,
2026.07.28 00:23:00,00:23:00,57,
2026.07.28 00:24:00,00:24:00,60,
2026.07.28 00:25:00,00:25:00,59,
2026.07.28 00:26:00,00:26:00,58,
2026.07.28 00:27:00,00:27:00,61,
2026.07.28 00:28:00,00:28:00,59,
2026.07.28 00:29:00,00:29:00,61,
2026.07.28 00:30:00,00:30:00,63,
2026.07.28 00:31:00,00:31:00,62,
2026.07.28 00:32:00,00:32:00,66,
2026.07.28 00:33:00,00:33:00,65,
2026.07.28 00:34:00,00:34:00,59,
2026.07.28 00:35:00,00:35:00,62,
2026.07.28 00:36:00,00:36:00,64,
2026.07.28 00:37:00,00:37:00,71,
2026.07.28 00:38:00,00:38:00,64,
2026.07.28 00:39:00,00:39:00,72,
2026.07.28 00:40:00,00:40:00,63,
2026.07.28 00:41:00,00:41:00,70,
2026.07.28 00:42:00,00:42:00,68,
2026.07.28 00:43:00,00:43:00,78,
2026.07.28 00:44:00,00:44:00,70,
2026.07.28 00:45:00,00:45:00,65,
2026.07.28 00:46:00,00:46:00,64,
2026.07.28 00:47:00,00:47:00,60,
2026.07.28 00:48:00,00:48:00,58,
2026.07.28 00:49:00,00:49:00,73,
2026.07.28 00:50:00,00:50:00,51,
2026.07.28 00:51:00,00:51:00,54,
2026.07.28 00:52:00,00:52:00,54,
2026.07.28 00:53:00,00:53:00,53,
2026.07.28 00:54:00,00:54:00,53,
2026.07.28 00:55:00,00:55:00,50,
2026.07.28 00:56:00,00:56:00,53,
2026.07.28 00:57:00,00:57:00,54,
2026.07.28 00:58:00,00:58:00,56,
2026.07.28 00:59:00,00:59:00,57,
2026.07.28 01:00:00,01:00:00,56,
2026.07.28 01:01:00,01:01:00,55,
2026.07.28 01:02:00,01:02:00,56,
2026.07.28 01:03:00,01:03:00,55,
2026.07.28 01:04:00,01:04:00,54,
2026.07.28 01:05:00,01:05:00,54,
2026.07.28 01:06:00,01:06:00,54,
2026.07.28 01:07:00,01:07:00,56,
2026.07.28 01:08:00,01:08:00,56,
2026.07.28 01:09:00,01:09:00,55,
2026.07.28 01:10:00,01:10:00,55,
2026.07.28 01:11:00,01:11:00,56,
2026.07.28 01:12:00,01:12:00,54,
2026.07.28 01:13:00,01:13:00,55,
2026.07.28 01:14:00,01:14:00,56,
2026.07.28 01:15:00,01:15:00,56,
2026.07.28 01:16:00,01:16:00,58,
2026.07.28 01:17:00,01:17:00,62,
2026.07.28 01:18:00,01:18:00,55,
2026.07.28 01:19:00,01:19:00,59,
2026.07.28 01:20:00,01:20:00,56,
2026.07.28 01:21:00,01:21:00,56,
2026.07.28 01:22:00,01:22:00,54,
2026.07.28 01:23:00,01:23:00,55,
2026.07.28 01:24:00,01:24:00,59,
2026.07.28 01:25:00,01:25:00,56,
2026.07.28 01:26:00,01:26:00,59,
2026.07.28 01:27:00,01:27:00,57,
2026.07.28 01:28:00,01:28:00,60,
2026.07.28 01:29:00,01:29:00,58,
2026.07.28 01:30:00,01:30:00,59,
2026.07.28 01:31:00,01:31:00,58,
2026.07.28 01:32:00,01:32:00,60,
2026.07.28 01:33:00,01:33:00,59,
2026.07.28 01:34:00,01:34:00,58,
2026.07.28 01:35:00,01:35:00,59,
2026.07.28 01:36:00,01:36:00,59,
2026.07.28 01:37:00,01:37:00,59,
2026.07.28 01:38:00,01:38:00,58,
2026.07.28 01:39:00,01:39:00,59,
2026.07.28 01:40:00,01:40:00,58,
2026.07.28 01:41:00,01:41:00,60,
2026.07.28 01:42:00,01:42:00,59,
2026.07.28 01:43:00,01:43:00,59,
2026.07.28 01:44:00,01:44:00,59,
2026.07.28 01:45:00,01:45:00,58,
2026.07.28 01:46:00,01:46:00,66,
2026.07.28 01:47:00,01:47:00,82,
2026.07.28 01:48:00,01:48:00,70,
2026.07.28 01:49:00,01:49:00,50,
2026.07.28 01:50:00,01:50:00,53,
2026.07.28 01:51:00,01:51:00,49,
2026.07.28 01:52:00,01:52:00,52,
2026.07.28 01:53:00,01:53:00,62,
2026.07.28 01:54:00,01:54:00,51,
2026.07.28 01:55:00,01:55:00,52,
2026.07.28 01:56:00,01:56:00,54,
2026.07.28 01:57:00,01:57:00,54,
2026.07.28 01:58:00,01:58:00,54,
2026.07.28 01:59:00,01:59:00,54,
2026.07.28 02:00:00,02:00:00,52,
2026.07.28 02:01:00,02:01:00,55,
2026.07.28 02:02:00,02:02:00,53,
2026.07.28 02:03:00,02:03:00,55,
2026.07.28 02:04:00,02:04:00,55,
2026.07.28 02:05:00,02:05:00,55,
2026.07.28 02:06:00,02:06:00,58,
2026.07.28 02:07:00,02:07:00,59,
2026.07.28 02:08:00,02:08:00,60,
2026.07.28 02:09:00,02:09:00,58,
2026.07.28 02:10:00,02:10:00,59,
2026.07.28 02:11:00,02:11:00,57,
2026.07.28 02:12:00,02:12:00,59,
2026.07.28 02:13:00,02:13:00,59,
2026.07.28 02:14:00,02:14:00,60,
2026.07.28 02:15:00,02:15:00,55,
2026.07.28 02:16:00,02:16:00,58,
2026.07.28 02:17:00,02:17:00,69,
2026.07.28 02:18:00,02:18:00,86,
2026.07.28 02:19:00,02:19:00,61,
2026.07.28 02:20:00,02:20:00,53,
2026.07.28 02:21:00,02:21:00,54,
2026.07.28 02:22:00,02:22:00,54,
2026.07.28 02:23:00,02:23:00,56,
2026.07.28 02:24:00,02:24:00,49,
2026.07.28 02:25:00,02:25:00,48,
2026.07.28 02:26:00,02:26:00,56,
2026.07.28 02:27:00,02:27:00,55,
2026.07.28 02:28:00,02:28:00,56,
2026.07.28 02:29:00,02:29:00,52,
2026.07.28 02:30:00,02:30:00,54,
2026.07.28 02:31:00,02:31:00,54,
2026.07.28 02:32:00,02:32:00,59,
2026.07.28 02:33:00,02:33:00,59,
2026.07.28 02:34:00,02:34:00,56,
2026.07.28 02:35:00,02:35:00,57,
2026.07.28 02:36:00,02:36:00,62,
2026.07.28 02:37:00,02:37:00,58,
2026.07.28 02:38:00,02:38:00,58,
2026.07.28 02:39:00,02:39:00,61,
2026.07.28 02:40:00,02:40:00,65,
2026.07.28 02:41:00,02:41:00,70,
2026.07.28 02:42:00,02:42:00,67,
2026.07.28 02:43:00,02:43:00,67,
2026.07.28 02:44:00,02:44:00,57,
2026.07.28 02:45:00,02:45:00,56,
2026.07.28 02:46:00,02:46:00,55,
2026.07.28 02:47:00,02:47:00,55,
2026.07.28 02:48:00,02:48:00,54,
2026.07.28 02:49:00,02:49:00,57,
2026.07.28 02:50:00,02:50:00,61,
2026.07.28 02:51:00,02:51:00,61,
2026.07.28 02:52:00,02:52:00,57,
2026.07.28 02:53:00,02:53:00,62,
2026.07.28 02:54:00,02:54:00,61,
2026.07.28 02:55:00,02:55:00,61,
2026.07.28 02:56:00,02:56:00,56,
2026.07.28 02:57:00,02:57:00,59,
2026.07.28 02:58:00,02:58:00,56,
2026.07.28 02:59:00,02:59:00,58,
2026.07.28 03:00:00,03:00:00,57,
2026.07.28 03:01:00,03:01:00,58,
2026.07.28 03:02:00,03:02:00,59,
2026.07.28 03:03:00,03:03:00,60,
2026.07.28 03:04:00,03:04:00,51,
2026.07.28 03:05:00,03:05:00,50,
2026.07.28 03:06:00,03:06:00,51,
2026.07.28 03:07:00,03:07:00,52,
2026.07.28 03:08:00,03:08:00,54,
2026.07.28 03:09:00,03:09:00,53,
2026.07.28 03:10:00,03:10:00,53,
2026.07.28 03:11:00,03:11:00,53,
2026.07.28 03:12:00,03:12:00,54,
2026.07.28 03:13:00,03:13:00,54,
2026.07.28 03:14:00,03:14:00,54,
2026.07.28 03:15:00,03:15:00,55,
2026.07.28 03:16:00,03:16:00,56,
2026.07.28 03:17:00,03:17:00,54,
2026.07.28 03:18:00,03:18:00,55,
2026.07.28 03:19:00,03:19:00,56,
2026.07.28 03:20:00,03:20:00,57,
2026.07.28 03:21:00,03:21:00,56,
2026.07.28 03:22:00,03:22:00,57,
2026.07.28 03:23:00,03:23:00,58,
2026.07.28 03:24:00,03:24:00,55,
2026.07.28 03:25:00,03:25:00,59,
2026.07.28 03:26:00,03:26:00,53,
2026.07.28 03:27:00,03:27:00,53,
2026.07.28 03:28:00,03:28:00,51,
2026.07.28 03:29:00,03:29:00,52,
2026.07.28 03:30:00,03:30:00,53,
2026.07.28 03:31:00,03:31:00,53,
2026.07.28 03:32:00,03:32:00,55,
2026.07.28 03:33:00,03:33:00,55,
2026.07.28 03:34:00,03:34:00,58,
2026.07.28 03:35:00,03:35:00,58,
2026.07.28 03:36:00,03:36:00,57,
2026.07.28 03:37:00,03:37:00,58,
2026.07.28 03:38:00,03:38:00,58,
2026.07.28 03:39:00,03:39:00,58,
2026.07.28 03:40:00,03:40:00,59,
2026.07.28 03:41:00,03:41:00,61,
2026.07.28 03:42:00,03:42:00,61,
2026.07.28 03:43:00,03:43:00,52,
2026.07.28 03:44:00,03:44:00,51,
2026.07.28 03:45:00,03:45:00,51,
2026.07.28 03:46:00,03:46:00,52,
2026.07.28 03:47:00,03:47:00,51,
2026.07.28 03:48:00,03:48:00,55,
2026.07.28 03:49:00,03:49:00,51,
2026.07.28 03:50:00,03:50:00,51,
2026.07.28 03:51:00,03:51:00,50,
2026.07.28 03:52:00,03:52:00,54,
2026.07.28 03:53:00,03:53:00,51,
2026.07.28 03:54:00,03:54:00,67,
2026.07.28 03:55:00,03:55:00,71,
2026.07.28 03:56:00,03:56:00,60,
2026.07.28 03:57:00,03:57:00,61,
2026.07.28 03:58:00,03:58:00,58,
2026.07.28 03:59:00,03:59:00,65,
2026.07.28 04:00:00,04:00:00,62,
2026.07.28 04:01:00,04:01:00,59,
2026.07.28 04:02:00,04:02:00,61,
2026.07.28 04:03:00,04:03:00,62,
2026.07.28 04:04:00,04:04:00,68,
2026.07.28 04:05:00,04:05:00,63,
2026.07.28 04:06:00,04:06:00,56,
2026.07.28 04:07:00,04:07:00,60,
2026.07.28 04:08:00,04:08:00,58,
2026.07.28 04:09:00,04:09:00,59,
2026.07.28 04:10:00,04:10:00,61,
2026.07.28 04:11:00,04:11:00,58,
2026.07.28 04:12:00,04:12:00,64,
2026.07.28 04:13:00,04:13:00,64,
2026.07.28 04:14:00,04:14:00,64,
2026.07.28 04:15:00,04:15:00,64,
2026.07.28 04:16:00,04:16:00,52,
2026.07.28 04:17:00,04:17:00,56,
2026.07.28 04:18:00,04:18:00,58,
2026.07.28 04:19:00,04:19:00,55,
2026.07.28 04:20:00,04:20:00,55,
2026.07.28 04:21:00,04:21:00,53,
2026.07.28 04:22:00,04:22:00,58,
2026.07.28 04:23:00,04:23:00,57,
2026.07.28 04:24:00,04:24:00,61,
2026.07.28 04:25:00,04:25:00,54,
2026.07.28 04:26:00,04:26:00,53,
2026.07.28 04:27:00,04:27:00,57,
2026.07.28 04:28:00,04:28:00,59,
2026.07.28 04:29:00,04:29:00,58,
2026.07.28 04:30:00,04:30:00,58,
2026.07.28 04:31:00,04:31:00,59,
2026.07.28 04:32:00,04:32:00,65,
2026.07.28 04:33:00,04:33:00,60,
2026.07.28 04:34:00,04:34:00,64,
2026.07.28 04:35:00,04:35:00,49,
2026.07.28 04:36:00,04:36:00,55,
2026.07.28 04:37:00,04:37:00,57,
2026.07.28 04:38:00,04:38:00,54,
2026.07.28 04:39:00,04:39:00,53,
2026.07.28 04:40:00,04:40:00,47,
2026.07.28 04:41:00,04:41:00,51,
2026.07.28 04:42:00,04:42:00,52,
2026.07.28 04:43:00,04:43:00,50,
2026.07.28 04:44:00,04:44:00,52,
2026.07.28 04:45:00,04:45:00,50,
2026.07.28 04:46:00,04:46:00,50,
2026.07.28 04:47:00,04:47:00,53,
2026.07.28 04:48:00,04:48:00,54,
2026.07.28 04:49:00,04:49:00,53,
2026.07.28 04:50:00,04:50:00,50,
2026.07.28 04:51:00,04:51:00,53,
2026.07.28 04:52:00,04:52:00,52,
2026.07.28 04:53:00,04:53:00,55,
2026.07.28 04:54:00,04:54:00,53,
2026.07.28 04:55:00,04:55:00,58,
2026.07.28 04:56:00,04:56:00,55,
2026.07.28 04:57:00,04:57:00,58,
2026.07.28 04:58:00,04:58:00,57,
2026.07.28 04:59:00,04:59:00,57,
2026.07.28 05:00:00,05:00:00,58,
2026.07.28 05:01:00,05:01:00,58,
2026.07.28 05:02:00,05:02:00,59,
2026.07.28 05:03:00,05:03:00,64,
2026.07.28 05:04:00,05:04:00,51,
2026.07.28 05:05:00,05:05:00,53,
2026.07.28 05:06:00,05:06:00,53,
2026.07.28 05:07:00,05:07:00,54,
2026.07.28 05:08:00,05:08:00,55,
2026.07.28 05:09:00,05:09:00,56,
2026.07.28 05:10:00,05:10:00,56,
2026.07.28 05:11:00,05:11:00,55,
2026.07.28 05:12:00,05:12:00,55,
2026.07.28 05:13:00,05:13:00,55,
2026.07.28 05:14:00,05:14:00,55,
2026.07.28 05:15:00,05:15:00,51,
2026.07.28 05:16:00,05:16:00,55,
2026.07.28 05:17:00,05:17:00,53,
2026.07.28 05:18:00,05:18:00,53,
2026.07.28 05:19:00,05:19:00,53,
2026.07.28 05:20:00,05:20:00,52,
2026.07.28 05:21:00,05:21:00,53,
2026.07.28 05:22:00,05:22:00,55,
2026.07.28 05:23:00,05:23:00,56,
2026.07.28 05:24:00,05:24:00,69,
2026.07.28 05:25:00,05:25:00,57,
2026.07.28 05:26:00,05:26:00,60,
2026.07.28 05:27:00,05:27:00,52,
2026.07.28 05:28:00,05:28:00,66,
2026.07.28 05:29:00,05:29:00,60,
2026.07.28 05:30:00,05:30:00,59,
2026.07.28 05:31:00,05:31:00,58,
2026.07.28 05:32:00,05:32:00,54,
2026.07.28 05:33:00,05:33:00,57,
2026.07.28 05:34:00,05:34:00,56,
2026.07.28 05:35:00,05:35:00,59,
2026.07.28 05:36:00,05:36:00,61,
2026.07.28 05:37:00,05:37:00,59,
2026.07.28 05:38:00,05:38:00,69,
2026.07.28 05:39:00,05:39:00,68,
2026.07.28 05:40:00,05:40:00,68,
2026.07.28 05:41:00,05:41:00,57,
2026.07.28 05:42:00,05:42:00,55,
2026.07.28 05:43:00,05:43:00,61,
2026.07.28 05:44:00,05:44:00,59,
2026.07.28 05:45:00,05:45:00,50,
2026.07.28 05:46:00,05:46:00,56,
2026.07.28 05:47:00,05:47:00,62,
2026.07.28 05:48:00,05:48:00,56,
2026.07.28 05:49:00,05:49:00,60,
2026.07.28 05:50:00,05:50:00,55,
2026.07.28 05:51:00,05:51:00,57,
2026.07.28 05:52:00,05:52:00,66,
2026.07.28 05:53:00,05:53:00,53,
2026.07.28 05:54:00,05:54:00,59,
2026.07.28 05:55:00,05:55:00,52,
2026.07.28 05:56:00,05:56:00,54,
2026.07.28 05:57:00,05:57:00,56,
2026.07.28 05:58:00,05:58:00,56,
2026.07.28 05:59:00,05:59:00,58,
2026.07.28 06:00:00,06:00:00,53,
2026.07.28 06:01:00,06:01:00,56,
2026.07.28 06:02:00,06:02:00,57,
2026.07.28 06:03:00,06:03:00,52,
2026.07.28 06:04:00,06:04:00,55,
2026.07.28 06:05:00,06:05:00,52,
2026.07.28 06:06:00,06:06:00,52,
2026.07.28 06:07:00,06:07:00,55,
2026.07.28 06:08:00,06:08:00,55,
2026.07.28 06:09:00,06:09:00,53,
2026.07.28 06:10:00,06:10:00,55,
2026.07.28 06:11:00,06:11:00,56,
2026.07.28 06:12:00,06:12:00,60,
2026.07.28 06:13:00,06:13:00,55,
2026.07.28 06:14:00,06:14:00,60,
2026.07.28 06:15:00,06:15:00,56,
2026.07.28 06:16:00,06:16:00,55,
2026.07.28 06:17:00,06:17:00,58,
2026.07.28 06:18:00,06:18:00,55,
2026.07.28 06:19:00,06:19:00,58,
2026.07.28 06:20:00,06:20:00,58,
2026.07.28 06:21:00,06:21:00,55,
2026.07.28 06:22:00,06:22:00,60,
2026.07.28 06:23:00,06:23:00,59,
2026.07.28 06:24:00,06:24:00,57,
2026.07.28 06:25:00,06:25:00,80,
2026.07.28 06:26:00,06:26:00,95,
2026.07.28 06:27:00,06:27:00,94,
2026.07.28 06:28:00,06:28:00,99,
2026.07.28 06:29:00,06:29:00,100,
2026.07.28 06:30:00,06:30:00,94,
2026.07.28 06:31:00,06:31:00,93,
2026.07.28 06:32:00,06:32:00,89,
2026.07.28 06:33:00,06:33:00,72,
2026.07.28 06:34:00,06:34:00,76,
2026.07.28 06:35:00,06:35:00,84,
2026.07.28 06:36:00,06:36:00,91,
2026.07.28 06:37:00,06:37:00,82,
2026.07.28 06:38:00,06:38:00,89,
2026.07.28 06:39:00,06:39:00,93,
2026.07.28 06:40:00,06:40:00,85,
2026.07.28 06:41:00,06:41:00,92,
2026.07.28 06:42:00,06:42:00,79,
2026.07.28 06:43:00,06:43:00,85,
2026.07.28 06:44:00,06:44:00,77,
2026.07.28 06:45:00,06:45:00,88,
2026.07.28 06:46:00,06:46:00,86,
2026.07.28 06:47:00,06:47:00,83,
2026.07.28 06:48:00,06:48:00,82,
2026.07.28 06:49:00,06:49:00,82,
2026.07.28 06:50:00,06:50:00,85,
2026.07.28 06:51:00,06:51:00,104,
2026.07.28 06:52:00,06:52:00,107,
2026.07.28 06:53:00,06:53:00,87,
2026.07.28 06:54:00,06:54:00,97,
2026.07.28 06:55:00,06:55:00,99,
2026.07.28 06:56:00,06:56:00,90,
2026.07.28 06:57:00,06:57:00,104,
2026.07.28 06:58:00,06:58:00,106,
2026.07.28 06:59:00,06:59:00,107,
2026.07.28 07:00:00,07:00:00,114,
2026.07.28 07:01:00,07:01:00,120,
2026.07.28 07:02:00,07:02:00,121,
2026.07.28 07:03:00,07:03:00,116,
2026.07.28 07:04:00,07:04:00,111,
2026.07.28 07:05:00,07:05:00,120,
2026.07.28 07:06:00,07:06:00,110,
2026.07.28 07:07:00,07:07:00,106,
2026.07.28 07:08:00,07:08:00,95,
2026.07.28 07:09:00,07:09:00,97,
2026.07.28 07:10:00,07:10:00,82,
2026.07.28 07:11:00,07:11:00,91,
2026.07.28 07:12:00,07:12:00,92,
2026.07.28 07:13:00,07:13:00,82,
2026.07.28 07:14:00,07:14:00,85,
2026.07.28 07:15:00,07:15:00,84,
2026.07.28 07:16:00,07:16:00,82,
2026.07.28 07:17:00,07:17:00,80,
2026.07.28 07:18:00,07:18:00,82,
2026.07.28 07:19:00,07:19:00,76,
2026.07.28 07:20:00,07:20:00,83,
2026.07.28 07:21:00,07:21:00,80,
2026.07.28 07:22:00,07:22:00,82,
2026.07.28 07:23:00,07:23:00,79,
2026.07.28 07:24:00,07:24:00,82,
2026.07.28 07:25:00,07:25:00,77,
2026.07.28 07:26:00,07:26:00,81,
2026.07.28 07:27:00,07:27:00,81,
2026.07.28 07:28:00,07:28:00,81,
2026.07.28 07:29:00,07:29:00,85,
2026.07.28 07:30:00,07:30:00,81,
2026.07.28 07:31:00,07:31:00,89,
2026.07.28 07:32:00,07:32:00,108,
2026.07.28 07:33:00,07:33:00,101,
2026.07.28 07:34:00,07:34:00,103,
2026.07.28 07:35:00,07:35:00,88,
2026.07.28 07:36:00,07:36:00,95,
2026.07.28 07:37:00,07:37:00,83,
2026.07.28 07:38:00,07:38:00,89,
2026.07.28 07:39:00,07:39:00,94,
2026.07.28 07:40:00,07:40:00,97,
2026.07.28 07:41:00,07:41:00,85,
2026.07.28 07:42:00,07:42:00,82,
2026.07.28 07:43:00,07:43:00,81,
2026.07.28 07:44:00,07:44:00,87,
2026.07.28 07:45:00,07:45:00,86,
2026.07.28 07:46:00,07:46:00,86,
2026.07.28 07:47:00,07:47:00,77,
2026.07.28 07:48:00,07:48:00,73,
2026.07.28 07:49:00,07:49:00,71,
2026.07.28 07:50:00,07:50:00,73,
2026.07.28 07:51:00,07:51:00,66,
2026.07.28 07:52:00,07:52:00,63,
2026.07.28 07:53:00,07:53:00,67,
2026.07.28 07:54:00,07:54:00,62,
2026.07.28 07:55:00,07:55:00,62,
2026.07.28 07:56:00,07:56:00,69,
2026.07.28 07:57:00,07:57:00,69,
2026.07.28 07:58:00,07:58:00,61,
2026.07.28 07:59:00,07:59:00,66,
2026.07.28 08:00:00,08:00:00,65,
2026.07.28 08:01:00,08:01:00,63,
2026.07.28 08:02:00,08:02:00,62,
2026.07.28 08:03:00,08:03:00,61,
2026.07.28 08:04:00,08:04:00,71,
2026.07.28 08:05:00,08:05:00,68,
2026.07.28 08:06:00,08:06:00,76,
2026.07.28 08:07:00,08:07:00,85,
2026.07.28 08:08:00,08:08:00,78,
2026.07.28 08:09:00,08:09:00,80,
2026.07.28 08:10:00,08:10:00,82,
2026.07.28 08:11:00,08:11:00,79,
2026.07.28 08:12:00,08:12:00,75,
2026.07.28 08:13:00,08:13:00,80,
2026.07.28 08:14:00,08:14:00,87,
2026.07.28 08:15:00,08:15:00,82,
2026.07.28 08:16:00,08:16:00,83,
2026.07.28 08:17:00,08:17:00,81,
2026.07.28 08:18:00,08:18:00,90,
2026.07.28 08:19:00,08:19:00,84,
2026.07.28 08:20:00,08:20:00,76,
2026.07.28 08:21:00,08:21:00,87,
2026.07.28 08:22:00,08:22:00,94,
2026.07.28 08:23:00,08:23:00,106,
2026.07.28 08:24:00,08:24:00,95,
2026.07.28 08:25:00,08:25:00,99,
2026.07.28 08:26:00,08:26:00,91,
2026.07.28 08:27:00,08:27:00,87,
2026.07.28 08:28:00,08:28:00,81,
2026.07.28 08:29:00,08:29:00,85,
2026.07.28 08:30:00,08:30:00,87,
2026.07.28 08:31:00,08:31:00,89,
2026.07.28 08:32:00,08:32:00,87,
2026.07.28 08:33:00,08:33:00,82,
2026.07.28 08:34:00,08:34:00,84,
2026.07.28 08:35:00,08:35:00,88,
2026.07.28 08:36:00,08:36:00,78,
2026.07.28 08:37:00,08:37:00,77,
2026.07.28 08:38:00,08:38:00,83,
2026.07.28 08:39:00,08:39:00,84,
2026.07.28 08:40:00,08:40:00,84,
2026.07.28 08:41:00,08:41:00,86,
2026.07.28 08:42:00,08:42:00,80,
2026.07.28 08:43:00,08:43:00,77,
2026.07.28 08:44:00,08:44:00,85,
2026.07.28 08:45:00,08:45:00,84,
2026.07.28 08:46:00,08:46:00,91,
2026.07.28 08:47:00,08:47:00,152,
2026.07.28 08:48:00,08:48:00,159,
2026.07.28 08:49:00,08:49:00,160,
2026.07.28 08:50:00,08:50:00,105,
2026.07.28 08:51:00,08:51:00,91,
2026.07.28 08:52:00,08:52:00,109,
2026.07.28 08:53:00,08:53:00,88,
2026.07.28 08:54:00,08:54:00,93,
2026.07.28 08:55:00,08:55:00,94,
2026.07.28 08:56:00,08:56:00,95,
2026.07.28 08:57:00,08:57:00,94,
2026.07.28 08:58:00,08:58:00,95,
2026.07.28 08:59:00,08:59:00,94,
2026.07.28 09:00:00,09:00:00,95,
2026.07.28 09:01:00,09:01:00,93,
2026.07.28 09:02:00,09:02:00,93,
2026.07.28 09:03:00,09:03:00,92,
2026.07.28 09:04:00,09:04:00,89,
2026.07.28 09:05:00,09:05:00,93,
2026.07.28 09:06:00,09:06:00,98,
2026.07.28 09:07:00,09:07:00,94,
2026.07.28 09:08:00,09:08:00,92,
2026.07.28 09:09:00,09:09:00,101,
2026.07.28 09:10:00,09:10:00,113,
2026.07.28 09:11:00,09:11:00,102,
2026.07.28 09:12:00,09:12:00,151,
2026.07.28 09:13:00,09:13:00,129,
2026.07.28 09:14:00,09:14:00,118,
2026.07.28 09:15:00,09:15:00,131,
2026.07.28 09:16:00,09:16:00,131,
2026.07.28 09:17:00,09:17:00,102,
2026.07.28 09:18:00,09:18:00,104,
2026.07.28 09:19:00,09:19:00,114,
2026.07.28 09:20:00,09:20:00,111,
2026.07.28 09:21:00,09:21:00,102,
2026.07.28 09:22:00,09:22:00,112,
2026.07.28 09:23:00,09:23:00,113,
2026.07.28 09:24:00,09:24:00,115,
2026.07.28 09:25:00,09:25:00,94,
2026.07.28 09:26:00,09:26:00,105,
2026.07.28 09:27:00,09:27:00,104,
2026.07.28 09:28:00,09:28:00,95,
2026.07.28 09:29:00,09:29:00,98,
2026.07.28 09:30:00,09:30:00,102,
2026.07.28 09:31:00,09:31:00,105,
2026.07.28 09:32:00,09:32:00,101,
2026.07.28 09:33:00,09:33:00,109,
2026.07.28 09:34:00,09:34:00,101,
2026.07.28 09:35:00,09:35:00,100,
2026.07.28 09:36:00,09:36:00,97,
2026.07.28 09:37:00,09:37:00,99,
2026.07.28 09:38:00,09:38:00,95,
2026.07.28 09:39:00,09:39:00,103,
2026.07.28 09:40:00,09:40:00,88,
2026.07.28 09:41:00,09:41:00,91,
2026.07.28 09:42:00,09:42:00,95,
2026.07.28 09:43:00,09:43:00,95,
2026.07.28 09:44:00,09:44:00,93,
2026.07.28 09:45:00,09:45:00,93,
2026.07.28 09:46:00,09:46:00,93,
2026.07.28 09:47:00,09:47:00,93,
2026.07.28 09:48:00,09:48:00,89,
2026.07.28 09:49:00,09:49:00,90,
2026.07.28 09:50:00,09:50:00,89,
2026.07.28 09:51:00,09:51:00,89,
2026.07.28 09:52:00,09:52:00,89,
2026.07.28 09:53:00,09:53:00,87,
2026.07.28 09:54:00,09:54:00,88,
2026.07.28 09:55:00,09:55:00,87,
2026.07.28 09:56:00,09:56:00,90,
2026.07.28 09:57:00,09:57:00,86,
2026.07.28 09:58:00,09:58:00,91,
2026.07.28 09:59:00,09:59:00,88,
2026.07.28 10:00:00,10:00:00,92,
2026.07.28 10:01:00,10:01:00,89,
2026.07.28 10:02:00,10:02:00,91,
2026.07.28 10:03:00,10:03:00,90,
2026.07.28 10:04:00,10:04:00,87,
2026.07.28 10:05:00,10:05:00,86,
2026.07.28 10:06:00,10:06:00,91,
2026.07.28 10:07:00,10:07:00,91,
2026.07.28 10:08:00,10:08:00,87,
2026.07.28 10:09:00,10:09:00,86,
2026.07.28 10:10:00,10:10:00,87,
2026.07.28 10:11:00,10:11:00,84,
2026.07.28 10:12:00,10:12:00,85,
2026.07.28 10:13:00,10:13:00,88,
2026.07.28 10:14:00,10:14:00,93,
2026.07.28 10:15:00,10:15:00,90,
2026.07.28 10:16:00,10:16:00,82,
2026.07.28 10:17:00,10:17:00,75,
2026.07.28 10:18:00,10:18:00,90,
2026.07.28 10:19:00,10:19:00,90,
2026.07.28 10:20:00,10:20:00,84,
2026.07.28 10:21:00,10:21:00,90,
2026.07.28 10:22:00,10:22:00,91,
2026.07.28 10:23:00,10:23:00,87,
2026.07.28 10:24:00,10:24:00,86,
2026.07.28 10:25:00,10:25:00,89,
2026.07.28 10:26:00,10:26:00,90,
2026.07.28 10:27:00,10:27:00,86,
2026.07.28 10:28:00,10:28:00,88,
2026.07.28 10:29:00,10:29:00,88,
2026.07.28 10:30:00,10:30:00,90,
2026.07.28 10:31:00,10:31:00,88,
2026.07.28 10:32:00,10:32:00,90,
2026.07.28 10:33:00,10:33:00,93,
2026.07.28 10:34:00,10:34:00,79,
2026.07.28 10:35:00,10:35:00,86,
2026.07.28 10:36:00,10:36:00,85,
2026.07.28 10:37:00,10:37:00,94,
2026.07.28 10:38:00,10:38:00,88,
2026.07.28 10:39:00,10:39:00,83,
2026.07.28 10:40:00,10:40:00,86,
2026.07.28 10:41:00,10:41:00,94,
2026.07.28 10:42:00,10:42:00,92,
2026.07.28 10:43:00,10:43:00,109,
2026.07.28 10:44:00,10:44:00,85,
2026.07.28 10:45:00,10:45:00,95,
2026.07.28 10:46:00,10:46:00,101,
2026.07.28 10:47:00,10:47:00,89,
2026.07.28 10:48:00,10:48:00,87,
2026.07.28 10:49:00,10:49:00,90,
2026.07.28 10:50:00,10:50:00,92,
2026.07.28 10:51:00,10:51:00,86,
2026.07.28 10:52:00,10:52:00,94,
2026.07.28 10:53:00,10:53:00,90,
2026.07.28 10:54:00,10:54:00,91,
2026.07.28 10:55:00,10:55:00,92,
2026.07.28 10:56:00,10:56:00,92,
2026.07.28 10:57:00,10:57:00,69,
2026.07.28 10:58:00,10:58:00,89,
2026.07.28 10:59:00,10:59:00,93,
2026.07.28 11:00:00,11:00:00,92,
2026.07.28 11:01:00,11:01:00,93,
2026.07.28 11:02:00,11:02:00,103,
2026.07.28 11:03:00,11:03:00,94,
2026.07.28 11:04:00,11:04:00,99,
2026.07.28 11:05:00,11:05:00,97,
2026.07.28 11:06:00,11:06:00,111,
2026.07.28 11:07:00,11:07:00,110,
2026.07.28 11:08:00,11:08:00,125,
2026.07.28 11:09:00,11:09:00,103,
2026.07.28 11:10:00,11:10:00,106,
2026.07.28 11:11:00,11:11:00,123,
2026.07.28 11:12:00,11:12:00,119,
2026.07.28 11:13:00,11:13:00,128,
2026.07.28 11:14:00,11:14:00,118,
2026.07.28 11:15:00,11:15:00,112,
2026.07.28 11:16:00,11:16:00,115,
2026.07.28 11:17:00,11:17:00,125,
2026.07.28 11:18:00,11:18:00,115,
2026.07.28 11:19:00,11:19:00,137,
2026.07.28 11:20:00,11:20:00,123,
2026.07.28 11:21:00,11:21:00,113,
2026.07.28 11:22:00,11:22:00,111,
2026.07.28 11:23:00,11:23:00,106,
2026.07.28 11:24:00,11:24:00,108,
2026.07.28 11:25:00,11:25:00,128,
2026.07.28 11:26:00,11:26:00,111,
2026.07.28 11:27:00,11:27:00,88,
2026.07.28 11:28:00,11:28:00,106,
2026.07.28 11:29:00,11:29:00,111,
2026.07.28 11:30:00,11:30:00,113,
2026.07.28 11:31:00,11:31:00,94,
2026.07.28 11:32:00,11:32:00,107,
2026.07.28 11:33:00,11:33:00,120,
2026.07.28 11:34:00,11:34:00,116,
2026.07.28 11:35:00,11:35:00,107,
2026.07.28 11:36:00,11:36:00,116,
2026.07.28 11:37:00,11:37:00,116,
2026.07.28 11:38:00,11:38:00,103,
2026.07.28 11:39:00,11:39:00,104,
2026.07.28 11:40:00,11:40:00,93,
2026.07.28 11:41:00,11:41:00,92,
2026.07.28 11:42:00,11:42:00,92,
2026.07.28 11:43:00,11:43:00,98,
2026.07.28 11:44:00,11:44:00,96,
2026.07.28 11:45:00,11:45:00,93,
2026.07.28 11:46:00,11:46:00,94,
2026.07.28 11:47:00,11:47:00,94,
2026.07.28 11:48:00,11:48:00,85,
2026.07.28 11:49:00,11:49:00,78,
2026.07.28 11:50:00,11:50:00,87,
2026.07.28 11:51:00,11:51:00,87,
2026.07.28 11:52:00,11:52:00,92,
2026.07.28 11:53:00,11:53:00,111,
2026.07.28 11:54:00,11:54:00,95,
2026.07.28 11:55:00,11:55:00,94,
2026.07.28 11:56:00,11:56:00,104,
2026.07.28 11:57:00,11:57:00,104,
2026.07.28 11:58:00,11:58:00,94,
2026.07.28 11:59:00,11:59:00,94,
2026.07.28 12:00:00,12:00:00,94,
2026.07.28 12:01:00,12:01:00,94,
2026.07.28 12:02:00,12:02:00,98,
2026.07.28 12:03:00,12:03:00,120,
2026.07.28 12:04:00,12:04:00,111,
2026.07.28 12:05:00,12:05:00,95,
2026.07.28 12:06:00,12:06:00,94,
2026.07.28 12:07:00,12:07:00,91,
2026.07.28 12:08:00,12:08:00,91,
2026.07.28 12:09:00,12:09:00,107,
2026.07.28 12:10:00,12:10:00,83,
2026.07.28 12:11:00,12:11:00,90,
2026.07.28 12:12:00,12:12:00,87,
2026.07.28 12:13:00,12:13:00,82,
2026.07.28 12:14:00,12:14:00,86,
2026.07.28 12:15:00,12:15:00,89,
2026.07.28 12:16:00,12:16:00,93,
2026.07.28 12:17:00,12:17:00,83,
2026.07.28 12:18:00,12:18:00,87,
2026.07.28 12:19:00,12:19:00,81,
2026.07.28 12:20:00,12:20:00,84,
2026.07.28 12:21:00,12:21:00,83,
2026.07.28 12:22:00,12:22:00,83,
2026.07.28 12:23:00,12:23:00,83,
2026.07.28 12:24:00,12:24:00,101,
2026.07.28 12:25:00,12:25:00,94,
2026.07.28 12:26:00,12:26:00,93,
2026.07.28 12:27:00,12:27:00,89,
2026.07.28 12:28:00,12:28:00,100,
2026.07.28 12:29:00,12:29:00,91,
2026.07.28 12:30:00,12:30:00,96,
2026.07.28 12:31:00,12:31:00,92,
2026.07.28 12:32:00,12:32:00,91,
2026.07.28 12:33:00,12:33:00,93,
2026.07.28 12:34:00,12:34:00,89,
2026.07.28 12:35:00,12:35:00,96,
2026.07.28 12:36:00,12:36:00,94,
2026.07.28 12:37:00,12:37:00,95,
2026.07.28 12:38:00,12:38:00,88,
2026.07.28 12:39:00,12:39:00,92,
2026.07.28 12:40:00,12:40:00,92,
2026.07.28 12:41:00,12:41:00,91,
2026.07.28 12:42:00,12:42:00,81,
2026.07.28 12:43:00,12:43:00,83,
2026.07.28 12:44:00,12:44:00,95,
2026.07.28 12:45:00,12:45:00,93,
2026.07.28 12:46:00,12:46:00,96,
2026.07.28 12:47:00,12:47:00,93,
2026.07.28 12:48:00,12:48:00,89,
2026.07.28 12:49:00,12:49:00,90,
2026.07.28 12:50:00,12:50:00,89,
2026.07.28 12:51:00,12:51:00,91,
2026.07.28 12:52:00,12:52:00,91,
2026.07.28 12:53:00,12:53:00,89,
2026.07.28 12:54:00,12:54:00,99,
2026.07.28 12:55:00,12:55:00,96,
2026.07.28 12:56:00,12:56:00,95,
2026.07.28 12:57:00,12:57:00,92,
2026.07.28 12:58:00,12:58:00,112,
2026.07.28 12:59:00,12:59:00,129,
2026.07.28 13:00:00,13:00:00,94,
2026.07.28 13:01:00,13:01:00,103,
2026.07.28 13:02:00,13:02:00,89,
2026.07.28 13:03:00,13:03:00,109,
2026.07.28 13:04:00,13:04:00,93,
2026.07.28 13:05:00,13:05:00,104,
2026.07.28 13:06:00,13:06:00,110,
2026.07.28 13:07:00,13:07:00,103,
2026.07.28 13:08:00,13:08:00,108,
2026.07.28 13:09:00,13:09:00,102,
2026.07.28 13:10:00,13:10:00,95,
2026.07.28 13:11:00,13:11:00,85,
2026.07.28 13:12:00,13:12:00,87,
2026.07.28 13:13:00,13:13:00,89,
2026.07.28 13:14:00,13:14:00,96,
2026.07.28 13:15:00,13:15:00,93,
2026.07.28 13:16:00,13:16:00,91,
2026.07.28 13:17:00,13:17:00,87,
2026.07.28 13:18:00,13:18:00,84,
2026.07.28 13:19:00,13:19:00,87,
2026.07.28 13:20:00,13:20:00,89,
2026.07.28 13:21:00,13:21:00,86,
2026.07.28 13:22:00,13:22:00,90,
2026.07.28 13:23:00,13:23:00,82,
2026.07.28 13:24:00,13:24:00,89,
2026.07.28 13:25:00,13:25:00,88,
2026.07.28 13:26:00,13:26:00,86,
2026.07.28 13:27:00,13:27:00,88,
2026.07.28 13:28:00,13:28:00,96,
2026.07.28 13:29:00,13:29:00,96,
2026.07.28 13:30:00,13:30:00,104,
2026.07.28 13:31:00,13:31:00,110,
2026.07.28 13:32:00,13:32:00,95,
2026.07.28 13:33:00,13:33:00,93,
2026.07.28 13:34:00,13:34:00,96,
2026.07.28 13:35:00,13:35:00,136,
2026.07.28 13:36:00,13:36:00,116,
2026.07.28 13:37:00,13:37:00,100,
2026.07.28 13:38:00,13:38:00,93,
2026.07.28 13:39:00,13:39:00,95,
2026.07.28 13:40:00,13:40:00,92,
2026.07.28 13:41:00,13:41:00,91,
2026.07.28 13:42:00,13:42:00,93,
2026.07.28 13:43:00,13:43:00,90,
2026.07.28 13:44:00,13:44:00,89,
2026.07.28 13:45:00,13:45:00,81,
2026.07.28 13:46:00,13:46:00,95,
2026.07.28 13:47:00,13:47:00,90,
2026.07.28 13:48:00,13:48:00,93,
2026.07.28 13:49:00,13:49:00,92,
2026.07.28 13:50:00,13:50:00,94,
2026.07.28 13:51:00,13:51:00,91,
2026.07.28 13:52:00,13:52:00,93,
2026.07.28 13:53:00,13:53:00,84,
2026.07.28 13:54:00,13:54:00,89,
2026.07.28 13:55:00,13:55:00,90,
2026.07.28 13:56:00,13:56:00,96,
2026.07.28 13:57:00,13:57:00,92,
2026.07.28 13:58:00,13:58:00,92,
2026.07.28 13:59:00,13:59:00,92,
2026.07.28 14:00:00,14:00:00,94,
2026.07.28 14:01:00,14:01:00,94,
2026.07.28 14:02:00,14:02:00,94,
2026.07.28 14:03:00,14:03:00,90,
2026.07.28 14:04:00,14:04:00,85,
2026.07.28 14:05:00,14:05:00,88,
2026.07.28 14:06:00,14:06:00,87,
2026.07.28 14:07:00,14:07:00,86,
2026.07.28 14:08:00,14:08:00,84,
2026.07.28 14:09:00,14:09:00,84,
2026.07.28 14:10:00,14:10:00,93,
2026.07.28 14:11:00,14:11:00,93,
2026.07.28 14:12:00,14:12:00,92,
2026.07.28 14:13:00,14:13:00,95,
2026.07.28 14:14:00,14:14:00,97,
2026.07.28 14:15:00,14:15:00,89,
2026.07.28 14:16:00,14:16:00,90,
2026.07.28 14:17:00,14:17:00,95,
2026.07.28 14:18:00,14:18:00,86,
2026.07.28 14:19:00,14:19:00,87,
2026.07.28 14:20:00,14:20:00,86,
2026.07.28 14:21:00,14:21:00,90,
2026.07.28 14:22:00,14:22:00,92,
2026.07.28 14:23:00,14:23:00,87,
2026.07.28 14:24:00,14:24:00,93,
2026.07.28 14:25:00,14:25:00,92,
2026.07.28 14:26:00,14:26:00,85,
2026.07.28 14:27:00,14:27:00,85,
2026.07.28 14:28:00,14:28:00,90,
2026.07.28 14:29:00,14:29:00,94,
2026.07.28 14:30:00,14:30:00,89,
2026.07.28 14:31:00,14:31:00,95,
2026.07.28 14:32:00,14:32:00,89,
2026.07.28 14:33:00,14:33:00,88,
2026.07.28 14:34:00,14:34:00,88,
2026.07.28 14:35:00,14:35:00,89,
2026.07.28 14:36:00,14:36:00,108,
2026.07.28 14:37:00,14:37:00,88,
2026.07.28 14:38:00,14:38:00,89,
2026.07.28 14:39:00,14:39:00,88,
2026.07.28 14:40:00,14:40:00,107,
2026.07.28 14:41:00,14:41:00,85,
2026.07.28 14:42:00,14:42:00,89,
2026.07.28 14:43:00,14:43:00,87,
2026.07.28 14:44:00,14:44:00,90,
2026.07.28 14:45:00,14:45:00,82,
2026.07.28 14:46:00,14:46:00,83,
2026.07.28 14:47:00,14:47:00,82,
2026.07.28 14:48:00,14:48:00,78,
2026.07.28 14:49:00,14:49:00,90,
2026.07.28 14:50:00,14:50:00,91,
2026.07.28 14:51:00,14:51:00,92,
2026.07.28 14:52:00,14:52:00,93,
2026.07.28 14:53:00,14:53:00,90,
2026.07.28 14:54:00,14:54:00,91,
2026.07.28 14:55:00,14:55:00,89,
2026.07.28 14:56:00,14:56:00,92,
2026.07.28 14:57:00,14:57:00,89,
2026.07.28 14:58:00,14:58:00,97,
2026.07.28 14:59:00,14:59:00,98,
2026.07.28 15:00:00,15:00:00,114,
2026.07.28 15:01:00,15:01:00,93,
2026.07.28 15:02:00,15:02:00,90,
2026.07.28 15:03:00,15:03:00,94,
2026.07.28 15:04:00,15:04:00,93,
2026.07.28 15:05:00,15:05:00,101,
2026.07.28 15:06:00,15:06:00,95,
2026.07.28 15:07:00,15:07:00,104,
2026.07.28 15:08:00,15:08:00,93,
2026.07.28 15:09:00,15:09:00,104,
2026.07.28 15:10:00,15:10:00,104,
2026.07.28 15:11:00,15:11:00,97,
2026.07.28 15:12:00,15:12:00,93,
2026.07.28 15:13:00,15:13:00,109,
2026.07.28 15:14:00,15:14:00,94,
2026.07.28 15:15:00,15:15:00,110,
2026.07.28 15:16:00,15:16:00,99,
2026.07.28 15:17:00,15:17:00,120,
2026.07.28 15:18:00,15:18:00,96,
2026.07.28 15:19:00,15:19:00,104,
2026.07.28 15:20:00,15:20:00,94,
2026.07.28 15:21:00,15:21:00,96,
2026.07.28 15:22:00,15:22:00,110,
2026.07.28 15:23:00,15:23:00,94,
2026.07.28 15:24:00,15:24:00,97,
2026.07.28 15:25:00,15:25:00,92,
2026.07.28 15:26:00,15:26:00,105,
2026.07.28 15:27:00,15:27:00,98,
2026.07.28 15:28:00,15:28:00,94,
2026.07.28 15:29:00,15:29:00,96,
2026.07.28 15:30:00,15:30:00,99,
2026.07.28 15:31:00,15:31:00,104,
2026.07.28 15:32:00,15:32:00,107,
2026.07.28 15:33:00,15:33:00,101,
2026.07.28 15:34:00,15:34:00,95,
2026.07.28 15:35:00,15:35:00,97,
2026.07.28 15:36:00,15:36:00,94,
2026.07.28 15:37:00,15:37:00,94,
2026.07.28 15:38:00,15:38:00,95,
2026.07.28 15:39:00,15:39:00,104,
2026.07.28 15:40:00,15:40:00,123,
2026.07.28 15:41:00,15:41:00,128,
2026.07.28 15:42:00,15:42:00,106,
2026.07.28 15:43:00,15:43:00,103,
2026.07.28 15:44:00,15:44:00,106,
2026.07.28 15:45:00,15:45:00,103,
2026.07.28 15:46:00,15:46:00,111,
2026.07.28 15:47:00,15:47:00,99,
2026.07.28 15:48:00,15:48:00,110,
2026.07.28 15:49:00,15:49:00,113,
2026.07.28 15:50:00,15:50:00,124,
2026.07.28 15:51:00,15:51:00,102,
2026.07.28 15:52:00,15:52:00,122,
2026.07.28 15:53:00,15:53:00,121,
2026.07.28 15:54:00,15:54:00,120,
2026.07.28 15:55:00,15:55:00,110,
2026.07.28 15:56:00,15:56:00,121,
2026.07.28 15:57:00,15:57:00,125,
2026.07.28 15:58:00,15:58:00,112,
2026.07.28 15:59:00,15:59:00,115,
2026.07.28 16:00:00,16:00:00,118,
2026.07.28 16:01:00,16:01:00,113,
2026.07.28 16:02:00,16:02:00,120,
2026.07.28 16:03:00,16:03:00,102,
2026.07.28 16:04:00,16:04:00,120,
2026.07.28 16:05:00,16:05:00,114,
2026.07.28 16:06:00,16:06:00,124,
2026.07.28 16:07:00,16:07:00,117,
2026.07.28 16:08:00,16:08:00,109,
2026.07.28 16:09:00,16:09:00,107,
2026.07.28 16:10:00,16:10:00,126,
2026.07.28 16:11:00,16:11:00,108,
2026.07.28 16:12:00,16:12:00,107,
2026.07.28 16:13:00,16:13:00,96,
2026.07.28 16:14:00,16:14:00,108,
2026.07.28 16:15:00,16:15:00,101,
2026.07.28 16:16:00,16:16:00,106,
2026.07.28 16:17:00,16:17:00,110,
2026.07.28 16:18:00,16:18:00,105,
2026.07.28 16:19:00,16:19:00,112,
2026.07.28 16:20:00,16:20:00,110,
2026.07.28 16:21:00,16:21:00,108,
2026.07.28 16:22:00,16:22:00,108,
2026.07.28 16:23:00,16:23:00,117,
2026.07.28 16:24:00,16:24:00,111,
2026.07.28 16:25:00,16:25:00,118,
2026.07.28 16:26:00,16:26:00,111,
2026.07.28 16:27:00,16:27:00,104,
2026.07.28 16:28:00,16:28:00,101,
2026.07.28 16:29:00,16:29:00,106,
2026.07.28 16:30:00,16:30:00,104,
2026.07.28 16:31:00,16:31:00,101,
2026.07.28 16:32:00,16:32:00,96,
2026.07.28 16:33:00,16:33:00,90,
2026.07.28 16:34:00,16:34:00,100,
2026.07.28 16:35:00,16:35:00,91,
2026.07.28 16:36:00,16:36:00,92,
2026.07.28 16:37:00,16:37:00,129,
2026.07.28 16:38:00,16:38:00,118,
2026.07.28 16:39:00,16:39:00,111,
2026.07.28 16:40:00,16:40:00,114,
2026.07.28 16:41:00,16:41:00,114,
2026.07.28 16:42:00,16:42:00,108,
2026.07.28 16:43:00,16:43:00,111,
2026.07.28 16:44:00,16:44:00,106,
2026.07.28 16:45:00,16:45:00,110,
2026.07.28 16:46:00,16:46:00,105,
2026.07.28 16:47:00,16:47:00,108,
2026.07.28 16:48:00,16:48:00,99,
2026.07.28 16:49:00,16:49:00,109,
2026.07.28 16:50:00,16:50:00,132,
2026.07.28 16:51:00,16:51:00,118,
2026.07.28 16:52:00,16:52:00,103,
2026.07.28 16:53:00,16:53:00,105,
2026.07.28 16:54:00,16:54:00,95,
2026.07.28 16:55:00,16:55:00,103,
2026.07.28 16:56:00,16:56:00,91,
2026.07.28 16:57:00,16:57:00,93,
2026.07.28 16:58:00,16:58:00,95,
2026.07.28 16:59:00,16:59:00,89,
2026.07.28 17:00:00,17:00:00,121,
2026.07.28 17:01:00,17:01:00,102,
2026.07.28 17:02:00,17:02:00,94,
2026.07.28 17:03:00,17:03:00,89,
2026.07.28 17:04:00,17:04:00,95,
2026.07.28 17:05:00,17:05:00,95,
2026.07.28 17:06:00,17:06:00,95,
2026.07.28 17:07:00,17:07:00,92,
2026.07.28 17:08:00,17:08:00,92,
2026.07.28 17:09:00,17:09:00,95,
2026.07.28 17:10:00,17:10:00,94,
2026.07.28 17:11:00,17:11:00,102,
2026.07.28 17:12:00,17:12:00,107,
2026.07.28 17:13:00,17:13:00,105,
2026.07.28 17:14:00,17:14:00,101,
2026.07.28 17:15:00,17:15:00,110,
2026.07.28 17:16:00,17:16:00,106,
2026.07.28 17:17:00,17:17:00,113,
2026.07.28 17:18:00,17:18:00,115,
2026.07.28 17:19:00,17:19:00,110,
2026.07.28 17:20:00,17:20:00,107,
2026.07.28 17:21:00,17:21:00,123,
2026.07.28 17:22:00,17:22:00,116,
2026.07.28 17:23:00,17:23:00,94,
2026.07.28 17:24:00,17:24:00,95,
2026.07.28 17:25:00,17:25:00,107,
2026.07.28 17:26:00,17:26:00,107,
2026.07.28 17:27:00,17:27:00,98,
2026.07.28 17:28:00,17:28:00,92,
2026.07.28 17:29:00,17:29:00,89,
2026.07.28 17:30:00,17:30:00,104,
2026.07.28 17:31:00,17:31:00,101,
2026.07.28 17:32:00,17:32:00,94,
2026.07.28 17:33:00,17:33:00,96,
2026.07.28 17:34:00,17:34:00,92,
2026.07.28 17:35:00,17:35:00,96,
2026.07.28 17:36:00,17:36:00,102,
2026.07.28 17:37:00,17:37:00,94,
2026.07.28 17:38:00,17:38:00,94,
2026.07.28 17:39:00,17:39:00,96,
2026.07.28 17:40:00,17:40:00,103,
2026.07.28 17:41:00,17:41:00,86,
2026.07.28 17:42:00,17:42:00,94,
2026.07.28 17:43:00,17:43:00,93,
2026.07.28 17:44:00,17:44:00,94,
2026.07.28 17:45:00,17:45:00,88,
2026.07.28 17:46:00,17:46:00,91,
2026.07.28 17:47:00,17:47:00,86,
2026.07.28 17:48:00,17:48:00,89,
2026.07.28 17:49:00,17:49:00,90,
2026.07.28 17:50:00,17:50:00,86,
2026.07.28 17:51:00,17:51:00,90,
2026.07.28 17:52:00,17:52:00,89,
2026.07.28 17:53:00,17:53:00,89,
2026.07.28 17:54:00,17:54:00,91,
2026.07.28 17:55:00,17:55:00,86,
2026.07.28 17:56:00,17:56:00,89,
2026.07.28 17:57:00,17:57:00,94,
2026.07.28 17:58:00,17:58:00,89,
2026.07.28 17:59:00,17:59:00,92,
2026.07.28 18:00:00,18:00:00,103,
2026.07.28 18:01:00,18:01:00,103,
2026.07.28 18:02:00,18:02:00,98,
2026.07.28 18:03:00,18:03:00,102,
2026.07.28 18:04:00,18:04:00,104,
2026.07.28 18:05:00,18:05:00,101,
2026.07.28 18:06:00,18:06:00,111,
2026.07.28 18:07:00,18:07:00,101,
2026.07.28 18:08:00,18:08:00,105,
2026.07.28 18:09:00,18:09:00,99,
2026.07.28 18:10:00,18:10:00,101,
2026.07.28 18:11:00,18:11:00,107,
2026.07.28 18:12:00,18:12:00,107,
2026.07.28 18:13:00,18:13:00,106,
2026.07.28 18:14:00,18:14:00,122,
2026.07.28 18:15:00,18:15:00,104,
2026.07.28 18:16:00,18:16:00,104,
2026.07.28 18:17:00,18:17:00,91,
2026.07.28 18:18:00,18:18:00,92,
2026.07.28 18:19:00,18:19:00,87,
2026.07.28 18:20:00,18:20:00,91,
2026.07.28 18:21:00,18:21:00,90,
2026.07.28 18:22:00,18:22:00,85,
2026.07.28 18:23:00,18:23:00,89,
2026.07.28 18:24:00,18:24:00,84,
2026.07.28 18:25:00,18:25:00,82,
2026.07.28 18:26:00,18:26:00,85,
2026.07.28 18:27:00,18:27:00,85,
2026.07.28 18:28:00,18:28:00,82,
2026.07.28 18:29:00,18:29:00,87,
2026.07.28 18:30:00,18:30:00,91,
2026.07.28 18:31:00,18:31:00,88,
2026.07.28 18:32:00,18:32:00,85,
2026.07.28 18:33:00,18:33:00,88,
2026.07.28 18:34:00,18:34:00,87,
2026.07.28 18:35:00,18:35:00,86,
2026.07.28 18:36:00,18:36:00,90,
2026.07.28 18:37:00,18:37:00,87,
2026.07.28 18:38:00,18:38:00,83,
2026.07.28 18:39:00,18:39:00,89,
2026.07.28 18:40:00,18:40:00,85,
2026.07.28 18:41:00,18:41:00,84,
2026.07.28 18:42:00,18:42:00,83,
2026.07.28 18:43:00,18:43:00,92,
2026.07.28 18:44:00,18:44:00,105,
2026.07.28 18:45:00,18:45:00,105,
2026.07.28 18:46:00,18:46:00,103,
2026.07.28 18:47:00,18:47:00,105,
2026.07.28 18:48:00,18:48:00,105,
2026.07.28 18:49:00,18:49:00,100,
2026.07.28 18:50:00,18:50:00,92,
2026.07.28 18:51:00,18:51:00,106,
2026.07.28 18:52:00,18:52:00,100,
2026.07.28 18:53:00,18:53:00,97,
2026.07.28 18:54:00,18:54:00,87,
2026.07.28 18:55:00,18:55:00,97,
2026.07.28 18:56:00,18:56:00,98,
2026.07.28 18:57:00,18:57:00,96,
2026.07.28 18:58:00,18:58:00,94,
2026.07.28 19:12:00,19:12:00,82,
2026.07.28 19:13:00,19:13:00,91,
2026.07.28 19:14:00,19:14:00,76,
2026.07.28 19:15:00,19:15:00,71,
2026.07.28 19:16:00,19:16:00,70,
2026.07.28 19:17:00,19:17:00,71,
2026.07.28 19:18:00,19:18:00,70,
2026.07.28 19:19:00,19:19:00,69,
2026.07.28 19:20:00,19:20:00,67,
2026.07.28 19:21:00,19:21:00,68,
2026.07.28 19:22:00,19:22:00,70,
2026.07.28 19:23:00,19:23:00,67,
2026.07.28 19:24:00,19:24:00,66,
2026.07.28 19:25:00,19:25:00,74,
2026.07.28 19:26:00,19:26:00,66,
2026.07.28 19:27:00,19:27:00,67,
2026.07.28 19:28:00,19:28:00,71,
2026.07.28 19:29:00,19:29:00,66,
2026.07.28 19:30:00,19:30:00,68,
2026.07.28 19:31:00,19:31:00,70,
2026.07.28 19:32:00,19:32:00,69,
2026.07.28 19:33:00,19:33:00,73,
2026.07.28 19:34:00,19:34:00,63,
2026.07.28 19:35:00,19:35:00,81,
2026.07.28 19:36:00,19:36:00,83,
2026.07.28 19:37:00,19:37:00,82,
2026.07.28 19:38:00,19:38:00,88,
2026.07.28 19:39:00,19:39:00,83,
2026.07.28 19:40:00,19:40:00,89,
2026.07.28 19:41:00,19:41:00,86,
2026.07.28 19:42:00,19:42:00,86,
2026.07.28 19:43:00,19:43:00,84,
2026.07.28 19:44:00,19:44:00,87,
2026.07.28 19:45:00,19:45:00,77,
2026.07.28 19:46:00,19:46:00,86,
2026.07.28 19:47:00,19:47:00,84,
2026.07.28 19:48:00,19:48:00,84,
2026.07.28 19:49:00,19:49:00,81,
2026.07.28 19:50:00,19:50:00,82,
2026.07.28 19:51:00,19:51:00,81,
2026.07.28 19:52:00,19:52:00,83,
2026.07.28 19:53:00,19:53:00,83,
2026.07.28 19:54:00,19:54:00,88,
2026.07.28 19:55:00,19:55:00,78,
2026.07.28 19:56:00,19:56:00,81,
2026.07.28 19:57:00,19:57:00,83,
2026.07.28 19:58:00,19:58:00,77,
2026.07.28 19:59:00,19:59:00,83,
2026.07.28 20:00:00,20:00:00,84,
2026.07.28 20:01:00,20:01:00,79,
2026.07.28 20:02:00,20:02:00,73,
2026.07.28 20:03:00,20:03:00,81,
2026.07.28 20:04:00,20:04:00,86,
2026.07.28 20:05:00,20:05:00,83,
2026.07.28 20:06:00,20:06:00,80,
2026.07.28 20:07:00,20:07:00,81,
2026.07.28 20:08:00,20:08:00,84,
2026.07.28 20:09:00,20:09:00,84,
2026.07.28 20:10:00,20:10:00,77,
2026.07.28 20:11:00,20:11:00,77,
2026.07.28 20:12:00,20:12:00,82,
2026.07.28 20:13:00,20:13:00,81,
2026.07.28 20:14:00,20:14:00,76,
2026.07.28 20:15:00,20:15:00,84,
2026.07.28 20:16:00,20:16:00,74,
2026.07.28 20:17:00,20:17:00,78,
2026.07.28 20:18:00,20:18:00,82,
2026.07.28 20:19:00,20:19:00,84,
2026.07.28 20:20:00,20:20:00,78,
2026.07.28 20:21:00,20:21:00,77,
2026.07.28 20:22:00,20:22:00,69,
2026.07.28 20:23:00,20:23:00,78,
2026.07.28 20:24:00,20:24:00,76,
2026.07.28 20:25:00,20:25:00,81,
2026.07.28 20:26:00,20:26:00,79,
2026.07.28 20:27:00,20:27:00,84,
2026.07.28 20:28:00,20:28:00,82,
2026.07.28 20:29:00,20:29:00,68,
2026.07.28 20:30:00,20:30:00,71,
2026.07.28 20:31:00,20:31:00,74,
2026.07.28 20:32:00,20:32:00,68,
2026.07.28 20:33:00,20:33:00,62,
2026.07.28 20:34:00,20:34:00,64,
2026.07.28 20:35:00,20:35:00,64,
2026.07.28 20:36:00,20:36:00,69,
2026.07.28 20:37:00,20:37:00,65,
2026.07.28 20:38:00,20:38:00,63,
2026.07.28 20:39:00,20:39:00,69,
2026.07.28 20:40:00,20:40:00,66,
2026.07.28 20:41:00,20:41:00,68,
2026.07.28 20:42:00,20:42:00,69,
2026.07.28 20:43:00,20:43:00,70,
2026.07.28 20:44:00,20:44:00,68,
2026.07.28 20:45:00,20:45:00,65,
2026.07.28 20:46:00,20:46:00,66,
2026.07.28 20:47:00,20:47:00,70,
2026.07.28 20:48:00,20:48:00,70,
2026.07.28 20:49:00,20:49:00,86,
2026.07.28 20:50:00,20:50:00,77,
2026.07.28 20:51:00,20:51:00,73,
2026.07.28 20:52:00,20:52:00,65,
2026.07.28 20:53:00,20:53:00,61,
2026.07.28 20:54:00,20:54:00,64,
2026.07.28 20:55:00,20:55:00,63,
2026.07.28 20:56:00,20:56:00,63,
2026.07.28 20:57:00,20:57:00,63,
2026.07.28 20:58:00,20:58:00,63,
2026.07.28 20:59:00,20:59:00,66,
2026.07.28 21:00:00,21:00:00,69,
2026.07.28 21:01:00,21:01:00,69,
2026.07.28 21:02:00,21:02:00,60,
2026.07.28 21:03:00,21:03:00,66,
2026.07.28 21:04:00,21:04:00,63,
2026.07.28 21:05:00,21:05:00,63,
2026.07.28 21:06:00,21:06:00,59,
2026.07.28 21:07:00,21:07:00,64,
2026.07.28 21:08:00,21:08:00,62,
2026.07.28 21:09:00,21:09:00,62,
2026.07.28 21:10:00,21:10:00,64,
2026.07.28 21:11:00,21:11:00,65,
2026.07.28 21:12:00,21:12:00,66,
2026.07.28 21:13:00,21:13:00,69,
2026.07.28 21:14:00,21:14:00,63,
2026.07.28 21:15:00,21:15:00,63,
2026.07.28 21:16:00,21:16:00,59,
2026.07.28 21:17:00,21:17:00,61,
2026.07.28 21:18:00,21:18:00,58,
2026.07.28 21:19:00,21:19:00,57,
2026.07.28 21:20:00,21:20:00,57,
2026.07.28 21:21:00,21:21:00,56,
2026.07.28 21:22:00,21:22:00,64,
2026.07.28 21:23:00,21:23:00,61,
2026.07.28 21:24:00,21:24:00,64,
2026.07.28 21:25:00,21:25:00,61,
2026.07.28 21:26:00,21:26:00,61,
2026.07.28 21:27:00,21:27:00,65,
2026.07.28 21:28:00,21:28:00,58,
2026.07.28 21:29:00,21:29:00,59,
2026.07.28 21:30:00,21:30:00,60,
2026.07.28 21:31:00,21:31:00,59,
2026.07.28 21:32:00,21:32:00,62,
2026.07.28 21:33:00,21:33:00,61,
2026.07.28 21:34:00,21:34:00,58,
2026.07.28 21:35:00,21:35:00,61,
2026.07.28 21:36:00,21:36:00,61,
2026.07.28 21:37:00,21:37:00,69,
2026.07.28 21:38:00,21:38:00,67,
2026.07.28 21:39:00,21:39:00,63,
2026.07.28 21:40:00,21:40:00,63,
2026.07.28 21:41:00,21:41:00,79,
2026.07.28 21:42:00,21:42:00,84,
2026.07.28 21:43:00,21:43:00,86,
2026.07.28 21:44:00,21:44:00,86,
2026.07.28 21:45:00,21:45:00,86,
2026.07.28 21:46:00,21:46:00,80,
2026.07.28 21:47:00,21:47:00,82,
2026.07.28 21:48:00,21:48:00,93,
2026.07.28 21:49:00,21:49:00,67,
2026.07.28 21:50:00,21:50:00,64,
2026.07.28 21:51:00,21:51:00,64,
2026.07.28 21:52:00,21:52:00,64,
2026.07.28 21:53:00,21:53:00,64,
2026.07.28 21:54:00,21:54:00,64,
2026.07.28 21:55:00,21:55:00,63,
2026.07.28 21:56:00,21:56:00,64,
2026.07.28 21:57:00,21:57:00,65,
2026.07.28 21:58:00,21:58:00,59,
2026.07.28 21:59:00,21:59:00,59,
2026.07.28 22:00:00,22:00:00,60,
2026.07.28 22:01:00,22:01:00,62,
2026.07.28 22:02:00,22:02:00,66,
2026.07.28 22:03:00,22:03:00,63,
2026.07.28 22:04:00,22:04:00,62,
2026.07.28 22:05:00,22:05:00,72,
2026.07.28 22:06:00,22:06:00,82,
2026.07.28 22:07:00,22:07:00,89,
2026.07.28 22:08:00,22:08:00,60,
2026.07.28 22:09:00,22:09:00,66,
2026.07.28 22:10:00,22:10:00,63,
2026.07.28 22:11:00,22:11:00,77,
2026.07.28 22:12:00,22:12:00,74,
2026.07.28 22:13:00,22:13:00,89,
2026.07.28 22:14:00,22:14:00,87,
2026.07.28 22:15:00,22:15:00,70,
2026.07.28 22:16:00,22:16:00,77,
2026.07.28 22:17:00,22:17:00,77,
2026.07.28 22:18:00,22:18:00,80,
2026.07.28 22:19:00,22:19:00,74,
2026.07.28 22:20:00,22:20:00,62,
2026.07.28 22:21:00,22:21:00,58,
2026.07.28 22:22:00,22:22:00,64,
2026.07.28 22:23:00,22:23:00,58,
2026.07.28 22:24:00,22:24:00,56,
2026.07.28 22:25:00,22:25:00,56,
2026.07.28 22:26:00,22:26:00,54,
2026.07.28 22:27:00,22:27:00,56,
2026.07.28 22:28:00,22:28:00,55,
2026.07.28 22:29:00,22:29:00,59,
2026.07.28 22:30:00,22:30:00,57,
2026.07.28 22:31:00,22:31:00,57,
2026.07.28 22:32:00,22:32:00,56,
2026.07.28 22:33:00,22:33:00,57,
2026.07.28 22:34:00,22:34:00,59,
2026.07.28 22:35:00,22:35:00,59,
2026.07.28 22:36:00,22:36:00,58,
2026.07.28 22:37:00,22:37:00,57,
2026.07.28 22:38:00,22:38:00,59,
2026.07.28 22:39:00,22:39:00,56,
2026.07.28 22:40:00,22:40:00,59,
2026.07.28 22:41:00,22:41:00,59,
2026.07.28 22:42:00,22:42:00,59,
2026.07.28 22:43:00,22:43:00,60,
2026.07.28 22:44:00,22:44:00,59,
2026.07.28 22:45:00,22:45:00,62,
2026.07.28 22:46:00,22:46:00,55,
2026.07.28 22:47:00,22:47:00,54,
2026.07.28 22:48:00,22:48:00,56,
2026.07.28 22:49:00,22:49:00,57,
2026.07.28 22:50:00,22:50:00,56,
2026.07.28 22:51:00,22:51:00,58,
2026.07.28 22:52:00,22:52:00,59,
2026.07.28 22:53:00,22:53:00,58,
2026.07.28 22:54:00,22:54:00,59,
2026.07.28 22:55:00,22:55:00,59,
2026.07.28 22:56:00,22:56:00,58,
2026.07.28 22:57:00,22:57:00,60,
2026.07.28 22:58:00,22:58:00,59,
2026.07.28 22:59:00,22:59:00,59,
2026.07.28 23:00:00,23:00:00,59,
2026.07.28 23:01:00,23:01:00,59,
2026.07.28 23:02:00,23:02:00,60,
2026.07.28 23:03:00,23:03:00,61,
2026.07.28 23:04:00,23:04:00,59,
2026.07.28 23:05:00,23:05:00,59,
2026.07.28 23:06:00,23:06:00,59,
2026.07.28 23:07:00,23:07:00,61,
2026.07.28 23:08:00,23:08:00,60,
2026.07.28 23:09:00,23:09:00,60,
2026.07.28 23:10:00,23:10:00,60,
2026.07.28 23:11:00,23:11:00,60,
2026.07.28 23:12:00,23:12:00,60,
2026.07.28 23:13:00,23:13:00,60,
2026.07.28 23:14:00,23:14:00,60,
2026.07.28 23:15:00,23:15:00,59,
2026.07.28 23:16:00,23:16:00,61,
2026.07.28 23:17:00,23:17:00,60,
2026.07.28 23:18:00,23:18:00,60,
2026.07.28 23:19:00,23:19:00,60,
2026.07.28 23:20:00,23:20:00,59,
2026.07.28 23:21:00,23:21:00,59,
2026.07.28 23:22:00,23:22:00,60,
2026.07.28 23:23:00,23:23:00,60,
2026.07.28 23:24:00,23:24:00,59,
2026.07.28 23:25:00,23:25:00,57,
2026.07.28 23:26:00,23:26:00,57,
2026.07.28 23:27:00,23:27:00,58,
2026.07.28 23:28:00,23:28:00,58,
2026.07.28 23:29:00,23:29:00,56,
2026.07.28 23:30:00,23:30:00,57,
2026.07.28 23:31:00,23:31:00,58,
2026.07.28 23:32:00,23:32:00,57,
2026.07.28 23:33:00,23:33:00,58,
2026.07.28 23:34:00,23:34:00,60,
2026.07.28 23:35:00,23:35:00,56,
2026.07.28 23:36:00,23:36:00,57,
2026.07.28 23:37:00,23:37:00,60,
2026.07.28 23:38:00,23:38:00,60,
2026.07.28 23:39:00,23:39:00,63,
2026.07.28 23:40:00,23:40:00,62,
2026.07.28 23:41:00,23:41:00,64,
2026.07.28 23:42:00,23:42:00,64,
2026.07.28 23:43:00,23:43:00,64,
2026.07.28 23:44:00,23:44:00,66,
2026.07.28 23:45:00,23:45:00,62,
2026.07.28 23:46:00,23:46:00,59,
2026.07.28 23:47:00,23:47:00,60,
2026.07.28 23:48:00,23:48:00,60,
2026.07.28 23:49:00,23:49:00,55,
2026.07.28 23:50:00,23:50:00,58,
2026.07.28 23:51:00,23:51:00,57,
2026.07.28 23:52:00,23:52:00,55,
2026.07.28 23:53:00,23:53:00,60,
2026.07.28 23:54:00,23:54:00,57,
2026.07.28 23:55:00,23:55:00,55,
2026.07.28 23:56:00,23:56:00,56,
2026.07.28 23:57:00,23:57:00,57,
2026.07.28 23:58:00,23:58:00,57,
2026.07.28 23:59:00,23:59:00,58,
2026.07.29 00:00:00,00:00:00,58,
2026.07.29 00:01:00,00:01:00,59,
2026.07.29 00:02:00,00:02:00,60,
2026.07.29 00:03:00,00:03:00,57,
2026.07.29 00:04:00,00:04:00,59,
2026.07.29 00:05:00,00:05:00,59,
2026.07.29 00:06:00,00:06:00,59,
2026.07.29 00:07:00,00:07:00,60,
2026.07.29 00:08:00,00:08:00,61,
2026.07.29 00:09:00,00:09:00,59,
2026.07.29 00:10:00,00:10:00,60,
2026.07.29 00:11:00,00:11:00,62,
2026.07.29 00:12:00,00:12:00,71,
2026.07.29 00:13:00,00:13:00,58,
2026.07.29 00:14:00,00:14:00,58,
2026.07.29 00:15:00,00:15:00,59,
2026.07.29 00:16:00,00:16:00,60,
2026.07.29 00:17:00,00:17:00,61,
2026.07.29 00:18:00,00:18:00,59,
2026.07.29 00:19:00,00:19:00,61,
2026.07.29 00:20:00,00:20:00,60,
2026.07.29 00:21:00,00:21:00,59,
2026.07.29 00:22:00,00:22:00,68,
2026.07.29 00:23:00,00:23:00,80,
2026.07.29 00:24:00,00:24:00,83,
2026.07.29 00:25:00,00:25:00,85,
2026.07.29 00:26:00,00:26:00,86,
2026.07.29 00:27:00,00:27:00,89,
2026.07.29 00:28:00,00:28:00,91,
2026.07.29 00:29:00,00:29:00,88,
2026.07.29 00:30:00,00:30:00,87,
2026.07.29 00:31:00,00:31:00,85,
2026.07.29 00:32:00,00:32:00,87,
2026.07.29 00:33:00,00:33:00,87,
2026.07.29 00:34:00,00:34:00,86,
2026.07.29 00:35:00,00:35:00,86,
2026.07.29 00:36:00,00:36:00,88,
2026.07.29 00:37:00,00:37:00,86,
2026.07.29 00:38:00,00:38:00,88,
2026.07.29 00:39:00,00:39:00,87,
2026.07.29 00:40:00,00:40:00,62,
2026.07.29 00:41:00,00:41:00,52,
2026.07.29 00:42:00,00:42:00,50,
2026.07.29 00:43:00,00:43:00,55,
2026.07.29 00:44:00,00:44:00,54,
2026.07.29 00:45:00,00:45:00,57,
2026.07.29 00:46:00,00:46:00,58,
2026.07.29 00:47:00,00:47:00,58,
2026.07.29 00:48:00,00:48:00,58,
2026.07.29 00:49:00,00:49:00,59,
2026.07.29 00:50:00,00:50:00,59,
2026.07.29 00:51:00,00:51:00,58,
2026.07.29 00:52:00,00:52:00,60,
2026.07.29 00:53:00,00:53:00,60,
2026.07.29 00:54:00,00:54:00,60,
2026.07.29 00:55:00,00:55:00,60,
2026.07.29 00:56:00,00:56:00,61,
2026.07.29 00:57:00,00:57:00,60,
2026.07.29 00:58:00,00:58:00,62,
2026.07.29 00:59:00,00:59:00,62,
2026.07.29 01:00:00,01:00:00,62,
2026.07.29 01:01:00,01:01:00,71,
2026.07.29 01:02:00,01:02:00,59,
2026.07.29 01:03:00,01:03:00,55,
2026.07.29 01:04:00,01:04:00,57,
2026.07.29 01:05:00,01:05:00,54,
2026.07.29 01:06:00,01:06:00,55,
2026.07.29 01:07:00,01:07:00,54,
2026.07.29 01:08:00,01:08:00,53,
2026.07.29 01:09:00,01:09:00,58,
2026.07.29 01:10:00,01:10:00,56,
2026.07.29 01:11:00,01:11:00,61,
2026.07.29 01:12:00,01:12:00,60,
2026.07.29 01:13:00,01:13:00,58,
2026.07.29 01:14:00,01:14:00,64,
2026.07.29 01:15:00,01:15:00,59,
2026.07.29 01:16:00,01:16:00,60,
2026.07.29 01:17:00,01:17:00,58,
2026.07.29 01:18:00,01:18:00,58,
2026.07.29 01:19:00,01:19:00,59,
2026.07.29 01:20:00,01:20:00,61,
2026.07.29 01:21:00,01:21:00,61,
2026.07.29 01:22:00,01:22:00,61,
2026.07.29 01:23:00,01:23:00,55,
2026.07.29 01:24:00,01:24:00,55,
2026.07.29 01:25:00,01:25:00,57,
2026.07.29 01:26:00,01:26:00,57,
2026.07.29 01:27:00,01:27:00,59,
2026.07.29 01:28:00,01:28:00,57,
2026.07.29 01:29:00,01:29:00,52,
2026.07.29 01:30:00,01:30:00,52,
2026.07.29 01:31:00,01:31:00,59,
2026.07.29 01:32:00,01:32:00,52,
2026.07.29 01:33:00,01:33:00,56,
2026.07.29 01:34:00,01:34:00,56,
2026.07.29 01:35:00,01:35:00,54,
2026.07.29 01:36:00,01:36:00,55,
2026.07.29 01:37:00,01:37:00,55,
2026.07.29 01:38:00,01:38:00,54,
2026.07.29 01:39:00,01:39:00,56,
2026.07.29 01:40:00,01:40:00,56,
2026.07.29 01:41:00,01:41:00,58,
2026.07.29 01:42:00,01:42:00,58,
2026.07.29 01:43:00,01:43:00,58,
2026.07.29 01:44:00,01:44:00,58,
2026.07.29 01:45:00,01:45:00,58,
2026.07.29 01:46:00,01:46:00,54,
2026.07.29 01:47:00,01:47:00,53,
2026.07.29 01:48:00,01:48:00,54,
2026.07.29 01:49:00,01:49:00,53,
2026.07.29 01:50:00,01:50:00,54,
2026.07.29 01:51:00,01:51:00,55,
2026.07.29 01:52:00,01:52:00,55,
2026.07.29 01:53:00,01:53:00,55,
2026.07.29 01:54:00,01:54:00,56,
2026.07.29 01:55:00,01:55:00,55,
2026.07.29 01:56:00,01:56:00,55,
2026.07.29 01:57:00,01:57:00,55,
2026.07.29 01:58:00,01:58:00,55,
2026.07.29 01:59:00,01:59:00,55,
2026.07.29 02:00:00,02:00:00,55,
2026.07.29 02:01:00,02:01:00,57,
2026.07.29 02:02:00,02:02:00,57,
2026.07.29 02:03:00,02:03:00,57,
2026.07.29 02:04:00,02:04:00,57,
2026.07.29 02:05:00,02:05:00,58,
2026.07.29 02:06:00,02:06:00,59,
2026.07.29 02:07:00,02:07:00,58,
2026.07.29 02:08:00,02:08:00,56,
2026.07.29 02:09:00,02:09:00,56,
2026.07.29 02:10:00,02:10:00,58,
2026.07.29 02:11:00,02:11:00,58,
2026.07.29 02:12:00,02:12:00,59,
2026.07.29 02:13:00,02:13:00,58,
2026.07.29 02:14:00,02:14:00,58,
2026.07.29 02:15:00,02:15:00,59,
2026.07.29 02:16:00,02:16:00,58,
2026.07.29 02:17:00,02:17:00,59,
2026.07.29 02:18:00,02:18:00,58,
2026.07.29 02:19:00,02:19:00,59,
2026.07.29 02:20:00,02:20:00,59,
2026.07.29 02:21:00,02:21:00,58,
2026.07.29 02:22:00,02:22:00,59,
2026.07.29 02:23:00,02:23:00,59,
2026.07.29 02:24:00,02:24:00,56,
2026.07.29 02:25:00,02:25:00,56,
2026.07.29 02:26:00,02:26:00,59,
2026.07.29 02:27:00,02:27:00,56,
2026.07.29 02:28:00,02:28:00,55,
2026.07.29 02:29:00,02:29:00,73,
2026.07.29 02:30:00,02:30:00,55,
2026.07.29 02:31:00,02:31:00,59,
2026.07.29 02:32:00,02:32:00,55,
2026.07.29 02:33:00,02:33:00,52,
2026.07.29 02:34:00,02:34:00,52,
2026.07.29 02:35:00,02:35:00,52,
2026.07.29 02:36:00,02:36:00,55,
2026.07.29 02:37:00,02:37:00,54,
2026.07.29 02:38:00,02:38:00,56,
2026.07.29 02:39:00,02:39:00,58,
2026.07.29 02:40:00,02:40:00,57,
2026.07.29 02:41:00,02:41:00,58,
2026.07.29 02:42:00,02:42:00,57,
2026.07.29 02:43:00,02:43:00,57,
2026.07.29 02:44:00,02:44:00,57,
2026.07.29 02:45:00,02:45:00,57,
2026.07.29 02:46:00,02:46:00,56,
2026.07.29 02:47:00,02:47:00,57,
2026.07.29 02:48:00,02:48:00,58,
2026.07.29 02:49:00,02:49:00,58,
2026.07.29 02:50:00,02:50:00,65,
2026.07.29 02:51:00,02:51:00,49,
2026.07.29 02:52:00,02:52:00,48,
2026.07.29 02:53:00,02:53:00,52,
2026.07.29 02:54:00,02:54:00,51,
2026.07.29 02:55:00,02:55:00,52,
2026.07.29 02:56:00,02:56:00,52,
2026.07.29 02:57:00,02:57:00,57,
2026.07.29 02:58:00,02:58:00,56,
2026.07.29 02:59:00,02:59:00,58,
2026.07.29 03:00:00,03:00:00,56,
2026.07.29 03:01:00,03:01:00,54,
2026.07.29 03:02:00,03:02:00,55,
2026.07.29 03:03:00,03:03:00,54,
2026.07.29 03:04:00,03:04:00,58,
2026.07.29 03:05:00,03:05:00,59,
2026.07.29 03:06:00,03:06:00,61,
2026.07.29 03:07:00,03:07:00,63,
2026.07.29 03:08:00,03:08:00,62,
2026.07.29 03:09:00,03:09:00,58,
2026.07.29 03:10:00,03:10:00,59,
2026.07.29 03:11:00,03:11:00,61,
2026.07.29 03:12:00,03:12:00,62,
2026.07.29 03:13:00,03:13:00,60,
2026.07.29 03:14:00,03:14:00,66,
2026.07.29 03:15:00,03:15:00,52,
2026.07.29 03:16:00,03:16:00,52,
2026.07.29 03:17:00,03:17:00,54,
2026.07.29 03:18:00,03:18:00,53,
2026.07.29 03:19:00,03:19:00,55,
2026.07.29 03:20:00,03:20:00,58,
2026.07.29 03:21:00,03:21:00,55,
2026.07.29 03:22:00,03:22:00,54,
2026.07.29 03:23:00,03:23:00,56,
2026.07.29 03:24:00,03:24:00,57,
2026.07.29 03:25:00,03:25:00,55,
2026.07.29 03:26:00,03:26:00,60,
2026.07.29 03:27:00,03:27:00,59,
2026.07.29 03:28:00,03:28:00,60,
2026.07.29 03:29:00,03:29:00,75,
2026.07.29 03:30:00,03:30:00,54,
2026.07.29 03:31:00,03:31:00,59,
2026.07.29 03:32:00,03:32:00,55,
2026.07.29 03:33:00,03:33:00,56,
2026.07.29 03:34:00,03:34:00,57,
2026.07.29 03:35:00,03:35:00,55,
2026.07.29 03:36:00,03:36:00,60,
2026.07.29 03:37:00,03:37:00,57,
2026.07.29 03:38:00,03:38:00,59,
2026.07.29 03:39:00,03:39:00,60,
2026.07.29 03:40:00,03:40:00,58,
2026.07.29 03:41:00,03:41:00,59,
2026.07.29 03:42:00,03:42:00,59,
2026.07.29 03:43:00,03:43:00,59,
2026.07.29 03:44:00,03:44:00,65,
2026.07.29 03:45:00,03:45:00,61,
2026.07.29 03:46:00,03:46:00,57,
2026.07.29 03:47:00,03:47:00,61,
2026.07.29 03:48:00,03:48:00,59,
2026.07.29 03:49:00,03:49:00,59,
2026.07.29 03:50:00,03:50:00,60,
2026.07.29 03:51:00,03:51:00,66,
2026.07.29 03:52:00,03:52:00,60,
2026.07.29 03:53:00,03:53:00,61,
2026.07.29 03:54:00,03:54:00,65,
2026.07.29 03:55:00,03:55:00,60,
2026.07.29 03:56:00,03:56:00,61,
2026.07.29 03:57:00,03:57:00,61,
2026.07.29 03:58:00,03:58:00,60,
2026.07.29 03:59:00,03:59:00,61,
2026.07.29 04:00:00,04:00:00,61,
2026.07.29 04:01:00,04:01:00,64,
2026.07.29 04:02:00,04:02:00,76,
2026.07.29 04:03:00,04:03:00,56,
2026.07.29 04:04:00,04:04:00,55,
2026.07.29 04:05:00,04:05:00,57,
2026.07.29 04:06:00,04:06:00,58,
2026.07.29 04:07:00,04:07:00,58,
2026.07.29 04:08:00,04:08:00,60,
2026.07.29 04:09:00,04:09:00,59,
2026.07.29 04:10:00,04:10:00,59,
2026.07.29 04:11:00,04:11:00,56,
2026.07.29 04:12:00,04:12:00,62,
2026.07.29 04:13:00,04:13:00,56,
2026.07.29 04:14:00,04:14:00,58,
2026.07.29 04:15:00,04:15:00,61,
2026.07.29 04:16:00,04:16:00,58,
2026.07.29 04:17:00,04:17:00,61,
2026.07.29 04:18:00,04:18:00,63,
2026.07.29 04:19:00,04:19:00,55,
2026.07.29 04:20:00,04:20:00,56,
2026.07.29 04:21:00,04:21:00,58,
2026.07.29 04:22:00,04:22:00,59,
2026.07.29 04:23:00,04:23:00,61,
2026.07.29 04:24:00,04:24:00,62,
2026.07.29 04:25:00,04:25:00,56,
2026.07.29 04:26:00,04:26:00,57,
2026.07.29 04:27:00,04:27:00,55,
2026.07.29 04:28:00,04:28:00,55,
2026.07.29 04:29:00,04:29:00,58,
2026.07.29 04:30:00,04:30:00,59,
2026.07.29 04:31:00,04:31:00,58,
2026.07.29 04:32:00,04:32:00,60,
2026.07.29 04:33:00,04:33:00,59,
2026.07.29 04:34:00,04:34:00,69,
2026.07.29 04:35:00,04:35:00,58,
2026.07.29 04:36:00,04:36:00,61,
2026.07.29 04:37:00,04:37:00,59,
2026.07.29 04:38:00,04:38:00,59,
2026.07.29 04:39:00,04:39:00,56,
2026.07.29 04:40:00,04:40:00,60,
2026.07.29 04:41:00,04:41:00,60,
2026.07.29 04:42:00,04:42:00,57,
2026.07.29 04:43:00,04:43:00,58,
2026.07.29 04:44:00,04:44:00,57,
2026.07.29 04:45:00,04:45:00,84,
2026.07.29 04:46:00,04:46:00,58,
2026.07.29 04:47:00,04:47:00,57,
2026.07.29 04:48:00,04:48:00,57,
2026.07.29 04:49:00,04:49:00,59,
2026.07.29 04:50:00,04:50:00,59,
2026.07.29 04:51:00,04:51:00,63,
2026.07.29 04:52:00,04:52:00,64,
2026.07.29 04:53:00,04:53:00,61,
2026.07.29 04:54:00,04:54:00,68,
2026.07.29 04:55:00,04:55:00,63,
2026.07.29 04:56:00,04:56:00,64,
2026.07.29 04:57:00,04:57:00,67,
2026.07.29 04:58:00,04:58:00,67,
2026.07.29 04:59:00,04:59:00,70,
2026.07.29 05:00:00,05:00:00,70,
2026.07.29 05:01:00,05:01:00,72,
2026.07.29 05:02:00,05:02:00,66,
2026.07.29 05:03:00,05:03:00,73,
2026.07.29 05:04:00,05:04:00,69,
2026.07.29 05:05:00,05:05:00,82,
2026.07.29 05:06:00,05:06:00,59,
2026.07.29 05:07:00,05:07:00,60,
2026.07.29 05:08:00,05:08:00,60,
2026.07.29 05:09:00,05:09:00,65,
2026.07.29 05:10:00,05:10:00,56,
2026.07.29 05:11:00,05:11:00,63,
2026.07.29 05:12:00,05:12:00,62,
2026.07.29 05:13:00,05:13:00,57,
2026.07.29 05:14:00,05:14:00,60,
2026.07.29 05:15:00,05:15:00,61,
2026.07.29 05:16:00,05:16:00,62,
2026.07.29 05:17:00,05:17:00,66,
2026.07.29 05:18:00,05:18:00,63,
2026.07.29 05:19:00,05:19:00,67,
2026.07.29 05:20:00,05:20:00,73,
2026.07.29 05:21:00,05:21:00,71,
2026.07.29 05:22:00,05:22:00,68,
2026.07.29 05:23:00,05:23:00,66,
2026.07.29 05:24:00,05:24:00,63,
2026.07.29 05:25:00,05:25:00,62,
2026.07.29 05:26:00,05:26:00,60,
2026.07.29 05:27:00,05:27:00,61,
2026.07.29 05:28:00,05:28:00,60,
2026.07.29 05:29:00,05:29:00,57,
2026.07.29 05:30:00,05:30:00,58,
2026.07.29 05:31:00,05:31:00,59,
2026.07.29 05:32:00,05:32:00,62,
2026.07.29 05:33:00,05:33:00,60,
2026.07.29 05:34:00,05:34:00,60,
2026.07.29 05:35:00,05:35:00,59,
2026.07.29 05:36:00,05:36:00,58,
2026.07.29 05:37:00,05:37:00,60,
2026.07.29 05:38:00,05:38:00,63,
2026.07.29 05:39:00,05:39:00,62,
2026.07.29 05:40:00,05:40:00,53,
2026.07.29 05:41:00,05:41:00,55,
2026.07.29 05:42:00,05:42:00,58,
2026.07.29 05:43:00,05:43:00,56,
2026.07.29 05:44:00,05:44:00,56,
2026.07.29 05:45:00,05:45:00,55,
2026.07.29 05:46:00,05:46:00,56,
2026.07.29 05:47:00,05:47:00,58,
2026.07.29 05:48:00,05:48:00,58,
2026.07.29 05:49:00,05:49:00,59,
2026.07.29 05:50:00,05:50:00,59,
2026.07.29 05:51:00,05:51:00,59,
2026.07.29 05:52:00,05:52:00,62,
2026.07.29 05:53:00,05:53:00,59,
2026.07.29 05:54:00,05:54:00,58,
2026.07.29 05:55:00,05:55:00,81,
2026.07.29 05:56:00,05:56:00,85,
2026.07.29 05:57:00,05:57:00,84,
2026.07.29 05:58:00,05:58:00,93,
2026.07.29 05:59:00,05:59:00,95,
2026.07.29 06:00:00,06:00:00,80,
2026.07.29 06:01:00,06:01:00,80,
2026.07.29 06:02:00,06:02:00,90,
2026.07.29 06:03:00,06:03:00,95,
2026.07.29 06:04:00,06:04:00,96,
2026.07.29 06:05:00,06:05:00,84,
2026.07.29 06:06:00,06:06:00,89,
2026.07.29 06:07:00,06:07:00,85,
2026.07.29 06:08:00,06:08:00,81,
2026.07.29 06:09:00,06:09:00,88,
2026.07.29 06:10:00,06:10:00,78,
2026.07.29 06:11:00,06:11:00,74,
2026.07.29 06:12:00,06:12:00,82,
2026.07.29 06:13:00,06:13:00,81,
2026.07.29 06:14:00,06:14:00,80,
2026.07.29 06:15:00,06:15:00,84,
2026.07.29 06:16:00,06:16:00,81,
2026.07.29 06:17:00,06:17:00,75,
2026.07.29 06:18:00,06:18:00,80,
2026.07.29 06:19:00,06:19:00,83,
2026.07.29 06:20:00,06:20:00,81,
2026.07.29 06:21:00,06:21:00,76,
2026.07.29 06:22:00,06:22:00,95,
2026.07.29 06:23:00,06:23:00,90,
2026.07.29 06:24:00,06:24:00,83,
2026.07.29 06:25:00,06:25:00,85,
2026.07.29 06:26:00,06:26:00,88,
2026.07.29 06:27:00,06:27:00,99,
2026.07.29 06:28:00,06:28:00,100,
2026.07.29 06:29:00,06:29:00,88,
2026.07.29 06:30:00,06:30:00,92,
2026.07.29 06:31:00,06:31:00,89,
2026.07.29 06:32:00,06:32:00,96,
2026.07.29 06:33:00,06:33:00,101,
2026.07.29 06:34:00,06:34:00,96,
2026.07.29 06:35:00,06:35:00,95,
2026.07.29 06:36:00,06:36:00,99,
2026.07.29 06:37:00,06:37:00,93,
2026.07.29 06:38:00,06:38:00,104,
2026.07.29 06:39:00,06:39:00,105,
2026.07.29 06:40:00,06:40:00,125,
2026.07.29 06:41:00,06:41:00,125,
2026.07.29 06:42:00,06:42:00,126,
2026.07.29 06:43:00,06:43:00,118,
2026.07.29 06:44:00,06:44:00,123,
2026.07.29 06:45:00,06:45:00,108,
2026.07.29 06:46:00,06:46:00,105,
2026.07.29 06:47:00,06:47:00,104,
2026.07.29 06:48:00,06:48:00,112,
2026.07.29 06:49:00,06:49:00,121,
2026.07.29 06:50:00,06:50:00,129,
2026.07.29 06:51:00,06:51:00,126,
2026.07.29 06:52:00,06:52:00,126,
2026.07.29 06:53:00,06:53:00,144,
2026.07.29 06:54:00,06:54:00,115,
2026.07.29 06:55:00,06:55:00,122,
2026.07.29 06:56:00,06:56:00,132,
2026.07.29 06:57:00,06:57:00,120,
2026.07.29 06:58:00,06:58:00,121,
2026.07.29 06:59:00,06:59:00,125,
2026.07.29 07:00:00,07:00:00,127,
2026.07.29 07:01:00,07:01:00,108,
2026.07.29 07:02:00,07:02:00,96,
2026.07.29 07:03:00,07:03:00,98,
2026.07.29 07:04:00,07:04:00,91,
2026.07.29 07:05:00,07:05:00,94,
2026.07.29 07:06:00,07:06:00,101,
2026.07.29 07:07:00,07:07:00,95,
2026.07.29 07:08:00,07:08:00,93,
2026.07.29 07:09:00,07:09:00,88,
2026.07.29 07:10:00,07:10:00,84,
2026.07.29 07:11:00,07:11:00,91,
2026.07.29 07:12:00,07:12:00,77,
2026.07.29 07:13:00,07:13:00,85,
2026.07.29 07:14:00,07:14:00,90,
2026.07.29 07:15:00,07:15:00,85,
2026.07.29 07:16:00,07:16:00,82,
2026.07.29 07:17:00,07:17:00,84,
2026.07.29 07:18:00,07:18:00,85,
2026.07.29 07:19:00,07:19:00,82,
2026.07.29 07:20:00,07:20:00,81,
2026.07.29 07:21:00,07:21:00,80,
2026.07.29 07:22:00,07:22:00,85,
2026.07.29 07:23:00,07:23:00,78,
2026.07.29 07:24:00,07:24:00,84,
2026.07.29 07:25:00,07:25:00,79,
2026.07.29 07:26:00,07:26:00,82,
2026.07.29 07:27:00,07:27:00,81,
2026.07.29 07:28:00,07:28:00,77,
2026.07.29 07:29:00,07:29:00,82,
2026.07.29 07:30:00,07:30:00,82,
2026.07.29 07:31:00,07:31:00,87,
2026.07.29 07:32:00,07:32:00,82,
2026.07.29 07:33:00,07:33:00,81,
2026.07.29 07:34:00,07:34:00,74,
2026.07.29 07:35:00,07:35:00,88,
2026.07.29 07:36:00,07:36:00,78,
2026.07.29 07:37:00,07:37:00,84,
2026.07.29 07:38:00,07:38:00,80,
2026.07.29 07:39:00,07:39:00,87,
2026.07.29 07:40:00,07:40:00,80,
2026.07.29 07:41:00,07:41:00,79,
2026.07.29 07:42:00,07:42:00,80,
2026.07.29 07:43:00,07:43:00,80,
2026.07.29 07:44:00,07:44:00,82,
2026.07.29 07:45:00,07:45:00,82,
2026.07.29 07:46:00,07:46:00,79,
2026.07.29 07:47:00,07:47:00,80,
2026.07.29 07:48:00,07:48:00,78,
2026.07.29 07:49:00,07:49:00,87,
2026.07.29 07:50:00,07:50:00,80,
2026.07.29 07:51:00,07:51:00,78,
2026.07.29 07:52:00,07:52:00,85,
2026.07.29 07:53:00,07:53:00,81,
2026.07.29 07:54:00,07:54:00,81,
2026.07.29 07:55:00,07:55:00,73,
2026.07.29 07:56:00,07:56:00,77,
2026.07.29 07:57:00,07:57:00,81,
2026.07.29 07:58:00,07:58:00,81,
2026.07.29 07:59:00,07:59:00,81,
2026.07.29 08:00:00,08:00:00,77,
2026.07.29 08:01:00,08:01:00,84,
2026.07.29 08:02:00,08:02:00,82,
2026.07.29 08:03:00,08:03:00,85,
2026.07.29 08:04:00,08:04:00,85,
2026.07.29 08:05:00,08:05:00,83,
2026.07.29 08:06:00,08:06:00,78,
2026.07.29 08:07:00,08:07:00,88,
2026.07.29 08:08:00,08:08:00,76,
2026.07.29 08:09:00,08:09:00,83,
2026.07.29 08:10:00,08:10:00,74,
2026.07.29 08:11:00,08:11:00,76,
2026.07.29 08:12:00,08:12:00,80,
2026.07.29 08:13:00,08:13:00,76,
2026.07.29 08:14:00,08:14:00,78,
2026.07.29 08:15:00,08:15:00,77,
2026.07.29 08:16:00,08:16:00,77,
2026.07.29 08:17:00,08:17:00,75,
2026.07.29 08:18:00,08:18:00,72,
2026.07.29 08:19:00,08:19:00,76,
2026.07.29 08:20:00,08:20:00,87,
2026.07.29 08:21:00,08:21:00,89,
2026.07.29 08:22:00,08:22:00,79,
2026.07.29 08:23:00,08:23:00,81,
2026.07.29 08:24:00,08:24:00,89,
2026.07.29 08:25:00,08:25:00,86,
2026.07.29 08:26:00,08:26:00,86,
2026.07.29 08:27:00,08:27:00,83,
2026.07.29 08:28:00,08:28:00,79,
2026.07.29 08:29:00,08:29:00,79,
2026.07.29 08:30:00,08:30:00,83,
2026.07.29 08:31:00,08:31:00,79,
2026.07.29 08:32:00,08:32:00,86,
2026.07.29 08:33:00,08:33:00,84,
2026.07.29 08:34:00,08:34:00,82,
2026.07.29 08:35:00,08:35:00,76,
2026.07.29 08:36:00,08:36:00,82,
2026.07.29 08:37:00,08:37:00,81,
2026.07.29 08:38:00,08:38:00,78,
2026.07.29 08:39:00,08:39:00,84,
2026.07.29 08:40:00,08:40:00,81,
2026.07.29 08:41:00,08:41:00,77,
2026.07.29 08:42:00,08:42:00,80,
2026.07.29 08:43:00,08:43:00,85,
2026.07.29 08:44:00,08:44:00,85,
2026.07.29 08:45:00,08:45:00,80,
2026.07.29 08:46:00,08:46:00,76,
2026.07.29 08:47:00,08:47:00,80,
2026.07.29 08:48:00,08:48:00,81,
2026.07.29 08:49:00,08:49:00,81,
2026.07.29 08:50:00,08:50:00,88,
2026.07.29 08:51:00,08:51:00,84,
2026.07.29 08:52:00,08:52:00,83,
2026.07.29 08:53:00,08:53:00,86,
2026.07.29 08:54:00,08:54:00,87,
2026.07.29 08:55:00,08:55:00,86,
2026.07.29 08:56:00,08:56:00,84,
2026.07.29 08:57:00,08:57:00,89,
2026.07.29 08:58:00,08:58:00,85,
2026.07.29 08:59:00,08:59:00,85,
2026.07.29 09:00:00,09:00:00,82,
2026.07.29 09:01:00,09:01:00,86,
2026.07.29 09:02:00,09:02:00,82,
2026.07.29 09:03:00,09:03:00,88,
2026.07.29 09:04:00,09:04:00,85,
2026.07.29 09:05:00,09:05:00,80,
2026.07.29 09:06:00,09:06:00,80,
2026.07.29 09:07:00,09:07:00,80,
2026.07.29 09:08:00,09:08:00,81,
2026.07.29 09:09:00,09:09:00,85,
2026.07.29 09:10:00,09:10:00,81,
2026.07.29 09:11:00,09:11:00,84,
2026.07.29 09:12:00,09:12:00,88,
2026.07.29 09:13:00,09:13:00,93,
2026.07.29 09:14:00,09:14:00,79,
2026.07.29 09:15:00,09:15:00,83,
2026.07.29 09:16:00,09:16:00,88,
2026.07.29 09:17:00,09:17:00,88,
2026.07.29 09:18:00,09:18:00,86,
2026.07.29 09:19:00,09:19:00,85,
2026.07.29 09:20:00,09:20:00,90,
2026.07.29 09:21:00,09:21:00,91,
2026.07.29 09:22:00,09:22:00,88,
2026.07.29 09:23:00,09:23:00,84,
2026.07.29 09:24:00,09:24:00,89,
2026.07.29 09:25:00,09:25:00,104,
2026.07.29 09:26:00,09:26:00,96,
2026.07.29 09:27:00,09:27:00,83,
2026.07.29 09:28:00,09:28:00,90,
2026.07.29 09:29:00,09:29:00,90,
2026.07.29 09:30:00,09:30:00,98,
2026.07.29 09:31:00,09:31:00,91,
2026.07.29 09:32:00,09:32:00,86,
2026.07.29 09:33:00,09:33:00,92,
2026.07.29 09:34:00,09:34:00,86,
2026.07.29 09:35:00,09:35:00,92,
2026.07.29 09:36:00,09:36:00,98,
2026.07.29 09:37:00,09:37:00,86,
2026.07.29 09:38:00,09:38:00,87,
2026.07.29 09:39:00,09:39:00,86,
2026.07.29 09:40:00,09:40:00,101,
2026.07.29 09:41:00,09:41:00,93,
2026.07.29 09:42:00,09:42:00,101,
2026.07.29 09:43:00,09:43:00,90,
2026.07.29 09:44:00,09:44:00,94,
2026.07.29 09:45:00,09:45:00,94,
2026.07.29 09:46:00,09:46:00,92,
2026.07.29 09:47:00,09:47:00,92,
2026.07.29 09:48:00,09:48:00,95,
2026.07.29 09:49:00,09:49:00,95,
2026.07.29 09:50:00,09:50:00,93,
2026.07.29 09:51:00,09:51:00,88,
2026.07.29 09:52:00,09:52:00,96,
2026.07.29 09:53:00,09:53:00,91,
2026.07.29 09:54:00,09:54:00,91,
2026.07.29 09:55:00,09:55:00,95,
2026.07.29 09:56:00,09:56:00,98,
2026.07.29 09:57:00,09:57:00,96,
2026.07.29 09:58:00,09:58:00,105,
2026.07.29 09:59:00,09:59:00,92,
2026.07.29 10:00:00,10:00:00,97,
2026.07.29 10:01:00,10:01:00,93,
2026.07.29 10:02:00,10:02:00,90,
2026.07.29 10:03:00,10:03:00,93,
2026.07.29 10:04:00,10:04:00,93,
2026.07.29 10:05:00,10:05:00,88,
2026.07.29 10:06:00,10:06:00,89,
2026.07.29 10:07:00,10:07:00,96,
2026.07.29 10:08:00,10:08:00,103,
2026.07.29 10:09:00,10:09:00,97,
2026.07.29 10:10:00,10:10:00,107,
2026.07.29 10:11:00,10:11:00,109,
2026.07.29 10:12:00,10:12:00,109,
2026.07.29 10:13:00,10:13:00,97,
2026.07.29 10:14:00,10:14:00,94,
2026.07.29 10:15:00,10:15:00,87,
2026.07.29 10:16:00,10:16:00,86,
2026.07.29 10:17:00,10:17:00,91,
2026.07.29 10:18:00,10:18:00,109,
2026.07.29 10:19:00,10:19:00,92,
2026.07.29 10:20:00,10:20:00,104,
2026.07.29 10:21:00,10:21:00,101,
2026.07.29 10:22:00,10:22:00,106,
2026.07.29 10:23:00,10:23:00,103,
2026.07.29 10:24:00,10:24:00,94,
2026.07.29 10:25:00,10:25:00,95,
2026.07.29 10:26:00,10:26:00,88,
2026.07.29 10:27:00,10:27:00,95,
2026.07.29 10:28:00,10:28:00,95,
2026.07.29 10:29:00,10:29:00,94,
2026.07.29 10:30:00,10:30:00,94,
2026.07.29 10:31:00,10:31:00,95,
2026.07.29 10:32:00,10:32:00,92,
2026.07.29 10:33:00,10:33:00,100,
2026.07.29 10:34:00,10:34:00,101,
2026.07.29 10:35:00,10:35:00,98,
2026.07.29 10:36:00,10:36:00,106,
2026.07.29 10:37:00,10:37:00,100,
2026.07.29 10:38:00,10:38:00,101,
2026.07.29 10:39:00,10:39:00,102,
2026.07.29 10:40:00,10:40:00,94,
2026.07.29 10:41:00,10:41:00,94,
2026.07.29 10:42:00,10:42:00,107,
2026.07.29 10:43:00,10:43:00,114,
2026.07.29 10:44:00,10:44:00,115,
2026.07.29 10:45:00,10:45:00,100,
2026.07.29 10:46:00,10:46:00,112,
2026.07.29 10:47:00,10:47:00,99,
2026.07.29 10:48:00,10:48:00,103,
2026.07.29 10:49:00,10:49:00,91,
2026.07.29 10:50:00,10:50:00,95,
2026.07.29 10:51:00,10:51:00,94,
2026.07.29 10:52:00,10:52:00,104,
2026.07.29 10:53:00,10:53:00,107,
2026.07.29 10:54:00,10:54:00,106,
2026.07.29 10:55:00,10:55:00,128,
2026.07.29 10:56:00,10:56:00,136,
2026.07.29 10:57:00,10:57:00,145,
2026.07.29 10:58:00,10:58:00,125,
2026.07.29 10:59:00,10:59:00,116,
2026.07.29 11:00:00,11:00:00,122,
2026.07.29 11:01:00,11:01:00,111,
2026.07.29 11:02:00,11:02:00,120,
2026.07.29 11:03:00,11:03:00,130,
2026.07.29 11:04:00,11:04:00,110,
2026.07.29 11:05:00,11:05:00,119,
2026.07.29 11:06:00,11:06:00,116,
2026.07.29 11:07:00,11:07:00,114,
2026.07.29 11:08:00,11:08:00,131,
2026.07.29 11:09:00,11:09:00,142,
2026.07.29 11:10:00,11:10:00,137,
2026.07.29 11:11:00,11:11:00,128,
2026.07.29 11:12:00,11:12:00,132,
2026.07.29 11:13:00,11:13:00,135,
2026.07.29 11:14:00,11:14:00,138,
2026.07.29 11:15:00,11:15:00,132,
2026.07.29 11:16:00,11:16:00,139,
2026.07.29 11:17:00,11:17:00,139,
2026.07.29 11:18:00,11:18:00,128,
2026.07.29 11:19:00,11:19:00,125,
2026.07.29 11:20:00,11:20:00,128,
2026.07.29 11:21:00,11:21:00,132,
2026.07.29 11:22:00,11:22:00,135,
2026.07.29 11:23:00,11:23:00,137,
2026.07.29 11:24:00,11:24:00,132,
2026.07.29 11:25:00,11:25:00,134,
2026.07.29 11:26:00,11:26:00,130,
2026.07.29 11:27:00,11:27:00,122,
2026.07.29 11:28:00,11:28:00,117,
2026.07.29 11:29:00,11:29:00,118,
2026.07.29 11:30:00,11:30:00,121,
2026.07.29 11:31:00,11:31:00,122,
2026.07.29 11:32:00,11:32:00,124,
2026.07.29 11:33:00,11:33:00,122,
2026.07.29 11:34:00,11:34:00,118,
2026.07.29 11:35:00,11:35:00,127,
2026.07.29 11:36:00,11:36:00,129,
2026.07.29 11:37:00,11:37:00,123,
2026.07.29 11:38:00,11:38:00,121,
2026.07.29 11:39:00,11:39:00,123,
2026.07.29 11:40:00,11:40:00,119,
2026.07.29 11:41:00,11:41:00,120,
2026.07.29 11:42:00,11:42:00,119,
2026.07.29 11:43:00,11:43:00,121,
2026.07.29 11:44:00,11:44:00,125,
2026.07.29 11:45:00,11:45:00,124,
2026.07.29 11:46:00,11:46:00,122,
2026.07.29 11:47:00,11:47:00,122,
2026.07.29 11:48:00,11:48:00,124,
2026.07.29 11:49:00,11:49:00,132,
2026.07.29 11:50:00,11:50:00,119,
2026.07.29 11:51:00,11:51:00,128,
2026.07.29 11:52:00,11:52:00,128,
2026.07.29 11:53:00,11:53:00,121,
2026.07.29 11:54:00,11:54:00,122,
2026.07.29 11:55:00,11:55:00,123,
2026.07.29 11:56:00,11:56:00,120,
2026.07.29 11:57:00,11:57:00,120,
2026.07.29 11:58:00,11:58:00,116,
2026.07.29 11:59:00,11:59:00,115,
2026.07.29 12:00:00,12:00:00,113,
2026.07.29 12:01:00,12:01:00,114,
2026.07.29 12:02:00,12:02:00,117,
2026.07.29 12:03:00,12:03:00,134,
2026.07.29 12:04:00,12:04:00,129,
2026.07.29 12:05:00,12:05:00,131,
2026.07.29 12:06:00,12:06:00,129,
2026.07.29 12:07:00,12:07:00,109,
2026.07.29 12:08:00,12:08:00,111,
2026.07.29 12:09:00,12:09:00,95,
2026.07.29 12:10:00,12:10:00,105,
2026.07.29 12:11:00,12:11:00,109,
2026.07.29 12:12:00,12:12:00,108,
2026.07.29 12:13:00,12:13:00,122,
2026.07.29 12:14:00,12:14:00,124,
2026.07.29 12:15:00,12:15:00,121,
2026.07.29 12:16:00,12:16:00,122,
2026.07.29 12:17:00,12:17:00,134,
2026.07.29 12:18:00,12:18:00,131,
2026.07.29 12:19:00,12:19:00,125,
2026.07.29 12:20:00,12:20:00,120,
2026.07.29 12:21:00,12:21:00,127,
2026.07.29 12:22:00,12:22:00,123,
2026.07.29 12:23:00,12:23:00,121,
2026.07.29 12:24:00,12:24:00,138,
2026.07.29 12:25:00,12:25:00,131,
2026.07.29 12:26:00,12:26:00,126,
2026.07.29 12:27:00,12:27:00,141,
2026.07.29 12:28:00,12:28:00,135,
2026.07.29 12:29:00,12:29:00,139,
2026.07.29 12:30:00,12:30:00,109,
2026.07.29 12:31:00,12:31:00,107,
2026.07.29 12:32:00,12:32:00,114,
2026.07.29 12:33:00,12:33:00,107,
2026.07.29 12:34:00,12:34:00,131,
2026.07.29 12:35:00,12:35:00,138,
2026.07.29 12:36:00,12:36:00,139,
2026.07.29 12:37:00,12:37:00,120,
2026.07.29 12:38:00,12:38:00,124,
2026.07.29 12:39:00,12:39:00,136,
2026.07.29 12:40:00,12:40:00,136,
2026.07.29 12:41:00,12:41:00,133,
2026.07.29 12:42:00,12:42:00,129,
2026.07.29 12:43:00,12:43:00,138,
2026.07.29 12:44:00,12:44:00,137,
2026.07.29 12:45:00,12:45:00,149,
2026.07.29 12:46:00,12:46:00,151,
2026.07.29 12:47:00,12:47:00,147,
2026.07.29 12:48:00,12:48:00,152,
2026.07.29 12:49:00,12:49:00,116,
2026.07.29 12:50:00,12:50:00,136,
2026.07.29 12:51:00,12:51:00,154,
2026.07.29 12:52:00,12:52:00,155,
2026.07.29 12:53:00,12:53:00,134,
2026.07.29 12:54:00,12:54:00,159,
2026.07.29 12:55:00,12:55:00,160,
2026.07.29 12:56:00,12:56:00,150,
2026.07.29 12:57:00,12:57:00,147,
2026.07.29 12:58:00,12:58:00,118,
2026.07.29 12:59:00,12:59:00,112,
2026.07.29 13:00:00,13:00:00,112,
2026.07.29 13:01:00,13:01:00,110,
2026.07.29 13:02:00,13:02:00,129,
2026.07.29 13:03:00,13:03:00,151,
2026.07.29 13:04:00,13:04:00,136,
2026.07.29 13:05:00,13:05:00,137,
2026.07.29 13:06:00,13:06:00,149,
2026.07.29 13:07:00,13:07:00,149,
2026.07.29 13:08:00,13:08:00,163,
2026.07.29 13:09:00,13:09:00,113,
2026.07.29 13:10:00,13:10:00,125,
2026.07.29 13:11:00,13:11:00,115,
2026.07.29 13:12:00,13:12:00,114,
2026.07.29 13:13:00,13:13:00,128,
2026.07.29 13:14:00,13:14:00,146,
2026.07.29 13:15:00,13:15:00,147,
2026.07.29 13:16:00,13:16:00,146,
2026.07.29 13:17:00,13:17:00,139,
2026.07.29 13:18:00,13:18:00,146,
2026.07.29 13:19:00,13:19:00,150,
2026.07.29 13:20:00,13:20:00,149,
2026.07.29 13:21:00,13:21:00,112,
2026.07.29 13:22:00,13:22:00,114,
2026.07.29 13:23:00,13:23:00,108,
2026.07.29 13:24:00,13:24:00,131,
2026.07.29 13:25:00,13:25:00,143,
2026.07.29 13:26:00,13:26:00,150,
2026.07.29 13:27:00,13:27:00,150,
2026.07.29 13:28:00,13:28:00,149,
2026.07.29 13:29:00,13:29:00,153,
2026.07.29 13:30:00,13:30:00,147,
2026.07.29 13:31:00,13:31:00,134,
2026.07.29 13:32:00,13:32:00,131,
2026.07.29 13:33:00,13:33:00,121,
2026.07.29 13:34:00,13:34:00,123,
2026.07.29 13:35:00,13:35:00,111,
2026.07.29 13:36:00,13:36:00,108,
2026.07.29 13:37:00,13:37:00,115,
2026.07.29 13:38:00,13:38:00,131,
2026.07.29 13:39:00,13:39:00,131,
2026.07.29 13:40:00,13:40:00,141,
2026.07.29 13:41:00,13:41:00,124,
2026.07.29 13:42:00,13:42:00,133,
2026.07.29 13:43:00,13:43:00,141,
2026.07.29 13:44:00,13:44:00,148,
2026.07.29 13:45:00,13:45:00,132,
2026.07.29 13:46:00,13:46:00,123,
2026.07.29 13:47:00,13:47:00,135,
2026.07.29 13:48:00,13:48:00,128,
2026.07.29 13:49:00,13:49:00,121,
2026.07.29 13:50:00,13:50:00,108,
2026.07.29 13:51:00,13:51:00,112,
2026.07.29 13:52:00,13:52:00,111,
2026.07.29 13:53:00,13:53:00,111,
2026.07.29 13:54:00,13:54:00,108,
2026.07.29 13:55:00,13:55:00,111,
2026.07.29 13:56:00,13:56:00,106,
2026.07.29 13:57:00,13:57:00,108,
2026.07.29 13:58:00,13:58:00,103,
2026.07.29 13:59:00,13:59:00,104,
2026.07.29 14:00:00,14:00:00,105,
2026.07.29 14:01:00,14:01:00,113,
2026.07.29 14:02:00,14:02:00,110,
2026.07.29 14:03:00,14:03:00,113,
2026.07.29 14:04:00,14:04:00,116,
2026.07.29 14:05:00,14:05:00,118,
2026.07.29 14:06:00,14:06:00,111,
2026.07.29 14:07:00,14:07:00,122,
2026.07.29 14:08:00,14:08:00,121,
2026.07.29 14:09:00,14:09:00,120,
2026.07.29 14:10:00,14:10:00,122,
2026.07.29 14:11:00,14:11:00,122,
2026.07.29 14:12:00,14:12:00,129,
2026.07.29 14:13:00,14:13:00,129,
2026.07.29 14:14:00,14:14:00,124,
2026.07.29 14:15:00,14:15:00,126,
2026.07.29 14:16:00,14:16:00,131,
2026.07.29 14:17:00,14:17:00,127,
2026.07.29 14:18:00,14:18:00,131,
2026.07.29 14:19:00,14:19:00,131,
2026.07.29 14:20:00,14:20:00,126,
2026.07.29 14:21:00,14:21:00,136,
2026.07.29 14:22:00,14:22:00,130,
2026.07.29 14:23:00,14:23:00,135,
2026.07.29 14:24:00,14:24:00,137,
2026.07.29 14:25:00,14:25:00,136,
2026.07.29 14:26:00,14:26:00,133,
2026.07.29 14:27:00,14:27:00,134,
2026.07.29 14:28:00,14:28:00,129,
2026.07.29 14:29:00,14:29:00,132,
2026.07.29 14:30:00,14:30:00,149,
2026.07.29 14:31:00,14:31:00,148,
2026.07.29 14:32:00,14:32:00,140,
2026.07.29 14:33:00,14:33:00,146,
2026.07.29 14:34:00,14:34:00,137,
2026.07.29 14:35:00,14:35:00,136,
2026.07.29 14:36:00,14:36:00,130,
2026.07.29 14:37:00,14:37:00,134,
2026.07.29 14:38:00,14:38:00,144,
2026.07.29 14:39:00,14:39:00,138,
2026.07.29 14:40:00,14:40:00,128,
2026.07.29 14:41:00,14:41:00,136,
2026.07.29 14:42:00,14:42:00,137,
2026.07.29 14:43:00,14:43:00,136,
2026.07.29 14:44:00,14:44:00,136,
2026.07.29 14:45:00,14:45:00,143,
2026.07.29 14:46:00,14:46:00,138,
2026.07.29 14:47:00,14:47:00,147,
2026.07.29 14:48:00,14:48:00,142,
2026.07.29 14:49:00,14:49:00,122,
2026.07.29 14:50:00,14:50:00,136,
2026.07.29 14:51:00,14:51:00,143,
2026.07.29 14:52:00,14:52:00,132,
2026.07.29 14:53:00,14:53:00,149,
2026.07.29 14:54:00,14:54:00,139,
2026.07.29 14:55:00,14:55:00,137,
2026.07.29 14:56:00,14:56:00,137,
2026.07.29 14:57:00,14:57:00,147,
2026.07.29 14:58:00,14:58:00,119,
2026.07.29 14:59:00,14:59:00,135,
2026.07.29 15:00:00,15:00:00,133,
2026.07.29 15:01:00,15:01:00,130,
2026.07.29 15:02:00,15:02:00,133,
2026.07.29 15:03:00,15:03:00,130,
2026.07.29 15:04:00,15:04:00,140,
2026.07.29 15:05:00,15:05:00,142,
2026.07.29 15:06:00,15:06:00,136,
2026.07.29 15:07:00,15:07:00,140,
2026.07.29 15:08:00,15:08:00,138,
2026.07.29 15:09:00,15:09:00,129,
2026.07.29 15:10:00,15:10:00,134,
2026.07.29 15:11:00,15:11:00,127,
2026.07.29 15:12:00,15:12:00,127,
2026.07.29 15:13:00,15:13:00,130,
2026.07.29 15:14:00,15:14:00,131,
2026.07.29 15:15:00,15:15:00,128,
2026.07.29 15:16:00,15:16:00,127,
2026.07.29 15:17:00,15:17:00,130,
2026.07.29 15:18:00,15:18:00,125,
2026.07.29 15:19:00,15:19:00,112,
2026.07.29 15:20:00,15:20:00,125,
2026.07.29 15:21:00,15:21:00,115,
2026.07.29 15:22:00,15:22:00,119,
2026.07.29 15:23:00,15:23:00,117,
2026.07.29 15:24:00,15:24:00,120,
2026.07.29 15:25:00,15:25:00,119,
2026.07.29 15:26:00,15:26:00,125,
2026.07.29 15:27:00,15:27:00,129,
2026.07.29 15:28:00,15:28:00,142,
2026.07.29 15:29:00,15:29:00,141,
2026.07.29 15:30:00,15:30:00,130,
2026.07.29 15:31:00,15:31:00,131,
2026.07.29 15:32:00,15:32:00,130,
2026.07.29 15:33:00,15:33:00,127,
2026.07.29 15:34:00,15:34:00,149,
2026.07.29 15:35:00,15:35:00,148,
2026.07.29 15:36:00,15:36:00,148,
2026.07.29 15:37:00,15:37:00,140,
2026.07.29 15:38:00,15:38:00,133,
2026.07.29 15:39:00,15:39:00,139,
2026.07.29 15:40:00,15:40:00,141,
2026.07.29 15:41:00,15:41:00,136,
2026.07.29 15:42:00,15:42:00,131,
2026.07.29 15:43:00,15:43:00,135,
2026.07.29 15:44:00,15:44:00,134,
2026.07.29 15:45:00,15:45:00,127,
2026.07.29 15:46:00,15:46:00,131,
2026.07.29 15:47:00,15:47:00,127,
2026.07.29 15:48:00,15:48:00,127,
2026.07.29 15:49:00,15:49:00,116,
2026.07.29 15:50:00,15:50:00,132,
2026.07.29 15:51:00,15:51:00,129,
2026.07.29 15:52:00,15:52:00,125,
2026.07.29 15:53:00,15:53:00,134,
2026.07.29 15:54:00,15:54:00,127,
2026.07.29 15:55:00,15:55:00,128,
2026.07.29 15:56:00,15:56:00,130,
2026.07.29 15:57:00,15:57:00,131,
2026.07.29 15:58:00,15:58:00,125,
2026.07.29 15:59:00,15:59:00,128,
2026.07.29 16:00:00,16:00:00,127,
2026.07.29 16:01:00,16:01:00,125,
2026.07.29 16:02:00,16:02:00,124,
2026.07.29 16:03:00,16:03:00,122,
2026.07.29 16:04:00,16:04:00,124,
2026.07.29 16:05:00,16:05:00,121,
2026.07.29 16:06:00,16:06:00,117,
2026.07.29 16:07:00,16:07:00,124,
2026.07.29 16:08:00,16:08:00,121,
2026.07.29 16:09:00,16:09:00,118,
2026.07.29 16:10:00,16:10:00,118,
2026.07.29 16:11:00,16:11:00,129,
2026.07.29 16:12:00,16:12:00,120,
2026.07.29 16:13:00,16:13:00,121,
2026.07.29 16:14:00,16:14:00,117,
2026.07.29 16:15:00,16:15:00,116,
2026.07.29 16:16:00,16:16:00,122,
2026.07.29 16:17:00,16:17:00,119,
2026.07.29 16:18:00,16:18:00,116,
2026.07.29 16:19:00,16:19:00,121,
2026.07.29 16:20:00,16:20:00,121,
2026.07.29 16:21:00,16:21:00,127,
2026.07.29 16:22:00,16:22:00,118,
2026.07.29 16:23:00,16:23:00,121,
2026.07.29 16:24:00,16:24:00,119,
2026.07.29 16:25:00,16:25:00,125,
2026.07.29 16:26:00,16:26:00,124,
2026.07.29 16:27:00,16:27:00,125,
2026.07.29 16:28:00,16:28:00,122,
2026.07.29 16:29:00,16:29:00,127,
2026.07.29 16:30:00,16:30:00,126,
2026.07.29 16:31:00,16:31:00,117,
2026.07.29 16:32:00,16:32:00,120,
2026.07.29 16:33:00,16:33:00,126,
2026.07.29 16:34:00,16:34:00,124,
2026.07.29 16:35:00,16:35:00,123,
2026.07.29 16:36:00,16:36:00,124,
2026.07.29 16:37:00,16:37:00,123,
2026.07.29 16:38:00,16:38:00,124,
2026.07.29 16:39:00,16:39:00,122,
2026.07.29 16:40:00,16:40:00,123,
2026.07.29 16:41:00,16:41:00,127,
2026.07.29 16:42:00,16:42:00,115,
2026.07.29 16:43:00,16:43:00,110,
2026.07.29 16:44:00,16:44:00,110,
2026.07.29 16:45:00,16:45:00,102,
2026.07.29 16:46:00,16:46:00,105,
2026.07.29 16:47:00,16:47:00,107,
2026.07.29 16:48:00,16:48:00,113,
2026.07.29 16:49:00,16:49:00,110,
2026.07.29 16:50:00,16:50:00,111,
2026.07.29 16:51:00,16:51:00,105,
2026.07.29 16:52:00,16:52:00,109,
2026.07.29 16:53:00,16:53:00,112,
2026.07.29 16:54:00,16:54:00,98,
2026.07.29 16:55:00,16:55:00,107,
2026.07.29 16:56:00,16:56:00,110,
2026.07.29 16:57:00,16:57:00,107,
2026.07.29 16:58:00,16:58:00,108,
2026.07.29 16:59:00,16:59:00,111,
2026.07.29 17:00:00,17:00:00,106,
2026.07.29 17:01:00,17:01:00,101,
2026.07.29 17:02:00,17:02:00,110,
2026.07.29 17:03:00,17:03:00,103,
2026.07.29 17:04:00,17:04:00,107,
2026.07.29 17:05:00,17:05:00,106,
2026.07.29 17:06:00,17:06:00,100,
2026.07.29 17:07:00,17:07:00,103,
2026.07.29 17:08:00,17:08:00,106,
2026.07.29 17:09:00,17:09:00,103,
2026.07.29 17:10:00,17:10:00,106,
2026.07.29 17:11:00,17:11:00,106,
2026.07.29 17:12:00,17:12:00,118,
2026.07.29 17:13:00,17:13:00,111,
2026.07.29 17:14:00,17:14:00,109,
2026.07.29 17:15:00,17:15:00,107,
2026.07.29 17:16:00,17:16:00,109,
2026.07.29 17:17:00,17:17:00,106,
2026.07.29 17:18:00,17:18:00,105,
2026.07.29 17:19:00,17:19:00,108,
2026.07.29 17:20:00,17:20:00,105,
2026.07.29 17:21:00,17:21:00,111,
2026.07.29 17:22:00,17:22:00,116,
2026.07.29 17:23:00,17:23:00,124,
2026.07.29 17:24:00,17:24:00,107,
2026.07.29 17:25:00,17:25:00,106,
2026.07.29 17:26:00,17:26:00,103,
2026.07.29 17:27:00,17:27:00,108,
2026.07.29 17:28:00,17:28:00,112,
2026.07.29 17:29:00,17:29:00,113,
2026.07.29 17:30:00,17:30:00,111,
2026.07.29 17:31:00,17:31:00,108,
2026.07.29 17:32:00,17:32:00,107,
2026.07.29 17:33:00,17:33:00,103,
2026.07.29 17:34:00,17:34:00,108,
2026.07.29 17:35:00,17:35:00,112,
2026.07.29 17:36:00,17:36:00,112,
2026.07.29 17:37:00,17:37:00,107,
2026.07.29 17:38:00,17:38:00,107,
2026.07.29 17:39:00,17:39:00,109,
2026.07.29 17:40:00,17:40:00,108,
2026.07.29 17:41:00,17:41:00,104,
2026.07.29 17:42:00,17:42:00,105,
2026.07.29 17:43:00,17:43:00,104,
2026.07.29 17:44:00,17:44:00,116,
2026.07.29 17:45:00,17:45:00,106,
2026.07.29 17:46:00,17:46:00,107,
2026.07.29 17:47:00,17:47:00,120,
2026.07.29 17:48:00,17:48:00,108,
2026.07.29 17:49:00,17:49:00,104,
2026.07.29 17:50:00,17:50:00,109,
2026.07.29 17:51:00,17:51:00,107,
2026.07.29 17:52:00,17:52:00,116,
2026.07.29 17:53:00,17:53:00,110,
2026.07.29 17:54:00,17:54:00,106,
2026.07.29 17:55:00,17:55:00,102,
2026.07.29 17:56:00,17:56:00,101,
2026.07.29 17:57:00,17:57:00,105,
2026.07.29 17:58:00,17:58:00,103,
2026.07.29 17:59:00,17:59:00,100,
2026.07.29 18:00:00,18:00:00,104,
2026.07.29 18:01:00,18:01:00,108,
2026.07.29 18:02:00,18:02:00,107,
2026.07.29 18:03:00,18:03:00,110,
2026.07.29 18:04:00,18:04:00,104,
2026.07.29 18:05:00,18:05:00,104,
2026.07.29 18:06:00,18:06:00,104,
2026.07.29 18:07:00,18:07:00,103,
2026.07.29 18:08:00,18:08:00,102,
2026.07.29 18:09:00,18:09:00,102,
2026.07.29 18:10:00,18:10:00,101,
2026.07.29 18:11:00,18:11:00,101,
2026.07.29 18:12:00,18:12:00,100,
2026.07.29 18:13:00,18:13:00,95,
2026.07.29 18:14:00,18:14:00,103,
2026.07.29 18:15:00,18:15:00,101,
2026.07.29 18:16:00,18:16:00,96,
2026.07.29 18:17:00,18:17:00,96,
2026.07.29 18:18:00,18:18:00,100,
2026.07.29 18:19:00,18:19:00,107,
2026.07.29 18:20:00,18:20:00,111,
2026.07.29 18:21:00,18:21:00,114,
2026.07.29 18:22:00,18:22:00,108,
2026.07.29 18:23:00,18:23:00,112,
2026.07.29 18:24:00,18:24:00,114,
2026.07.29 18:25:00,18:25:00,111,
2026.07.29 18:26:00,18:26:00,113,
2026.07.29 18:27:00,18:27:00,118,
2026.07.29 18:28:00,18:28:00,110,
2026.07.29 18:29:00,18:29:00,107,
2026.07.29 18:30:00,18:30:00,110,
2026.07.29 18:31:00,18:31:00,103,
2026.07.29 18:32:00,18:32:00,109,
2026.07.29 18:33:00,18:33:00,120,
2026.07.29 18:34:00,18:34:00,117,
2026.07.29 18:35:00,18:35:00,118,
2026.07.29 18:36:00,18:36:00,120,
2026.07.29 18:37:00,18:37:00,120,
2026.07.29 18:38:00,18:38:00,106,
2026.07.29 18:39:00,18:39:00,104,
2026.07.29 18:40:00,18:40:00,100,
2026.07.29 18:41:00,18:41:00,104,
2026.07.29 18:42:00,18:42:00,103,
2026.07.29 18:43:00,18:43:00,102,
2026.07.29 18:44:00,18:44:00,99,
2026.07.29 18:45:00,18:45:00,89,
2026.07.29 18:46:00,18:46:00,94,
2026.07.29 18:47:00,18:47:00,94,
2026.07.29 18:48:00,18:48:00,100,
2026.07.29 18:49:00,18:49:00,100,
2026.07.29 18:50:00,18:50:00,94,
2026.07.29 18:51:00,18:51:00,95,
2026.07.29 18:52:00,18:52:00,92,
2026.07.29 18:53:00,18:53:00,93,
2026.07.29 18:54:00,18:54:00,94,
2026.07.29 18:55:00,18:55:00,89,
2026.07.29 18:56:00,18:56:00,91,
2026.07.29 18:57:00,18:57:00,90,
2026.07.29 18:58:00,18:58:00,94,
2026.07.29 18:59:00,18:59:00,95,
2026.07.29 19:00:00,19:00:00,90,
2026.07.29 19:01:00,19:01:00,89,
2026.07.29 19:02:00,19:02:00,95,
2026.07.29 19:03:00,19:03:00,94,
2026.07.29 19:04:00,19:04:00,95,
2026.07.29 19:05:00,19:05:00,96,
2026.07.29 19:06:00,19:06:00,98,
2026.07.29 19:07:00,19:07:00,95,
2026.07.29 19:08:00,19:08:00,99,
2026.07.29 19:09:00,19:09:00,93,
2026.07.29 19:10:00,19:10:00,90,
2026.07.29 19:11:00,19:11:00,93,
2026.07.29 19:12:00,19:12:00,93,
2026.07.29 19:13:00,19:13:00,95,
2026.07.29 19:14:00,19:14:00,100,
2026.07.29 19:15:00,19:15:00,95,
2026.07.29 19:16:00,19:16:00,94,
2026.07.29 19:17:00,19:17:00,96,
2026.07.29 19:18:00,19:18:00,97,
2026.07.29 19:19:00,19:19:00,95,
2026.07.29 19:20:00,19:20:00,91,
2026.07.29 19:21:00,19:21:00,108,
2026.07.29 19:22:00,19:22:00,96,
2026.07.29 19:23:00,19:23:00,90,
2026.07.29 19:24:00,19:24:00,89,
2026.07.29 19:25:00,19:25:00,93,
2026.07.29 19:26:00,19:26:00,86,
2026.07.29 19:27:00,19:27:00,91,
2026.07.29 19:28:00,19:28:00,90,
2026.07.29 19:29:00,19:29:00,95,
2026.07.29 19:30:00,19:30:00,89,
2026.07.29 19:31:00,19:31:00,89,
2026.07.29 19:32:00,19:32:00,92,
2026.07.29 19:33:00,19:33:00,97,
2026.07.29 19:34:00,19:34:00,93,
2026.07.29 19:35:00,19:35:00,96,
2026.07.29 19:36:00,19:36:00,91,
2026.07.29 19:37:00,19:37:00,93,
2026.07.29 19:38:00,19:38:00,89,
2026.07.29 19:39:00,19:39:00,95,
2026.07.29 19:40:00,19:40:00,94,
2026.07.29 19:41:00,19:41:00,94,
2026.07.29 19:42:00,19:42:00,92,
2026.07.29 19:43:00,19:43:00,95,
2026.07.29 19:44:00,19:44:00,90,
2026.07.29 19:45:00,19:45:00,94,
2026.07.29 19:46:00,19:46:00,89,
2026.07.29 19:47:00,19:47:00,89,
2026.07.29 19:48:00,19:48:00,91,
2026.07.29 19:49:00,19:49:00,89,
2026.07.29 19:50:00,19:50:00,91,
2026.07.29 19:51:00,19:51:00,103,
2026.07.29 19:52:00,19:52:00,107,
2026.07.29 19:53:00,19:53:00,92,
2026.07.29 19:54:00,19:54:00,91,
2026.07.29 19:55:00,19:55:00,86,
2026.07.29 19:56:00,19:56:00,89,
2026.07.29 19:57:00,19:57:00,91,
2026.07.29 19:58:00,19:58:00,89,
2026.07.29 19:59:00,19:59:00,84,
2026.07.29 20:00:00,20:00:00,90,
2026.07.29 20:01:00,20:01:00,89,
2026.07.29 20:02:00,20:02:00,91,
2026.07.29 20:03:00,20:03:00,94,
2026.07.29 20:04:00,20:04:00,89,
2026.07.29 20:05:00,20:05:00,89,
2026.07.29 20:06:00,20:06:00,94,
2026.07.29 20:07:00,20:07:00,86,
2026.07.29 20:08:00,20:08:00,94,
2026.07.29 20:09:00,20:09:00,89,
2026.07.29 20:10:00,20:10:00,87,
2026.07.29 20:11:00,20:11:00,90,
2026.07.29 20:12:00,20:12:00,81,
2026.07.29 20:13:00,20:13:00,89,
2026.07.29 20:14:00,20:14:00,86,
2026.07.29 20:15:00,20:15:00,84,
2026.07.29 20:16:00,20:16:00,88,
2026.07.29 20:17:00,20:17:00,91,
2026.07.29 20:18:00,20:18:00,89,
2026.07.29 20:19:00,20:19:00,95,
2026.07.29 20:20:00,20:20:00,87,
2026.07.29 20:21:00,20:21:00,85,
2026.07.29 20:22:00,20:22:00,88,
2026.07.29 20:23:00,20:23:00,88,
2026.07.29 20:24:00,20:24:00,87,
2026.07.29 20:25:00,20:25:00,89,
2026.07.29 20:26:00,20:26:00,80,
2026.07.29 20:27:00,20:27:00,90,
2026.07.29 20:28:00,20:28:00,86,
2026.07.29 20:29:00,20:29:00,85,
2026.07.29 20:30:00,20:30:00,82,
2026.07.29 20:31:00,20:31:00,86,
2026.07.29 20:32:00,20:32:00,89,
2026.07.29 20:33:00,20:33:00,86,
2026.07.29 20:34:00,20:34:00,90,
2026.07.29 20:35:00,20:35:00,87,
2026.07.29 20:36:00,20:36:00,84,
2026.07.29 20:37:00,20:37:00,89,
2026.07.29 20:38:00,20:38:00,82,
2026.07.29 20:39:00,20:39:00,83,
2026.07.29 20:40:00,20:40:00,84,
2026.07.29 20:41:00,20:41:00,89,
2026.07.29 20:42:00,20:42:00,85,
2026.07.29 20:43:00,20:43:00,86,
2026.07.29 20:44:00,20:44:00,84,
2026.07.29 20:45:00,20:45:00,86,
2026.07.29 20:46:00,20:46:00,91,
2026.07.29 20:47:00,20:47:00,92,
2026.07.29 20:48:00,20:48:00,88,
2026.07.29 20:49:00,20:49:00,89,
2026.07.29 20:50:00,20:50:00,92,
2026.07.29 20:51:00,20:51:00,89,
2026.07.29 20:52:00,20:52:00,104,
2026.07.29 20:53:00,20:53:00,108,
2026.07.29 20:54:00,20:54:00,113,
2026.07.29 20:55:00,20:55:00,116,
2026.07.29 20:56:00,20:56:00,95,
2026.07.29 20:57:00,20:57:00,90,
2026.07.29 20:58:00,20:58:00,100,
2026.07.29 20:59:00,20:59:00,94,
2026.07.29 21:00:00,21:00:00,94,
2026.07.29 21:01:00,21:01:00,89,
2026.07.29 21:02:00,21:02:00,94,
2026.07.29 21:03:00,21:03:00,92,
2026.07.29 21:04:00,21:04:00,92,
2026.07.29 21:05:00,21:05:00,94,
2026.07.29 21:06:00,21:06:00,100,
2026.07.29 21:07:00,21:07:00,94,
2026.07.29 21:08:00,21:08:00,92,
2026.07.29 21:09:00,21:09:00,93,
2026.07.29 21:10:00,21:10:00,89,
2026.07.29 21:11:00,21:11:00,93,
2026.07.29 21:12:00,21:12:00,88,
2026.07.29 21:13:00,21:13:00,87,
2026.07.29 21:14:00,21:14:00,93,
2026.07.29 21:15:00,21:15:00,92,
2026.07.29 21:16:00,21:16:00,85,
2026.07.29 21:17:00,21:17:00,83,
2026.07.29 21:18:00,21:18:00,87,
2026.07.29 21:19:00,21:19:00,93,
2026.07.29 21:20:00,21:20:00,110,
2026.07.29 21:21:00,21:21:00,94,
2026.07.29 21:22:00,21:22:00,87,
2026.07.29 21:23:00,21:23:00,87,
2026.07.29 21:24:00,21:24:00,112,
2026.07.29 21:25:00,21:25:00,105,
2026.07.29 21:26:00,21:26:00,101,
2026.07.29 21:27:00,21:27:00,105,
2026.07.29 21:28:00,21:28:00,101,
2026.07.29 21:29:00,21:29:00,104,
2026.07.29 21:30:00,21:30:00,85,
2026.07.29 21:31:00,21:31:00,82,
2026.07.29 21:32:00,21:32:00,85,
2026.07.29 21:33:00,21:33:00,89,
2026.07.29 21:34:00,21:34:00,102,
2026.07.29 21:35:00,21:35:00,116,
2026.07.29 21:36:00,21:36:00,94,
2026.07.29 21:37:00,21:37:00,94,
2026.07.29 21:38:00,21:38:00,93,
2026.07.29 21:39:00,21:39:00,94,
2026.07.29 21:53:00,21:53:00,89,
2026.07.29 21:54:00,21:54:00,86,
2026.07.29 21:55:00,21:55:00,82,
2026.07.29 21:56:00,21:56:00,87,
2026.07.29 21:57:00,21:57:00,77,
2026.07.29 21:58:00,21:58:00,86,
2026.07.29 21:59:00,21:59:00,90,
2026.07.29 22:00:00,22:00:00,73,
2026.07.29 22:01:00,22:01:00,75,
2026.07.29 22:02:00,22:02:00,72,
2026.07.29 22:03:00,22:03:00,76,
2026.07.29 22:04:00,22:04:00,71,
2026.07.29 22:05:00,22:05:00,71,
2026.07.29 22:06:00,22:06:00,73,
2026.07.29 22:07:00,22:07:00,74,
2026.07.29 22:08:00,22:08:00,75,
2026.07.29 22:09:00,22:09:00,72,
2026.07.29 22:10:00,22:10:00,70,
2026.07.29 22:11:00,22:11:00,75,
2026.07.29 22:12:00,22:12:00,76,
2026.07.29 22:13:00,22:13:00,74,
2026.07.29 22:14:00,22:14:00,78,
2026.07.29 22:15:00,22:15:00,78,
2026.07.29 22:16:00,22:16:00,76,
2026.07.29 22:17:00,22:17:00,72,
2026.07.29 22:18:00,22:18:00,76,
2026.07.29 22:19:00,22:19:00,80,
2026.07.29 22:20:00,22:20:00,95,
2026.07.29 22:21:00,22:21:00,87,
2026.07.29 22:22:00,22:22:00,82,
2026.07.29 22:23:00,22:23:00,74,
2026.07.29 22:24:00,22:24:00,77,
2026.07.29 22:25:00,22:25:00,77,
2026.07.29 22:26:00,22:26:00,90,
2026.07.29 22:27:00,22:27:00,79,
2026.07.29 22:28:00,22:28:00,90,
2026.07.29 22:29:00,22:29:00,88,
2026.07.29 22:30:00,22:30:00,69,
2026.07.29 22:31:00,22:31:00,67,
2026.07.29 22:32:00,22:32:00,66,
2026.07.29 22:33:00,22:33:00,65,
2026.07.29 22:34:00,22:34:00,62,
2026.07.29 22:35:00,22:35:00,59,
2026.07.29 22:36:00,22:36:00,63,
2026.07.29 22:37:00,22:37:00,62,
2026.07.29 22:38:00,22:38:00,62,
2026.07.29 22:39:00,22:39:00,60,
2026.07.29 22:40:00,22:40:00,60,
2026.07.29 22:41:00,22:41:00,76,
2026.07.29 22:42:00,22:42:00,61,
2026.07.29 22:43:00,22:43:00,60,
2026.07.29 22:44:00,22:44:00,61,
2026.07.29 22:45:00,22:45:00,61,
2026.07.29 22:46:00,22:46:00,63,
2026.07.29 22:47:00,22:47:00,61,
2026.07.29 22:48:00,22:48:00,58,
2026.07.29 22:49:00,22:49:00,58,
2026.07.29 22:50:00,22:50:00,59,
2026.07.29 22:51:00,22:51:00,60,
2026.07.29 22:52:00,22:52:00,60,
2026.07.29 22:53:00,22:53:00,62,
2026.07.29 22:54:00,22:54:00,62,
2026.07.29 22:55:00,22:55:00,59,
2026.07.29 22:56:00,22:56:00,60,
2026.07.29 22:57:00,22:57:00,61,
2026.07.29 22:58:00,22:58:00,61,
2026.07.29 22:59:00,22:59:00,61,
2026.07.29 23:00:00,23:00:00,60,
2026.07.29 23:01:00,23:01:00,60,
2026.07.29 23:02:00,23:02:00,62,
2026.07.29 23:03:00,23:03:00,58,
2026.07.29 23:04:00,23:04:00,58,
2026.07.29 23:05:00,23:05:00,58,
2026.07.29 23:06:00,23:06:00,56,
2026.07.29 23:07:00,23:07:00,58,
2026.07.29 23:08:00,23:08:00,59,
2026.07.29 23:09:00,23:09:00,59,
2026.07.29 23:10:00,23:10:00,56,
2026.07.29 23:11:00,23:11:00,59,
2026.07.29 23:12:00,23:12:00,59,
2026.07.29 23:13:00,23:13:00,60,
2026.07.29 23:14:00,23:14:00,60,
2026.07.29 23:15:00,23:15:00,60,
2026.07.29 23:16:00,23:16:00,60,
2026.07.29 23:17:00,23:17:00,60,
2026.07.29 23:18:00,23:18:00,61,
2026.07.29 23:19:00,23:19:00,58,
2026.07.29 23:20:00,23:20:00,60,
2026.07.29 23:21:00,23:21:00,60,
2026.07.29 23:22:00,23:22:00,60,
2026.07.29 23:23:00,23:23:00,60,
2026.07.29 23:24:00,23:24:00,60,
2026.07.29 23:25:00,23:25:00,62,
2026.07.29 23:26:00,23:26:00,63,
2026.07.29 23:27:00,23:27:00,62,
2026.07.29 23:28:00,23:28:00,63,
2026.07.29 23:29:00,23:29:00,64,
2026.07.29 23:30:00,23:30:00,63,
2026.07.29 23:31:00,23:31:00,63,
2026.07.29 23:32:00,23:32:00,63,
2026.07.29 23:33:00,23:33:00,62,
2026.07.29 23:34:00,23:34:00,63,
2026.07.29 23:35:00,23:35:00,63,
2026.07.29 23:36:00,23:36:00,64,
2026.07.29 23:37:00,23:37:00,62,
2026.07.29 23:38:00,23:38:00,64,
2026.07.29 23:39:00,23:39:00,61,
2026.07.29 23:40:00,23:40:00,63,
2026.07.29 23:41:00,23:41:00,65,
2026.07.29 23:42:00,23:42:00,64,
2026.07.29 23:43:00,23:43:00,63,
2026.07.29 23:44:00,23:44:00,63,
2026.07.29 23:45:00,23:45:00,63,
2026.07.29 23:46:00,23:46:00,63,
2026.07.29 23:47:00,23:47:00,64,
2026.07.29 23:48:00,23:48:00,63,
2026.07.29 23:49:00,23:49:00,63,
2026.07.29 23:50:00,23:50:00,63,
2026.07.29 23:51:00,23:51:00,64,
2026.07.29 23:52:00,23:52:00,64,
2026.07.29 23:53:00,23:53:00,65,
2026.07.29 23:54:00,23:54:00,64,
2026.07.29 23:55:00,23:55:00,64,
2026.07.29 23:56:00,23:56:00,66,
2026.07.29 23:57:00,23:57:00,65,
2026.07.29 23:58:00,23:58:00,68,
2026.07.29 23:59:00,23:59:00,71,
2026.07.30 00:00:00,00:00:00,72,
2026.07.30 00:01:00,00:01:00,58,
2026.07.30 00:02:00,00:02:00,60,
2026.07.30 00:03:00,00:03:00,60,
2026.07.30 00:04:00,00:04:00,63,
2026.07.30 00:05:00,00:05:00,61,
2026.07.30 00:06:00,00:06:00,61,
2026.07.30 00:07:00,00:07:00,62,
2026.07.30 00:08:00,00:08:00,61,
2026.07.30 00:09:00,00:09:00,58,
2026.07.30 00:10:00,00:10:00,59,
2026.07.30 00:11:00,00:11:00,57,
2026.07.30 00:12:00,00:12:00,60,
2026.07.30 00:13:00,00:13:00,58,
2026.07.30 00:14:00,00:14:00,56,
2026.07.30 00:15:00,00:15:00,56,
2026.07.30 00:16:00,00:16:00,59,
2026.07.30 00:17:00,00:17:00,58,
2026.07.30 00:18:00,00:18:00,62,
2026.07.30 00:19:00,00:19:00,87,
2026.07.30 00:20:00,00:20:00,60,
2026.07.30 00:21:00,00:21:00,61,
2026.07.30 00:22:00,00:22:00,61,
2026.07.30 00:23:00,00:23:00,61,
2026.07.30 00:24:00,00:24:00,63,
2026.07.30 00:25:00,00:25:00,61,
2026.07.30 00:26:00,00:26:00,63,
2026.07.30 00:27:00,00:27:00,64,
2026.07.30 00:28:00,00:28:00,63,
2026.07.30 00:29:00,00:29:00,63,
2026.07.30 00:30:00,00:30:00,63,
2026.07.30 00:31:00,00:31:00,64,
2026.07.30 00:32:00,00:32:00,65,
2026.07.30 00:33:00,00:33:00,63,
2026.07.30 00:34:00,00:34:00,63,
2026.07.30 00:35:00,00:35:00,64,
2026.07.30 00:36:00,00:36:00,64,
2026.07.30 00:37:00,00:37:00,63,
2026.07.30 00:38:00,00:38:00,65,
2026.07.30 00:39:00,00:39:00,63,
2026.07.30 00:40:00,00:40:00,64,
2026.07.30 00:41:00,00:41:00,62,
2026.07.30 00:42:00,00:42:00,64,
2026.07.30 00:43:00,00:43:00,54,
2026.07.30 00:44:00,00:44:00,60,
2026.07.30 00:45:00,00:45:00,60,
2026.07.30 00:46:00,00:46:00,59,
2026.07.30 00:47:00,00:47:00,58,
2026.07.30 00:48:00,00:48:00,60,
2026.07.30 00:49:00,00:49:00,60,
2026.07.30 00:50:00,00:50:00,59,
2026.07.30 00:51:00,00:51:00,60,
2026.07.30 00:52:00,00:52:00,60,
2026.07.30 00:53:00,00:53:00,60,
2026.07.30 00:54:00,00:54:00,59,
2026.07.30 00:55:00,00:55:00,61,
2026.07.30 00:56:00,00:56:00,60,
2026.07.30 00:57:00,00:57:00,61,
2026.07.30 00:58:00,00:58:00,62,
2026.07.30 00:59:00,00:59:00,62,
2026.07.30 01:00:00,01:00:00,62,
2026.07.30 01:01:00,01:01:00,62,
2026.07.30 01:02:00,01:02:00,63,
2026.07.30 01:03:00,01:03:00,61,
2026.07.30 01:04:00,01:04:00,60,
2026.07.30 01:05:00,01:05:00,63,
2026.07.30 01:06:00,01:06:00,70,
2026.07.30 01:07:00,01:07:00,64,
2026.07.30 01:08:00,01:08:00,64,
2026.07.30 01:09:00,01:09:00,61,
2026.07.30 01:10:00,01:10:00,61,
2026.07.30 01:11:00,01:11:00,62,
2026.07.30 01:12:00,01:12:00,62,
2026.07.30 01:13:00,01:13:00,61,
2026.07.30 01:14:00,01:14:00,62,
2026.07.30 01:15:00,01:15:00,64,
2026.07.30 01:16:00,01:16:00,61,
2026.07.30 01:17:00,01:17:00,63,
2026.07.30 01:18:00,01:18:00,61,
2026.07.30 01:19:00,01:19:00,61,
2026.07.30 01:20:00,01:20:00,61,
2026.07.30 01:21:00,01:21:00,60,
2026.07.30 01:22:00,01:22:00,61,
2026.07.30 01:23:00,01:23:00,61,
2026.07.30 01:24:00,01:24:00,62,
2026.07.30 01:25:00,01:25:00,64,
2026.07.30 01:26:00,01:26:00,63,
2026.07.30 01:27:00,01:27:00,62,
2026.07.30 01:28:00,01:28:00,63,
2026.07.30 01:29:00,01:29:00,61,
2026.07.30 01:30:00,01:30:00,62,
2026.07.30 01:31:00,01:31:00,65,
2026.07.30 01:32:00,01:32:00,64,
2026.07.30 01:33:00,01:33:00,64,
2026.07.30 01:34:00,01:34:00,63,
2026.07.30 01:35:00,01:35:00,65,
2026.07.30 01:36:00,01:36:00,65,
2026.07.30 01:37:00,01:37:00,64,
2026.07.30 01:38:00,01:38:00,65,
2026.07.30 01:39:00,01:39:00,65,
2026.07.30 01:40:00,01:40:00,65,
2026.07.30 01:41:00,01:41:00,64,
2026.07.30 01:42:00,01:42:00,65,
2026.07.30 01:43:00,01:43:00,62,
2026.07.30 01:44:00,01:44:00,64,
2026.07.30 01:45:00,01:45:00,62,
2026.07.30 01:46:00,01:46:00,62,
2026.07.30 01:47:00,01:47:00,64,
2026.07.30 01:48:00,01:48:00,70,
2026.07.30 01:49:00,01:49:00,67,
2026.07.30 01:50:00,01:50:00,69,
2026.07.30 01:51:00,01:51:00,73,
2026.07.30 01:52:00,01:52:00,75,
2026.07.30 01:53:00,01:53:00,72,
2026.07.30 01:54:00,01:54:00,72,
2026.07.30 01:55:00,01:55:00,71,
2026.07.30 01:56:00,01:56:00,66,
2026.07.30 01:57:00,01:57:00,66,
2026.07.30 01:58:00,01:58:00,72,
2026.07.30 01:59:00,01:59:00,68,
2026.07.30 02:00:00,02:00:00,68,
2026.07.30 02:01:00,02:01:00,70,
2026.07.30 02:02:00,02:02:00,71,
2026.07.30 02:03:00,02:03:00,70,
2026.07.30 02:04:00,02:04:00,70,
2026.07.30 02:05:00,02:05:00,87,
2026.07.30 02:06:00,02:06:00,60,
2026.07.30 02:07:00,02:07:00,58,
2026.07.30 02:08:00,02:08:00,57,
2026.07.30 02:09:00,02:09:00,60,
2026.07.30 02:10:00,02:10:00,60,
2026.07.30 02:11:00,02:11:00,63,
2026.07.30 02:12:00,02:12:00,62,
2026.07.30 02:13:00,02:13:00,61,
2026.07.30 02:14:00,02:14:00,61,
2026.07.30 02:15:00,02:15:00,63,
2026.07.30 02:16:00,02:16:00,65,
2026.07.30 02:17:00,02:17:00,65,
2026.07.30 02:18:00,02:18:00,63,
2026.07.30 02:19:00,02:19:00,61,
2026.07.30 02:20:00,02:20:00,65,
2026.07.30 02:21:00,02:21:00,63,
2026.07.30 02:22:00,02:22:00,58,
2026.07.30 02:23:00,02:23:00,59,
2026.07.30 02:24:00,02:24:00,61,
2026.07.30 02:25:00,02:25:00,61,
2026.07.30 02:26:00,02:26:00,56,
2026.07.30 02:27:00,02:27:00,58,
2026.07.30 02:28:00,02:28:00,56,
2026.07.30 02:29:00,02:29:00,59,
2026.07.30 02:30:00,02:30:00,60,
2026.07.30 02:31:00,02:31:00,60,
2026.07.30 02:32:00,02:32:00,60,
2026.07.30 02:33:00,02:33:00,62,
2026.07.30 02:34:00,02:34:00,60,
2026.07.30 02:35:00,02:35:00,59,
2026.07.30 02:36:00,02:36:00,61,
2026.07.30 02:37:00,02:37:00,60,
2026.07.30 02:38:00,02:38:00,62,
2026.07.30 02:39:00,02:39:00,61,
2026.07.30 02:40:00,02:40:00,60,
2026.07.30 02:41:00,02:41:00,62,
2026.07.30 02:42:00,02:42:00,62,
2026.07.30 02:43:00,02:43:00,63,
2026.07.30 02:44:00,02:44:00,61,
2026.07.30 02:45:00,02:45:00,60,
2026.07.30 02:46:00,02:46:00,61,
2026.07.30 02:47:00,02:47:00,62,
2026.07.30 02:48:00,02:48:00,62,
2026.07.30 02:49:00,02:49:00,62,
2026.07.30 02:50:00,02:50:00,64,
2026.07.30 02:51:00,02:51:00,62,
2026.07.30 02:52:00,02:52:00,61,
2026.07.30 02:53:00,02:53:00,64,
2026.07.30 02:54:00,02:54:00,63,
2026.07.30 02:55:00,02:55:00,64,
2026.07.30 02:56:00,02:56:00,63,
2026.07.30 02:57:00,02:57:00,64,
2026.07.30 02:58:00,02:58:00,64,
2026.07.30 02:59:00,02:59:00,64,
2026.07.30 03:00:00,03:00:00,63,
2026.07.30 03:01:00,03:01:00,62,
2026.07.30 03:02:00,03:02:00,63,
2026.07.30 03:03:00,03:03:00,64,
2026.07.30 03:04:00,03:04:00,63,
2026.07.30 03:05:00,03:05:00,73,
2026.07.30 03:06:00,03:06:00,60,
2026.07.30 03:07:00,03:07:00,60,
2026.07.30 03:08:00,03:08:00,61,
2026.07.30 03:09:00,03:09:00,59,
2026.07.30 03:10:00,03:10:00,59,
2026.07.30 03:11:00,03:11:00,59,
2026.07.30 03:12:00,03:12:00,60,
2026.07.30 03:13:00,03:13:00,61,
2026.07.30 03:14:00,03:14:00,62,
2026.07.30 03:15:00,03:15:00,60,
2026.07.30 03:16:00,03:16:00,62,
2026.07.30 03:17:00,03:17:00,60,
2026.07.30 03:18:00,03:18:00,63,
2026.07.30 03:19:00,03:19:00,61,
2026.07.30 03:20:00,03:20:00,61,
2026.07.30 03:21:00,03:21:00,62,
2026.07.30 03:22:00,03:22:00,60,
2026.07.30 03:23:00,03:23:00,61,
2026.07.30 03:24:00,03:24:00,68,
2026.07.30 03:25:00,03:25:00,55,
2026.07.30 03:26:00,03:26:00,58,
2026.07.30 03:27:00,03:27:00,56,
2026.07.30 03:28:00,03:28:00,58,
2026.07.30 03:29:00,03:29:00,60,
2026.07.30 03:30:00,03:30:00,59,
2026.07.30 03:31:00,03:31:00,58,
2026.07.30 03:32:00,03:32:00,58,
2026.07.30 03:33:00,03:33:00,59,
2026.07.30 03:34:00,03:34:00,59,
2026.07.30 03:35:00,03:35:00,59,
2026.07.30 03:36:00,03:36:00,59,
2026.07.30 03:37:00,03:37:00,54,
2026.07.30 03:38:00,03:38:00,59,
2026.07.30 03:39:00,03:39:00,58,
2026.07.30 03:40:00,03:40:00,59,
2026.07.30 03:41:00,03:41:00,59,
2026.07.30 03:42:00,03:42:00,59,
2026.07.30 03:43:00,03:43:00,61,
2026.07.30 03:44:00,03:44:00,60,
2026.07.30 03:45:00,03:45:00,63,
2026.07.30 03:46:00,03:46:00,68,
2026.07.30 03:47:00,03:47:00,69,
2026.07.30 03:48:00,03:48:00,64,
2026.07.30 03:49:00,03:49:00,63,
2026.07.30 03:50:00,03:50:00,67,
2026.07.30 03:51:00,03:51:00,70,
2026.07.30 03:52:00,03:52:00,65,
2026.07.30 03:53:00,03:53:00,66,
2026.07.30 03:54:00,03:54:00,67,
2026.07.30 03:55:00,03:55:00,83,
2026.07.30 03:56:00,03:56:00,59,
2026.07.30 03:57:00,03:57:00,58,
2026.07.30 03:58:00,03:58:00,72,
2026.07.30 03:59:00,03:59:00,60,
2026.07.30 04:00:00,04:00:00,62,
2026.07.30 04:01:00,04:01:00,63,
2026.07.30 04:02:00,04:02:00,64,
2026.07.30 04:03:00,04:03:00,63,
2026.07.30 04:04:00,04:04:00,67,
2026.07.30 04:05:00,04:05:00,86,
2026.07.30 04:06:00,04:06:00,58,
2026.07.30 04:07:00,04:07:00,60,
2026.07.30 04:08:00,04:08:00,63,
2026.07.30 04:09:00,04:09:00,59,
2026.07.30 04:10:00,04:10:00,60,
2026.07.30 04:11:00,04:11:00,71,
2026.07.30 04:12:00,04:12:00,59,
2026.07.30 04:13:00,04:13:00,60,
2026.07.30 04:14:00,04:14:00,54,
2026.07.30 04:15:00,04:15:00,53,
2026.07.30 04:16:00,04:16:00,53,
2026.07.30 04:17:00,04:17:00,52,
2026.07.30 04:18:00,04:18:00,54,
2026.07.30 04:19:00,04:19:00,54,
2026.07.30 04:20:00,04:20:00,55,
2026.07.30 04:21:00,04:21:00,56,
2026.07.30 04:22:00,04:22:00,55,
2026.07.30 04:23:00,04:23:00,57,
2026.07.30 04:24:00,04:24:00,58,
2026.07.30 04:25:00,04:25:00,57,
2026.07.30 04:26:00,04:26:00,59,
2026.07.30 04:27:00,04:27:00,57,
2026.07.30 04:28:00,04:28:00,60,
2026.07.30 04:29:00,04:29:00,60,
2026.07.30 04:30:00,04:30:00,62,
2026.07.30 04:31:00,04:31:00,61,
2026.07.30 04:32:00,04:32:00,59,
2026.07.30 04:33:00,04:33:00,64,
2026.07.30 04:34:00,04:34:00,61,
2026.07.30 04:35:00,04:35:00,62,
2026.07.30 04:36:00,04:36:00,62,
2026.07.30 04:37:00,04:37:00,64,
2026.07.30 04:38:00,04:38:00,65,
2026.07.30 04:39:00,04:39:00,61,
2026.07.30 04:40:00,04:40:00,61,
2026.07.30 04:41:00,04:41:00,64,
2026.07.30 04:42:00,04:42:00,65,
2026.07.30 04:43:00,04:43:00,64,
2026.07.30 04:44:00,04:44:00,62,
2026.07.30 04:45:00,04:45:00,63,
2026.07.30 04:46:00,04:46:00,65,
2026.07.30 04:47:00,04:47:00,63,
2026.07.30 04:48:00,04:48:00,72,
2026.07.30 04:49:00,04:49:00,56,
2026.07.30 04:50:00,04:50:00,85,
2026.07.30 04:51:00,04:51:00,68,
2026.07.30 04:52:00,04:52:00,64,
2026.07.30 04:53:00,04:53:00,61,
2026.07.30 04:54:00,04:54:00,64,
2026.07.30 04:55:00,04:55:00,63,
2026.07.30 04:56:00,04:56:00,71,
2026.07.30 04:57:00,04:57:00,67,
2026.07.30 04:58:00,04:58:00,63,
2026.07.30 04:59:00,04:59:00,70,
2026.07.30 05:00:00,05:00:00,73,
2026.07.30 05:01:00,05:01:00,69,
2026.07.30 05:02:00,05:02:00,69,
2026.07.30 05:03:00,05:03:00,72,
2026.07.30 05:04:00,05:04:00,84,
2026.07.30 05:05:00,05:05:00,63,
2026.07.30 05:06:00,05:06:00,61,
2026.07.30 05:07:00,05:07:00,67,
2026.07.30 05:08:00,05:08:00,70,
2026.07.30 05:09:00,05:09:00,66,
2026.07.30 05:10:00,05:10:00,65,
2026.07.30 05:11:00,05:11:00,56,
2026.07.30 05:12:00,05:12:00,58,
2026.07.30 05:13:00,05:13:00,64,
2026.07.30 05:14:00,05:14:00,64,
2026.07.30 05:15:00,05:15:00,60,
2026.07.30 05:16:00,05:16:00,65,
2026.07.30 05:17:00,05:17:00,68,
2026.07.30 05:18:00,05:18:00,61,
2026.07.30 05:19:00,05:19:00,60,
2026.07.30 05:20:00,05:20:00,61,
2026.07.30 05:21:00,05:21:00,68,
2026.07.30 05:22:00,05:22:00,65,
2026.07.30 05:23:00,05:23:00,68,
2026.07.30 05:24:00,05:24:00,63,
2026.07.30 05:25:00,05:25:00,67,
2026.07.30 05:26:00,05:26:00,62,
2026.07.30 05:27:00,05:27:00,62,
2026.07.30 05:28:00,05:28:00,62,
2026.07.30 05:29:00,05:29:00,60,
2026.07.30 05:30:00,05:30:00,63,
2026.07.30 05:31:00,05:31:00,62,
2026.07.30 05:32:00,05:32:00,58,
2026.07.30 05:33:00,05:33:00,60,
2026.07.30 05:34:00,05:34:00,62,
2026.07.30 05:35:00,05:35:00,58,
2026.07.30 05:36:00,05:36:00,56,
2026.07.30 05:37:00,05:37:00,59,
2026.07.30 05:38:00,05:38:00,58,
2026.07.30 05:39:00,05:39:00,59,
2026.07.30 05:40:00,05:40:00,62,
2026.07.30 05:41:00,05:41:00,63,
2026.07.30 05:42:00,05:42:00,66,
2026.07.30 05:43:00,05:43:00,65,
2026.07.30 05:44:00,05:44:00,70,
2026.07.30 05:45:00,05:45:00,64,
2026.07.30 05:46:00,05:46:00,62,
2026.07.30 05:47:00,05:47:00,65,
2026.07.30 05:48:00,05:48:00,64,
2026.07.30 05:49:00,05:49:00,60,
2026.07.30 05:50:00,05:50:00,62,
2026.07.30 05:51:00,05:51:00,59,
2026.07.30 05:52:00,05:52:00,57,
2026.07.30 05:53:00,05:53:00,58,
2026.07.30 05:54:00,05:54:00,57,
2026.07.30 05:55:00,05:55:00,67,
2026.07.30 05:56:00,05:56:00,62,
2026.07.30 05:57:00,05:57:00,62,
2026.07.30 05:58:00,05:58:00,59,
2026.07.30 05:59:00,05:59:00,58,
2026.07.30 06:00:00,06:00:00,58,
2026.07.30 06:01:00,06:01:00,58,
2026.07.30 06:02:00,06:02:00,60,
2026.07.30 06:03:00,06:03:00,60,
2026.07.30 06:04:00,06:04:00,56,
2026.07.30 06:05:00,06:05:00,58,
2026.07.30 06:06:00,06:06:00,58,
2026.07.30 06:07:00,06:07:00,59,
2026.07.30 06:08:00,06:08:00,59,
2026.07.30 06:09:00,06:09:00,59,
2026.07.30 06:10:00,06:10:00,60,
2026.07.30 06:11:00,06:11:00,63,
2026.07.30 06:12:00,06:12:00,61,
2026.07.30 06:13:00,06:13:00,65,
2026.07.30 06:14:00,06:14:00,65,
2026.07.30 06:15:00,06:15:00,66,
2026.07.30 06:16:00,06:16:00,67,
2026.07.30 06:17:00,06:17:00,67,
2026.07.30 06:18:00,06:18:00,89,
2026.07.30 06:19:00,06:19:00,68,
2026.07.30 06:20:00,06:20:00,66,
2026.07.30 06:21:00,06:21:00,92,
2026.07.30 06:22:00,06:22:00,93,
2026.07.30 06:23:00,06:23:00,72,
2026.07.30 06:24:00,06:24:00,67,
2026.07.30 06:25:00,06:25:00,66,
2026.07.30 06:26:00,06:26:00,92,
2026.07.30 06:27:00,06:27:00,98,
2026.07.30 06:28:00,06:28:00,106,
2026.07.30 06:29:00,06:29:00,110,
2026.07.30 06:30:00,06:30:00,69,
2026.07.30 06:31:00,06:31:00,78,
2026.07.30 06:32:00,06:32:00,85,
2026.07.30 06:33:00,06:33:00,83,
2026.07.30 06:34:00,06:34:00,87,
2026.07.30 06:35:00,06:35:00,85,
2026.07.30 06:36:00,06:36:00,88,
2026.07.30 06:37:00,06:37:00,81,
2026.07.30 06:38:00,06:38:00,83,
2026.07.30 06:39:00,06:39:00,88,
2026.07.30 06:40:00,06:40:00,94,
2026.07.30 06:41:00,06:41:00,90,
2026.07.30 06:42:00,06:42:00,96,
2026.07.30 06:43:00,06:43:00,99,
2026.07.30 06:44:00,06:44:00,92,
2026.07.30 06:45:00,06:45:00,94,
2026.07.30 06:46:00,06:46:00,90,
2026.07.30 06:47:00,06:47:00,98,
2026.07.30 06:48:00,06:48:00,93,
2026.07.30 06:49:00,06:49:00,94,
2026.07.30 06:50:00,06:50:00,96,
2026.07.30 06:51:00,06:51:00,94,
2026.07.30 06:52:00,06:52:00,78,
2026.07.30 06:53:00,06:53:00,80,
2026.07.30 06:54:00,06:54:00,79,
2026.07.30 06:55:00,06:55:00,78,
2026.07.30 06:56:00,06:56:00,71,
2026.07.30 06:57:00,06:57:00,78,
2026.07.30 06:58:00,06:58:00,80,
2026.07.30 06:59:00,06:59:00,78,
2026.07.30 07:00:00,07:00:00,86,
2026.07.30 07:01:00,07:01:00,78,
2026.07.30 07:02:00,07:02:00,76,
2026.07.30 07:03:00,07:03:00,76,
2026.07.30 07:04:00,07:04:00,79,
2026.07.30 07:05:00,07:05:00,78,
2026.07.30 07:06:00,07:06:00,76,
2026.07.30 07:07:00,07:07:00,83,
2026.07.30 07:08:00,07:08:00,83,
2026.07.30 07:09:00,07:09:00,70,
2026.07.30 07:10:00,07:10:00,76,
2026.07.30 07:11:00,07:11:00,83,
2026.07.30 07:12:00,07:12:00,76,
2026.07.30 07:13:00,07:13:00,73,
2026.07.30 07:14:00,07:14:00,77,
2026.07.30 07:15:00,07:15:00,70,
2026.07.30 07:16:00,07:16:00,79,
2026.07.30 07:17:00,07:17:00,70,
2026.07.30 07:18:00,07:18:00,72,
2026.07.30 07:19:00,07:19:00,74,
2026.07.30 07:20:00,07:20:00,76,
2026.07.30 07:21:00,07:21:00,74,
2026.07.30 07:22:00,07:22:00,73,
2026.07.30 07:23:00,07:23:00,74,
2026.07.30 07:24:00,07:24:00,71,
2026.07.30 07:25:00,07:25:00,72,
2026.07.30 07:26:00,07:26:00,76,
2026.07.30 07:27:00,07:27:00,77,
2026.07.30 07:28:00,07:28:00,106,
2026.07.30 07:29:00,07:29:00,86,
2026.07.30 07:30:00,07:30:00,90,
2026.07.30 07:31:00,07:31:00,82,
2026.07.30 07:32:00,07:32:00,74,
2026.07.30 07:33:00,07:33:00,70,
2026.07.30 07:34:00,07:34:00,82,
2026.07.30 07:50:00,07:50:00,87,
2026.07.30 07:51:00,07:51:00,81,
2026.07.30 07:52:00,07:52:00,83,
2026.07.30 07:53:00,07:53:00,69,
2026.07.30 07:54:00,07:54:00,72,
2026.07.30 07:55:00,07:55:00,69,
2026.07.30 07:56:00,07:56:00,70,
2026.07.30 07:57:00,07:57:00,66,
2026.07.30 07:58:00,07:58:00,76,
2026.07.30 07:59:00,07:59:00,74,
2026.07.30 08:00:00,08:00:00,73,
2026.07.30 08:01:00,08:01:00,75,
2026.07.30 08:02:00,08:02:00,80,
2026.07.30 08:03:00,08:03:00,75,
2026.07.30 08:04:00,08:04:00,86,
2026.07.30 08:06:00,08:06:00,88,
2026.07.30 08:07:00,08:07:00,87,
2026.07.30 08:08:00,08:08:00,74,
2026.07.30 08:09:00,08:09:00,78,
2026.07.30 08:10:00,08:10:00,74,
2026.07.30 08:11:00,08:11:00,73,
2026.07.30 08:12:00,08:12:00,78,
2026.07.30 08:13:00,08:13:00,71,
2026.07.30 08:14:00,08:14:00,73,
2026.07.30 08:15:00,08:15:00,79,
2026.07.30 08:16:00,08:16:00,75,
2026.07.30 08:17:00,08:17:00,73,
2026.07.30 08:18:00,08:18:00,71,
2026.07.30 08:19:00,08:19:00,70,
2026.07.30 08:20:00,08:20:00,73,
2026.07.30 08:21:00,08:21:00,75,
2026.07.30 08:22:00,08:22:00,74,
2026.07.30 08:23:00,08:23:00,93,
2026.07.30 08:24:00,08:24:00,78,
2026.07.30 08:25:00,08:25:00,82,
2026.07.30 08:26:00,08:26:00,80,
2026.07.30 08:27:00,08:27:00,78,
2026.07.30 08:28:00,08:28:00,78,
2026.07.30 08:29:00,08:29:00,82,
2026.07.30 08:30:00,08:30:00,78,
2026.07.30 08:31:00,08:31:00,86,
2026.07.30 08:32:00,08:32:00,80,
2026.07.30 08:33:00,08:33:00,77,
2026.07.30 08:34:00,08:34:00,80,
2026.07.30 08:35:00,08:35:00,76,
2026.07.30 08:36:00,08:36:00,88,
2026.07.30 08:37:00,08:37:00,72,
2026.07.30 08:38:00,08:38:00,73,
2026.07.30 08:39:00,08:39:00,71,
2026.07.30 08:40:00,08:40:00,74,
2026.07.30 08:41:00,08:41:00,72,
2026.07.30 08:42:00,08:42:00,74,
2026.07.30 08:43:00,08:43:00,73,
2026.07.30 08:44:00,08:44:00,80,
2026.07.30 08:45:00,08:45:00,80,
2026.07.30 08:46:00,08:46:00,78,
2026.07.30 08:47:00,08:47:00,78,
2026.07.30 08:48:00,08:48:00,76,
2026.07.30 08:49:00,08:49:00,78,
2026.07.30 08:50:00,08:50:00,75,
2026.07.30 08:51:00,08:51:00,76,
2026.07.30 08:52:00,08:52:00,99,
2026.07.30 08:53:00,08:53:00,94,
2026.07.30 08:54:00,08:54:00,76,
2026.07.30 08:55:00,08:55:00,76,
2026.07.30 08:56:00,08:56:00,73,
2026.07.30 08:57:00,08:57:00,91,
2026.07.30 08:58:00,08:58:00,88,
2026.07.30 08:59:00,08:59:00,89,
2026.07.30 09:00:00,09:00:00,85,
2026.07.30 09:01:00,09:01:00,85,
2026.07.30 09:02:00,09:02:00,91,
2026.07.30 09:03:00,09:03:00,92,
2026.07.30 09:04:00,09:04:00,90,
2026.07.30 09:05:00,09:05:00,93,
2026.07.30 09:06:00,09:06:00,94,
2026.07.30 09:07:00,09:07:00,94,
2026.07.30 09:08:00,09:08:00,97,
2026.07.30 09:09:00,09:09:00,91,
2026.07.30 09:10:00,09:10:00,101,
2026.07.30 09:11:00,09:11:00,101,
2026.07.30 09:12:00,09:12:00,98,
2026.07.30 09:13:00,09:13:00,105,
2026.07.30 09:14:00,09:14:00,96,
2026.07.30 09:15:00,09:15:00,95,
2026.07.30 09:16:00,09:16:00,103,
2026.07.30 09:17:00,09:17:00,110,
2026.07.30 09:18:00,09:18:00,111,
2026.07.30 09:26:00,09:26:00,93,
2026.07.30 09:27:00,09:27:00,99,
2026.07.30 09:28:00,09:28:00,99,
2026.07.30 09:29:00,09:29:00,104,
2026.07.30 09:30:00,09:30:00,103,
2026.07.30 09:31:00,09:31:00,105,
2026.07.30 09:32:00,09:32:00,100,
2026.07.30 09:33:00,09:33:00,101,
2026.07.30 09:34:00,09:34:00,98,
2026.07.30 09:35:00,09:35:00,104,
2026.07.30 09:36:00,09:36:00,104,
2026.07.30 09:37:00,09:37:00,100,
2026.07.30 09:38:00,09:38:00,121,
2026.07.30 09:39:00,09:39:00,122,
2026.07.30 09:40:00,09:40:00,154,
2026.07.30 09:41:00,09:41:00,121,
2026.07.30 09:42:00,09:42:00,127,
2026.07.30 09:43:00,09:43:00,123,
2026.07.30 09:44:00,09:44:00,123,
2026.07.30 09:45:00,09:45:00,131,
2026.07.30 09:46:00,09:46:00,129,
2026.07.30 09:47:00,09:47:00,121,
2026.07.30 09:48:00,09:48:00,120,
2026.07.30 09:49:00,09:49:00,130,
2026.07.30 09:50:00,09:50:00,132,
2026.07.30 09:51:00,09:51:00,130,
2026.07.30 09:52:00,09:52:00,132,
2026.07.30 09:53:00,09:53:00,133,
2026.07.30 09:54:00,09:54:00,127,
2026.07.30 09:55:00,09:55:00,119,
2026.07.30 09:56:00,09:56:00,133,
2026.07.30 09:57:00,09:57:00,120,
2026.07.30 09:58:00,09:58:00,125,
2026.07.30 09:59:00,09:59:00,117,
2026.07.30 10:00:00,10:00:00,111,
2026.07.30 10:01:00,10:01:00,104,
2026.07.30 10:02:00,10:02:00,108,
2026.07.30 10:03:00,10:03:00,107,
2026.07.30 10:04:00,10:04:00,107,
2026.07.30 10:05:00,10:05:00,120,
2026.07.30 10:06:00,10:06:00,118,
2026.07.30 10:07:00,10:07:00,112,
2026.07.30 10:08:00,10:08:00,118,
2026.07.30 10:09:00,10:09:00,117,
2026.07.30 10:10:00,10:10:00,108,
2026.07.30 10:11:00,10:11:00,100,
2026.07.30 10:12:00,10:12:00,105,
2026.07.30 10:13:00,10:13:00,111,
2026.07.30 10:14:00,10:14:00,114,
2026.07.30 10:15:00,10:15:00,107,
2026.07.30 10:16:00,10:16:00,111,
2026.07.30 10:17:00,10:17:00,106,
2026.07.30 10:18:00,10:18:00,105,
2026.07.30 10:19:00,10:19:00,88,
2026.07.30 10:20:00,10:20:00,88,
2026.07.30 10:21:00,10:21:00,94,
2026.07.30 10:22:00,10:22:00,110,
2026.07.30 10:23:00,10:23:00,110,
2026.07.30 10:24:00,10:24:00,105,
2026.07.30 10:25:00,10:25:00,78,
2026.07.30 10:26:00,10:26:00,80,
2026.07.30 10:27:00,10:27:00,77,
2026.07.30 10:28:00,10:28:00,85,
2026.07.30 10:29:00,10:29:00,80,
2026.07.30 10:30:00,10:30:00,80,
2026.07.30 10:31:00,10:31:00,83,
2026.07.30 10:32:00,10:32:00,81,
2026.07.30 10:33:00,10:33:00,78,
2026.07.30 10:34:00,10:34:00,84,
2026.07.30 10:35:00,10:35:00,80,
2026.07.30 10:36:00,10:36:00,80,
2026.07.30 10:37:00,10:37:00,83,
2026.07.30 10:38:00,10:38:00,84,
2026.07.30 10:39:00,10:39:00,84,
2026.07.30 10:40:00,10:40:00,82,
2026.07.30 10:41:00,10:41:00,84,
2026.07.30 10:42:00,10:42:00,81,
2026.07.30 10:43:00,10:43:00,87,
2026.07.30 10:44:00,10:44:00,86,
2026.07.30 10:45:00,10:45:00,86,
2026.07.30 10:46:00,10:46:00,78,
2026.07.30 10:47:00,10:47:00,82,
2026.07.30 10:48:00,10:48:00,83,
2026.07.30 10:49:00,10:49:00,83,
2026.07.30 10:50:00,10:50:00,84,
2026.07.30 10:51:00,10:51:00,82,
2026.07.30 10:52:00,10:52:00,84,
2026.07.30 10:53:00,10:53:00,83,
2026.07.30 10:54:00,10:54:00,99,
2026.07.30 10:55:00,10:55:00,85,
2026.07.30 10:56:00,10:56:00,85,
2026.07.30 10:57:00,10:57:00,86,
2026.07.30 10:58:00,10:58:00,83,
2026.07.30 10:59:00,10:59:00,80,
2026.07.30 11:00:00,11:00:00,85,
2026.07.30 11:01:00,11:01:00,83,
2026.07.30 11:02:00,11:02:00,78,
2026.07.30 11:03:00,11:03:00,87,
2026.07.30 11:04:00,11:04:00,82,
2026.07.30 11:05:00,11:05:00,86,
2026.07.30 11:06:00,11:06:00,79,
2026.07.30 11:07:00,11:07:00,86,
2026.07.30 11:08:00,11:08:00,86,
2026.07.30 11:09:00,11:09:00,80,
2026.07.30 11:10:00,11:10:00,86,
2026.07.30 11:11:00,11:11:00,92,
2026.07.30 11:12:00,11:12:00,96,
2026.07.30 11:13:00,11:13:00,76,
2026.07.30 11:14:00,11:14:00,83,
2026.07.30 11:15:00,11:15:00,82,
2026.07.30 11:16:00,11:16:00,89,
2026.07.30 11:17:00,11:17:00,76,
2026.07.30 11:18:00,11:18:00,81,
2026.07.30 11:19:00,11:19:00,81,
2026.07.30 11:20:00,11:20:00,83,
2026.07.30 11:21:00,11:21:00,83,
2026.07.30 11:22:00,11:22:00,83,
2026.07.30 11:23:00,11:23:00,82,
2026.07.30 11:24:00,11:24:00,84,
2026.07.30 11:32:00,11:32:00,90,
2026.07.30 11:33:00,11:33:00,95,
2026.07.30 11:34:00,11:34:00,95,
2026.07.30 11:35:00,11:35:00,50,
2026.07.30 11:47:00,11:47:00,92,
2026.07.30 11:48:00,11:48:00,61,
2026.07.30 11:49:00,11:49:00,78,
2026.07.30 11:50:00,11:50:00,82,
2026.07.30 11:51:00,11:51:00,81,
2026.07.30 12:03:00,12:03:00,96,
2026.07.30 12:04:00,12:04:00,87,
2026.07.30 12:05:00,12:05:00,92,
2026.07.30 12:06:00,12:06:00,86,
2026.07.30 12:07:00,12:07:00,84,
2026.07.30 12:08:00,12:08:00,92,
2026.07.30 12:09:00,12:09:00,89,
2026.07.30 12:10:00,12:10:00,96,
2026.07.30 12:11:00,12:11:00,100,
2026.07.30 12:12:00,12:12:00,93,
2026.07.30 12:13:00,12:13:00,104,
2026.07.30 12:14:00,12:14:00,108,
2026.07.30 12:15:00,12:15:00,108,
2026.07.30 12:16:00,12:16:00,128,
2026.07.30 12:17:00,12:17:00,125,
2026.07.30 12:18:00,12:18:00,104,
2026.07.30 12:19:00,12:19:00,124,
2026.07.30 12:20:00,12:20:00,121,
2026.07.30 12:21:00,12:21:00,115,
2026.07.30 12:22:00,12:22:00,136,
2026.07.30 12:23:00,12:23:00,158,
2026.07.30 12:24:00,12:24:00,143,
2026.07.30 12:25:00,12:25:00,112,
2026.07.30 12:26:00,12:26:00,110,
2026.07.30 12:27:00,12:27:00,120,
2026.07.30 12:28:00,12:28:00,122,
2026.07.30 12:29:00,12:29:00,131,
2026.07.30 12:30:00,12:30:00,124,
2026.07.30 12:31:00,12:31:00,125,
2026.07.30 12:32:00,12:32:00,123,
2026.07.30 12:33:00,12:33:00,129,
2026.07.30 12:34:00,12:34:00,114,
2026.07.30 12:35:00,12:35:00,107,
2026.07.30 12:36:00,12:36:00,107,
2026.07.30 12:37:00,12:37:00,110,
2026.07.30 12:38:00,12:38:00,102,
2026.07.30 12:39:00,12:39:00,100,
2026.07.30 12:40:00,12:40:00,101,
2026.07.30 12:41:00,12:41:00,98,
2026.07.30 12:42:00,12:42:00,95,
2026.07.30 12:43:00,12:43:00,98,
2026.07.30 12:44:00,12:44:00,124,
2026.07.30 12:45:00,12:45:00,132,
2026.07.30 12:46:00,12:46:00,136,
2026.07.30 12:47:00,12:47:00,130,
2026.07.30 12:48:00,12:48:00,136,
2026.07.30 12:49:00,12:49:00,110,
2026.07.30 12:50:00,12:50:00,102,
2026.07.30 12:51:00,12:51:00,93,
2026.07.30 12:52:00,12:52:00,106,
2026.07.30 12:53:00,12:53:00,104,
2026.07.30 12:54:00,12:54:00,105,
2026.07.30 12:55:00,12:55:00,102,
2026.07.30 12:56:00,12:56:00,101,
2026.07.30 12:57:00,12:57:00,105,
2026.07.30 12:58:00,12:58:00,101,
2026.07.30 12:59:00,12:59:00,105,
2026.07.30 13:00:00,13:00:00,115,
2026.07.30 13:01:00,13:01:00,118,
2026.07.30 13:02:00,13:02:00,99,
2026.07.30 13:03:00,13:03:00,106,
2026.07.30 13:04:00,13:04:00,104,
2026.07.30 13:05:00,13:05:00,99,
2026.07.30 13:06:00,13:06:00,95,
2026.07.30 13:07:00,13:07:00,99,
2026.07.30 13:08:00,13:08:00,90,
2026.07.30 13:09:00,13:09:00,76,
2026.07.30 13:10:00,13:10:00,77,
2026.07.30 13:11:00,13:11:00,83,
2026.07.30 13:12:00,13:12:00,78,
2026.07.30 13:13:00,13:13:00,82,
2026.07.30 13:14:00,13:14:00,79,
2026.07.30 13:15:00,13:15:00,75,
2026.07.30 13:16:00,13:16:00,77,
2026.07.30 13:17:00,13:17:00,89,
2026.07.30 13:18:00,13:18:00,87,
2026.07.30 13:19:00,13:19:00,88,
2026.07.30 13:20:00,13:20:00,91,
2026.07.30 13:21:00,13:21:00,87,
2026.07.30 13:22:00,13:22:00,87,
2026.07.30 13:23:00,13:23:00,89,
2026.07.30 13:24:00,13:24:00,86,
2026.07.30 13:25:00,13:25:00,81,
2026.07.30 13:26:00,13:26:00,82,
2026.07.30 13:27:00,13:27:00,79,
2026.07.30 13:28:00,13:28:00,88,
2026.07.30 13:29:00,13:29:00,85,
2026.07.30 13:30:00,13:30:00,79,
2026.07.30 13:31:00,13:31:00,88,
2026.07.30 13:32:00,13:32:00,84,
2026.07.30 13:33:00,13:33:00,83,
2026.07.30 13:34:00,13:34:00,81,
2026.07.30 13:35:00,13:35:00,72,
2026.07.30 13:36:00,13:36:00,90,
2026.07.30 13:37:00,13:37:00,99,
2026.07.30 13:38:00,13:38:00,96,
2026.07.30 13:39:00,13:39:00,89,
2026.07.30 13:40:00,13:40:00,91,
2026.07.30 13:41:00,13:41:00,93,
2026.07.30 13:42:00,13:42:00,94,
2026.07.30 13:43:00,13:43:00,89,
2026.07.30 13:44:00,13:44:00,93,
2026.07.30 13:45:00,13:45:00,98,
2026.07.30 13:46:00,13:46:00,98,
2026.07.30 13:47:00,13:47:00,96,
2026.07.30 13:48:00,13:48:00,98,
2026.07.30 13:49:00,13:49:00,98,
2026.07.30 13:50:00,13:50:00,98,
2026.07.30 13:51:00,13:51:00,96,
2026.07.30 13:52:00,13:52:00,96,
2026.07.30 13:53:00,13:53:00,93,
2026.07.30 13:54:00,13:54:00,100,
2026.07.30 13:55:00,13:55:00,93,
2026.07.30 13:56:00,13:56:00,95,
2026.07.30 13:57:00,13:57:00,94,
2026.07.30 13:58:00,13:58:00,75,
2026.07.30 13:59:00,13:59:00,79,
2026.07.30 14:00:00,14:00:00,72,
2026.07.30 14:01:00,14:01:00,76,
2026.07.30 14:02:00,14:02:00,88,
2026.07.30 14:03:00,14:03:00,86,
2026.07.30 14:04:00,14:04:00,88,
2026.07.30 14:05:00,14:05:00,88,
2026.07.30 14:06:00,14:06:00,89,
2026.07.30 14:07:00,14:07:00,86,
2026.07.30 14:08:00,14:08:00,85,
2026.07.30 14:09:00,14:09:00,96,
2026.07.30 14:10:00,14:10:00,82,
2026.07.30 14:11:00,14:11:00,85,
2026.07.30 14:12:00,14:12:00,81,
2026.07.30 14:13:00,14:13:00,85,
2026.07.30 14:14:00,14:14:00,86,
2026.07.30 14:15:00,14:15:00,82,
2026.07.30 14:16:00,14:16:00,86,
2026.07.30 14:17:00,14:17:00,86,
2026.07.30 14:18:00,14:18:00,91,
2026.07.30 14:19:00,14:19:00,91,
2026.07.30 14:20:00,14:20:00,88,
2026.07.30 14:21:00,14:21:00,84,
2026.07.30 14:22:00,14:22:00,88,
2026.07.30 14:23:00,14:23:00,90,
2026.07.30 14:24:00,14:24:00,86,
2026.07.30 14:25:00,14:25:00,86,
2026.07.30 14:26:00,14:26:00,87,
2026.07.30 14:27:00,14:27:00,87,
2026.07.30 14:28:00,14:28:00,88,
2026.07.30 14:29:00,14:29:00,83,
2026.07.30 14:30:00,14:30:00,84,
2026.07.30 14:31:00,14:31:00,83,
2026.07.30 14:32:00,14:32:00,87,
2026.07.30 14:33:00,14:33:00,98,
2026.07.30 14:34:00,14:34:00,109,
2026.07.30 14:35:00,14:35:00,110,
2026.07.30 14:36:00,14:36:00,101,
2026.07.30 14:37:00,14:37:00,105,
2026.07.30 14:38:00,14:38:00,94,
2026.07.30 14:39:00,14:39:00,94,
2026.07.30 14:40:00,14:40:00,94,
2026.07.30 14:41:00,14:41:00,92,
2026.07.30 14:42:00,14:42:00,104,
2026.07.30 14:43:00,14:43:00,95,
2026.07.30 14:44:00,14:44:00,99,
2026.07.30 14:45:00,14:45:00,97,
2026.07.30 14:46:00,14:46:00,92,
2026.07.30 14:47:00,14:47:00,99,
2026.07.30 14:48:00,14:48:00,98,
2026.07.30 14:49:00,14:49:00,94,
2026.07.30 14:50:00,14:50:00,97,
2026.07.30 14:51:00,14:51:00,96,
2026.07.30 14:52:00,14:52:00,96,
2026.07.30 14:53:00,14:53:00,101,
2026.07.30 14:54:00,14:54:00,109,
2026.07.30 14:55:00,14:55:00,104,
2026.07.30 14:56:00,14:56:00,93,
2026.07.30 14:57:00,14:57:00,104,
2026.07.30 14:58:00,14:58:00,102,
2026.07.30 14:59:00,14:59:00,98,
2026.07.30 15:00:00,15:00:00,102,
2026.07.30 15:01:00,15:01:00,104,
2026.07.30 15:02:00,15:02:00,110,
2026.07.30 15:03:00,15:03:00,98,
2026.07.30 15:04:00,15:04:00,95,
2026.07.30 15:05:00,15:05:00,86,
2026.07.30 15:06:00,15:06:00,80,
2026.07.30 15:07:00,15:07:00,80,
2026.07.30 15:08:00,15:08:00,80,
2026.07.30 15:09:00,15:09:00,79,
2026.07.30 15:10:00,15:10:00,87,
2026.07.30 15:11:00,15:11:00,101,
2026.07.30 15:12:00,15:12:00,101,
2026.07.30 15:13:00,15:13:00,97,
2026.07.30 15:14:00,15:14:00,95,
2026.07.30 15:15:00,15:15:00,105,
2026.07.30 15:16:00,15:16:00,108,
2026.07.30 15:17:00,15:17:00,110,
2026.07.30 15:18:00,15:18:00,98,
2026.07.30 15:19:00,15:19:00,85,
2026.07.30 15:20:00,15:20:00,98,
2026.07.30 15:21:00,15:21:00,93,
2026.07.30 15:22:00,15:22:00,91,
2026.07.30 15:23:00,15:23:00,96,
2026.07.30 15:24:00,15:24:00,82,
2026.07.30 15:25:00,15:25:00,74,
2026.07.30 15:26:00,15:26:00,98,
2026.07.30 15:27:00,15:27:00,93,
2026.07.30 15:28:00,15:28:00,93,
2026.07.30 15:29:00,15:29:00,104,
2026.07.30 15:30:00,15:30:00,106,
2026.07.30 15:31:00,15:31:00,108,
2026.07.30 15:32:00,15:32:00,104,
2026.07.30 15:33:00,15:33:00,130,
2026.07.30 15:34:00,15:34:00,128,
2026.07.30 15:35:00,15:35:00,122,
2026.07.30 15:36:00,15:36:00,139,
2026.07.30 15:37:00,15:37:00,110,
2026.07.30 15:38:00,15:38:00,115,
2026.07.30 15:39:00,15:39:00,108,
2026.07.30 15:40:00,15:40:00,122,
2026.07.30 15:41:00,15:41:00,115,
2026.07.30 15:42:00,15:42:00,122,
2026.07.30 15:43:00,15:43:00,127,
2026.07.30 15:44:00,15:44:00,120,
2026.07.30 15:45:00,15:45:00,108,
2026.07.30 15:46:00,15:46:00,125,
2026.07.30 15:47:00,15:47:00,122,
2026.07.30 15:48:00,15:48:00,110,
2026.07.30 15:49:00,15:49:00,103,
2026.07.30 15:50:00,15:50:00,98,
2026.07.30 15:51:00,15:51:00,95,
2026.07.30 15:52:00,15:52:00,85,
2026.07.30 15:53:00,15:53:00,153,
2026.07.30 15:54:00,15:54:00,159,
2026.07.30 15:55:00,15:55:00,130,
2026.07.30 15:56:00,15:56:00,120,
2026.07.30 15:57:00,15:57:00,116,
2026.07.30 15:58:00,15:58:00,99,
2026.07.30 15:59:00,15:59:00,94,
2026.07.30 16:00:00,16:00:00,107,
2026.07.30 16:01:00,16:01:00,113,
2026.07.30 16:02:00,16:02:00,113,
2026.07.30 16:03:00,16:03:00,120,
2026.07.30 16:04:00,16:04:00,114,
2026.07.30 16:05:00,16:05:00,108,
2026.07.30 16:06:00,16:06:00,114,
2026.07.30 16:07:00,16:07:00,117,
2026.07.30 16:08:00,16:08:00,111,
2026.07.30 16:09:00,16:09:00,101,
2026.07.30 16:10:00,16:10:00,103,
2026.07.30 16:11:00,16:11:00,107,
2026.07.30 16:12:00,16:12:00,111,
2026.07.30 16:13:00,16:13:00,114,
2026.07.30 16:14:00,16:14:00,107,
2026.07.30 16:15:00,16:15:00,111,
2026.07.30 16:16:00,16:16:00,111,
2026.07.30 16:17:00,16:17:00,103,
2026.07.30 16:18:00,16:18:00,108,
2026.07.30 16:19:00,16:19:00,104,
2026.07.30 16:20:00,16:20:00,98,
2026.07.30 16:21:00,16:21:00,105,
2026.07.30 16:22:00,16:22:00,102,
2026.07.30 16:23:00,16:23:00,107,
2026.07.30 16:24:00,16:24:00,100,
2026.07.30 16:25:00,16:25:00,105,
2026.07.30 16:26:00,16:26:00,107,
2026.07.30 16:27:00,16:27:00,101,
2026.07.30 16:28:00,16:28:00,83,
2026.07.30 16:29:00,16:29:00,78,
2026.07.30 16:30:00,16:30:00,72,
2026.07.30 16:31:00,16:31:00,71,
2026.07.30 16:32:00,16:32:00,77,
2026.07.30 16:33:00,16:33:00,72,
2026.07.30 16:34:00,16:34:00,72,
2026.07.30 16:35:00,16:35:00,73,
2026.07.30 16:36:00,16:36:00,77,
2026.07.30 16:37:00,16:37:00,84,
2026.07.30 16:38:00,16:38:00,87,
2026.07.30 16:39:00,16:39:00,86,
2026.07.30 16:40:00,16:40:00,86,
2026.07.30 16:41:00,16:41:00,93,
2026.07.30 16:42:00,16:42:00,77,
2026.07.30 16:43:00,16:43:00,91,
2026.07.30 16:44:00,16:44:00,86,
2026.07.30 16:45:00,16:45:00,86,
2026.07.30 16:46:00,16:46:00,88,
2026.07.30 16:47:00,16:47:00,87,
2026.07.30 16:48:00,16:48:00,90,
2026.07.30 16:49:00,16:49:00,92,
2026.07.30 16:50:00,16:50:00,76,
2026.07.30 16:51:00,16:51:00,81,
2026.07.30 16:52:00,16:52:00,77,
2026.07.30 16:53:00,16:53:00,74,
2026.07.30 16:54:00,16:54:00,76,
2026.07.30 16:55:00,16:55:00,72,
2026.07.30 16:56:00,16:56:00,76,
2026.07.30 16:57:00,16:57:00,77,
2026.07.30 16:58:00,16:58:00,74,
2026.07.30 16:59:00,16:59:00,82,
2026.07.30 17:00:00,17:00:00,78,
2026.07.30 17:01:00,17:01:00,70,
2026.07.30 17:02:00,17:02:00,74,
2026.07.30 17:03:00,17:03:00,71,
2026.07.30 17:04:00,17:04:00,75,
2026.07.30 17:05:00,17:05:00,73,
2026.07.30 17:06:00,17:06:00,74,
2026.07.30 17:07:00,17:07:00,74,
2026.07.30 17:08:00,17:08:00,77,
2026.07.30 17:09:00,17:09:00,79,
2026.07.30 17:10:00,17:10:00,78,
2026.07.30 17:11:00,17:11:00,76,
2026.07.30 17:12:00,17:12:00,74,
2026.07.30 17:13:00,17:13:00,74,
2026.07.30 17:14:00,17:14:00,73,
2026.07.30 17:15:00,17:15:00,73,
2026.07.30 17:16:00,17:16:00,73,
2026.07.30 17:17:00,17:17:00,75,
2026.07.30 17:18:00,17:18:00,74,
2026.07.30 17:19:00,17:19:00,68,
2026.07.30 17:20:00,17:20:00,79,
2026.07.30 17:21:00,17:21:00,71,
2026.07.30 17:22:00,17:22:00,72,
2026.07.30 17:23:00,17:23:00,75,
2026.07.30 17:24:00,17:24:00,77,
2026.07.30 17:25:00,17:25:00,80,
2026.07.30 17:26:00,17:26:00,73,
2026.07.30 17:27:00,17:27:00,92,
2026.07.30 17:28:00,17:28:00,77,
2026.07.30 17:29:00,17:29:00,86,
2026.07.30 17:30:00,17:30:00,82,
2026.07.30 17:31:00,17:31:00,82,
2026.07.30 17:32:00,17:32:00,87,
2026.07.30 17:33:00,17:33:00,79,
2026.07.30 17:34:00,17:34:00,77,
2026.07.30 17:35:00,17:35:00,77,
2026.07.30 17:36:00,17:36:00,79,
2026.07.30 17:37:00,17:37:00,83,
2026.07.30 17:38:00,17:38:00,82,
2026.07.30 17:39:00,17:39:00,85,
2026.07.30 17:40:00,17:40:00,84,
2026.07.30 17:41:00,17:41:00,85,
2026.07.30 17:42:00,17:42:00,83,
2026.07.30 17:43:00,17:43:00,89,
2026.07.30 17:44:00,17:44:00,87,
2026.07.30 17:45:00,17:45:00,74,
2026.07.30 17:46:00,17:46:00,71,
2026.07.30 17:47:00,17:47:00,68,
2026.07.30 17:48:00,17:48:00,75,
2026.07.30 17:49:00,17:49:00,79,
2026.07.30 17:50:00,17:50:00,95,
2026.07.30 17:51:00,17:51:00,93,
2026.07.30 17:52:00,17:52:00,93,
2026.07.30 17:53:00,17:53:00,100,
2026.07.30 17:54:00,17:54:00,90,
2026.07.30 17:55:00,17:55:00,90,
2026.07.30 17:56:00,17:56:00,93,
2026.07.30 17:57:00,17:57:00,94,
2026.07.30 17:58:00,17:58:00,92,
2026.07.30 17:59:00,17:59:00,82,
2026.07.30 18:00:00,18:00:00,81,
2026.07.30 18:01:00,18:01:00,75,
2026.07.30 18:02:00,18:02:00,82,
2026.07.30 18:03:00,18:03:00,78,
2026.07.30 18:04:00,18:04:00,72,
2026.07.30 18:05:00,18:05:00,67,
2026.07.30 18:06:00,18:06:00,82,
2026.07.30 18:07:00,18:07:00,74,
2026.07.30 18:08:00,18:08:00,71,
2026.07.30 18:09:00,18:09:00,83,
2026.07.30 18:10:00,18:10:00,94,
2026.07.30 18:11:00,18:11:00,82,
2026.07.30 18:12:00,18:12:00,82,
2026.07.30 18:13:00,18:13:00,73,
2026.07.30 18:14:00,18:14:00,69,
2026.07.30 18:15:00,18:15:00,70,
2026.07.30 18:16:00,18:16:00,70,
2026.07.30 18:17:00,18:17:00,73,
2026.07.30 18:18:00,18:18:00,75,
2026.07.30 18:19:00,18:19:00,74,
2026.07.30 18:20:00,18:20:00,72,
2026.07.30 18:21:00,18:21:00,73,
2026.07.30 18:22:00,18:22:00,81,
2026.07.30 18:23:00,18:23:00,72,
2026.07.30 18:24:00,18:24:00,94,
2026.07.30 18:25:00,18:25:00,90,
2026.07.30 18:26:00,18:26:00,95,
2026.07.30 18:27:00,18:27:00,92,
2026.07.30 18:28:00,18:28:00,89,
2026.07.30 18:29:00,18:29:00,88,
2026.07.30 18:30:00,18:30:00,90,
2026.07.30 18:31:00,18:31:00,91,
2026.07.30 18:32:00,18:32:00,89,
2026.07.30 18:33:00,18:33:00,87,
2026.07.30 18:34:00,18:34:00,88,
2026.07.30 18:35:00,18:35:00,95,
2026.07.30 18:36:00,18:36:00,87,
2026.07.30 18:37:00,18:37:00,83,
2026.07.30 18:38:00,18:38:00,93,
2026.07.30 18:39:00,18:39:00,93,
2026.07.30 18:40:00,18:40:00,92,
2026.07.30 18:41:00,18:41:00,88,
2026.07.30 18:42:00,18:42:00,85,
2026.07.30 18:43:00,18:43:00,91,
2026.07.30 18:44:00,18:44:00,84,
2026.07.30 18:45:00,18:45:00,91,
2026.07.30 18:46:00,18:46:00,94,
2026.07.30 18:47:00,18:47:00,92,
2026.07.30 18:48:00,18:48:00,90,
2026.07.30 18:49:00,18:49:00,94,
2026.07.30 18:50:00,18:50:00,93,
2026.07.30 18:51:00,18:51:00,83,
2026.07.30 18:52:00,18:52:00,88,
2026.07.30 18:53:00,18:53:00,80,
2026.07.30 18:54:00,18:54:00,93,
2026.07.30 18:55:00,18:55:00,88,
2026.07.30 18:56:00,18:56:00,88,
2026.07.30 18:57:00,18:57:00,93,
2026.07.30 18:58:00,18:58:00,90,
2026.07.30 18:59:00,18:59:00,94,
2026.07.30 19:00:00,19:00:00,90,
2026.07.30 19:01:00,19:01:00,96,
2026.07.30 19:02:00,19:02:00,96,
2026.07.30 19:03:00,19:03:00,91,
2026.07.30 19:04:00,19:04:00,94,
2026.07.30 19:05:00,19:05:00,94,
2026.07.30 19:06:00,19:06:00,102,
2026.07.30 19:07:00,19:07:00,94,
2026.07.30 19:08:00,19:08:00,93,
2026.07.30 19:09:00,19:09:00,92,
2026.07.30 19:10:00,19:10:00,85,
2026.07.30 19:11:00,19:11:00,93,
2026.07.30 19:12:00,19:12:00,90,
2026.07.30 19:13:00,19:13:00,89,
2026.07.30 19:14:00,19:14:00,94,
2026.07.30 19:15:00,19:15:00,86,
2026.07.30 19:16:00,19:16:00,95,
2026.07.30 19:17:00,19:17:00,92,
2026.07.30 19:18:00,19:18:00,90,
2026.07.30 19:19:00,19:19:00,95,
2026.07.30 19:20:00,19:20:00,95,
2026.07.30 19:21:00,19:21:00,101,
2026.07.30 19:22:00,19:22:00,103,
2026.07.30 19:23:00,19:23:00,91,
2026.07.30 19:24:00,19:24:00,101,
2026.07.30 19:25:00,19:25:00,94,
2026.07.30 19:26:00,19:26:00,93,
2026.07.30 19:27:00,19:27:00,93,
2026.07.30 19:28:00,19:28:00,94,
2026.07.30 19:29:00,19:29:00,88,
2026.07.30 19:30:00,19:30:00,88,
2026.07.30 19:31:00,19:31:00,87,
2026.07.30 19:32:00,19:32:00,83,
2026.07.30 19:33:00,19:33:00,79,
2026.07.30 19:34:00,19:34:00,77,
2026.07.30 19:35:00,19:35:00,76,
2026.07.30 19:36:00,19:36:00,76,
2026.07.30 19:37:00,19:37:00,77,
2026.07.30 19:38:00,19:38:00,75,
2026.07.30 19:39:00,19:39:00,72,
2026.07.30 19:40:00,19:40:00,70,
2026.07.30 19:41:00,19:41:00,77,
2026.07.30 19:42:00,19:42:00,78,
2026.07.30 19:43:00,19:43:00,82,
2026.07.30 19:44:00,19:44:00,88,
2026.07.30 19:45:00,19:45:00,80,
2026.07.30 19:46:00,19:46:00,72,
2026.07.30 19:47:00,19:47:00,70,
2026.07.30 19:48:00,19:48:00,69,
2026.07.30 19:49:00,19:49:00,66,
2026.07.30 19:50:00,19:50:00,75,
2026.07.30 19:51:00,19:51:00,67,
2026.07.30 19:52:00,19:52:00,74,
2026.07.30 19:53:00,19:53:00,74,
2026.07.30 19:54:00,19:54:00,76,
2026.07.30 19:55:00,19:55:00,94,
2026.07.30 19:56:00,19:56:00,81,
2026.07.30 19:57:00,19:57:00,76,
2026.07.30 19:58:00,19:58:00,76,
2026.07.30 19:59:00,19:59:00,82,
2026.07.30 20:00:00,20:00:00,70,
2026.07.30 20:01:00,20:01:00,79,
2026.07.30 20:02:00,20:02:00,89,
2026.07.30 20:03:00,20:03:00,95,
2026.07.30 20:04:00,20:04:00,78,
2026.07.30 20:05:00,20:05:00,80,
2026.07.30 20:06:00,20:06:00,77,
2026.07.30 20:07:00,20:07:00,84,
2026.07.30 20:08:00,20:08:00,80,
2026.07.30 20:09:00,20:09:00,79,
2026.07.30 20:10:00,20:10:00,73,
2026.07.30 20:11:00,20:11:00,70,
2026.07.30 20:12:00,20:12:00,71,
2026.07.30 20:13:00,20:13:00,89,
2026.07.30 20:14:00,20:14:00,83,
2026.07.30 20:15:00,20:15:00,86,
2026.07.30 20:16:00,20:16:00,86,
2026.07.30 20:17:00,20:17:00,90,
2026.07.30 20:18:00,20:18:00,86,
2026.07.30 20:19:00,20:19:00,88,
2026.07.30 20:20:00,20:20:00,89,
2026.07.30 20:21:00,20:21:00,91,
2026.07.30 20:22:00,20:22:00,73,
2026.07.30 20:23:00,20:23:00,69,
2026.07.30 20:24:00,20:24:00,71,
2026.07.30 20:25:00,20:25:00,67,
2026.07.30 20:26:00,20:26:00,69,
2026.07.30 20:27:00,20:27:00,79,
2026.07.30 20:28:00,20:28:00,75,
2026.07.30 20:29:00,20:29:00,78,
2026.07.30 20:30:00,20:30:00,75,
2026.07.30 20:31:00,20:31:00,81,
2026.07.30 20:32:00,20:32:00,71,
2026.07.30 20:33:00,20:33:00,72,
2026.07.30 20:34:00,20:34:00,72,
2026.07.30 20:35:00,20:35:00,71,
2026.07.30 20:36:00,20:36:00,76,
2026.07.30 20:37:00,20:37:00,77,
2026.07.30 20:38:00,20:38:00,76,
2026.07.30 20:39:00,20:39:00,76,
2026.07.30 20:40:00,20:40:00,74,
2026.07.30 20:41:00,20:41:00,84,
2026.07.30 20:42:00,20:42:00,90,
2026.07.30 20:43:00,20:43:00,78,
2026.07.30 20:44:00,20:44:00,85,
2026.07.30 20:45:00,20:45:00,85,
2026.07.30 20:46:00,20:46:00,90,
2026.07.30 20:47:00,20:47:00,74,
2026.07.30 20:48:00,20:48:00,69,
2026.07.30 20:49:00,20:49:00,73,
2026.07.30 20:50:00,20:50:00,72,
2026.07.30 20:51:00,20:51:00,63,
2026.07.30 20:52:00,20:52:00,73,
2026.07.30 20:53:00,20:53:00,82,
2026.07.30 20:54:00,20:54:00,89,
2026.07.30 20:55:00,20:55:00,85,
2026.07.30 20:56:00,20:56:00,89,
2026.07.30 20:57:00,20:57:00,87,
2026.07.30 20:58:00,20:58:00,90,
2026.07.30 20:59:00,20:59:00,88,
2026.07.30 21:00:00,21:00:00,86,
2026.07.30 21:01:00,21:01:00,90,
2026.07.30 21:02:00,21:02:00,88,
2026.07.30 21:03:00,21:03:00,80,
2026.07.30 21:04:00,21:04:00,82,
2026.07.30 21:05:00,21:05:00,90,
2026.07.30 21:06:00,21:06:00,85,
2026.07.30 21:07:00,21:07:00,80,
2026.07.30 21:08:00,21:08:00,89,
2026.07.30 21:09:00,21:09:00,74,
2026.07.30 21:10:00,21:10:00,87,
2026.07.30 21:11:00,21:11:00,91,
2026.07.30 21:12:00,21:12:00,88,
2026.07.30 21:13:00,21:13:00,71,
2026.07.30 21:14:00,21:14:00,72,
2026.07.30 21:15:00,21:15:00,71,
2026.07.30 21:16:00,21:16:00,80,
2026.07.30 21:17:00,21:17:00,72,
2026.07.30 21:18:00,21:18:00,71,
2026.07.30 21:19:00,21:19:00,69,
2026.07.30 21:20:00,21:20:00,72,
2026.07.30 21:21:00,21:21:00,70,
2026.07.30 21:22:00,21:22:00,70,
2026.07.30 21:23:00,21:23:00,67,
2026.07.30 21:24:00,21:24:00,70,
2026.07.30 21:25:00,21:25:00,92,
2026.07.30 21:26:00,21:26:00,81,
2026.07.30 21:27:00,21:27:00,81,
2026.07.30 21:28:00,21:28:00,74,
2026.07.30 21:29:00,21:29:00,69,
2026.07.30 21:30:00,21:30:00,75,
2026.07.30 21:31:00,21:31:00,78,
2026.07.30 21:32:00,21:32:00,80,
2026.07.30 21:33:00,21:33:00,74,
2026.07.30 21:34:00,21:34:00,78,
2026.07.30 21:35:00,21:35:00,74,
2026.07.30 21:36:00,21:36:00,74,
2026.07.30 21:37:00,21:37:00,74,
2026.07.30 21:38:00,21:38:00,75,
2026.07.30 21:39:00,21:39:00,78,
2026.07.30 21:40:00,21:40:00,81,
2026.07.30 21:41:00,21:41:00,76,
2026.07.30 21:42:00,21:42:00,80,
2026.07.30 21:43:00,21:43:00,72,
2026.07.30 21:44:00,21:44:00,77,
2026.07.30 21:45:00,21:45:00,67,
2026.07.30 21:46:00,21:46:00,66,
2026.07.30 21:47:00,21:47:00,61,
2026.07.30 21:48:00,21:48:00,59,
2026.07.30 21:49:00,21:49:00,61,
2026.07.30 21:50:00,21:50:00,60,
2026.07.30 21:51:00,21:51:00,65,
2026.07.30 21:52:00,21:52:00,69,
2026.07.30 21:53:00,21:53:00,61,
2026.07.30 21:54:00,21:54:00,65,
2026.07.30 21:55:00,21:55:00,60,
2026.07.30 21:56:00,21:56:00,61,
2026.07.30 21:57:00,21:57:00,62,
2026.07.30 21:58:00,21:58:00,62,
2026.07.30 21:59:00,21:59:00,64,
2026.07.30 22:00:00,22:00:00,58,
2026.07.30 22:01:00,22:01:00,58,
2026.07.30 22:02:00,22:02:00,61,
2026.07.30 22:03:00,22:03:00,60,
2026.07.30 22:04:00,22:04:00,58,
2026.07.30 22:05:00,22:05:00,60,
2026.07.30 22:06:00,22:06:00,58,
2026.07.30 22:07:00,22:07:00,58,
2026.07.30 22:08:00,22:08:00,69,
2026.07.30 22:09:00,22:09:00,64,
2026.07.30 22:10:00,22:10:00,69,
2026.07.30 22:11:00,22:11:00,65,
2026.07.30 22:12:00,22:12:00,65,
2026.07.30 22:13:00,22:13:00,70,
2026.07.30 22:14:00,22:14:00,65,
2026.07.30 22:15:00,22:15:00,61,
2026.07.30 22:16:00,22:16:00,63,
2026.07.30 22:17:00,22:17:00,61,
2026.07.30 22:18:00,22:18:00,61,
2026.07.30 22:19:00,22:19:00,63,
2026.07.30 22:20:00,22:20:00,64,
2026.07.30 22:21:00,22:21:00,76,
2026.07.30 22:22:00,22:22:00,87,
2026.07.30 22:23:00,22:23:00,89,
2026.07.30 22:24:00,22:24:00,68,
2026.07.30 22:25:00,22:25:00,65,
2026.07.30 22:26:00,22:26:00,60,
2026.07.30 22:27:00,22:27:00,61,
2026.07.30 22:28:00,22:28:00,65,
2026.07.30 22:29:00,22:29:00,61,
2026.07.30 22:30:00,22:30:00,61,
2026.07.30 22:31:00,22:31:00,59,
2026.07.30 22:32:00,22:32:00,61,
2026.07.30 22:33:00,22:33:00,60,
2026.07.30 22:34:00,22:34:00,65,
2026.07.30 22:35:00,22:35:00,54,
2026.07.30 22:36:00,22:36:00,60,
2026.07.30 22:37:00,22:37:00,64,
2026.07.30 22:38:00,22:38:00,54,
2026.07.30 22:39:00,22:39:00,56,
2026.07.30 22:40:00,22:40:00,58,
2026.07.30 22:41:00,22:41:00,63,
2026.07.30 22:42:00,22:42:00,56,
2026.07.30 22:43:00,22:43:00,57,
2026.07.30 22:44:00,22:44:00,56,
2026.07.30 22:45:00,22:45:00,55,
2026.07.30 22:46:00,22:46:00,56,
2026.07.30 22:47:00,22:47:00,56,
2026.07.30 22:48:00,22:48:00,56,
2026.07.30 22:49:00,22:49:00,56,
2026.07.30 22:50:00,22:50:00,55,
2026.07.30 22:51:00,22:51:00,56,
2026.07.30 22:52:00,22:52:00,56,
2026.07.30 22:53:00,22:53:00,57,
2026.07.30 22:54:00,22:54:00,56,
2026.07.30 22:55:00,22:55:00,58,
2026.07.30 22:56:00,22:56:00,58,
2026.07.30 22:57:00,22:57:00,57,
2026.07.30 22:58:00,22:58:00,56,
2026.07.30 22:59:00,22:59:00,56,
2026.07.30 23:00:00,23:00:00,57,
2026.07.30 23:01:00,23:01:00,59,
2026.07.30 23:02:00,23:02:00,59,
2026.07.30 23:03:00,23:03:00,58,
2026.07.30 23:04:00,23:04:00,59,
2026.07.30 23:05:00,23:05:00,59,
2026.07.30 23:06:00,23:06:00,58,
2026.07.30 23:07:00,23:07:00,58,
2026.07.30 23:08:00,23:08:00,59,
2026.07.30 23:09:00,23:09:00,61,
2026.07.30 23:10:00,23:10:00,58,
2026.07.30 23:11:00,23:11:00,60,
2026.07.30 23:12:00,23:12:00,59,
2026.07.30 23:13:00,23:13:00,60,
2026.07.30 23:14:00,23:14:00,60,
2026.07.30 23:15:00,23:15:00,59,
2026.07.30 23:16:00,23:16:00,57,
2026.07.30 23:17:00,23:17:00,58,
2026.07.30 23:18:00,23:18:00,58,
2026.07.30 23:19:00,23:19:00,61,
2026.07.30 23:20:00,23:20:00,57,
2026.07.30 23:21:00,23:21:00,56,
2026.07.30 23:22:00,23:22:00,57,
2026.07.30 23:23:00,23:23:00,58,
2026.07.30 23:24:00,23:24:00,57,
2026.07.30 23:25:00,23:25:00,59,
2026.07.30 23:26:00,23:26:00,58,
2026.07.30 23:27:00,23:27:00,58,
2026.07.30 23:28:00,23:28:00,57,
2026.07.30 23:29:00,23:29:00,58,
2026.07.30 23:30:00,23:30:00,59,
2026.07.30 23:31:00,23:31:00,60,
2026.07.30 23:32:00,23:32:00,59,
2026.07.30 23:33:00,23:33:00,58,
2026.07.30 23:34:00,23:34:00,59,
2026.07.30 23:35:00,23:35:00,59,
2026.07.30 23:36:00,23:36:00,57,
2026.07.30 23:37:00,23:37:00,58,
2026.07.30 23:38:00,23:38:00,57,
2026.07.30 23:39:00,23:39:00,57,
2026.07.30 23:40:00,23:40:00,57,
2026.07.30 23:41:00,23:41:00,56,
2026.07.30 23:42:00,23:42:00,54,
2026.07.30 23:43:00,23:43:00,56,
2026.07.30 23:44:00,23:44:00,56,
2026.07.30 23:45:00,23:45:00,55,
2026.07.30 23:46:00,23:46:00,58,
2026.07.30 23:47:00,23:47:00,56,
2026.07.30 23:48:00,23:48:00,55,
2026.07.30 23:49:00,23:49:00,56,
2026.07.30 23:50:00,23:50:00,58,
2026.07.30 23:51:00,23:51:00,58,
2026.07.30 23:52:00,23:52:00,61,
2026.07.30 23:53:00,23:53:00,59,
2026.07.30 23:54:00,23:54:00,60,
2026.07.30 23:55:00,23:55:00,59,
2026.07.30 23:56:00,23:56:00,61,
2026.07.30 23:57:00,23:57:00,60,
2026.07.30 23:58:00,23:58:00,60,
2026.07.30 23:59:00,23:59:00,60,
2026.07.31 00:00:00,00:00:00,61,
2026.07.31 00:01:00,00:01:00,60,
2026.07.31 00:02:00,00:02:00,60,
2026.07.31 00:03:00,00:03:00,58,
2026.07.31 00:04:00,00:04:00,63,
2026.07.31 00:05:00,00:05:00,62,
2026.07.31 00:06:00,00:06:00,60,
2026.07.31 00:07:00,00:07:00,62,
2026.07.31 00:08:00,00:08:00,61,
2026.07.31 00:09:00,00:09:00,83,
2026.07.31 00:10:00,00:10:00,54,
2026.07.31 00:11:00,00:11:00,55,
2026.07.31 00:12:00,00:12:00,55,
2026.07.31 00:13:00,00:13:00,53,
2026.07.31 00:14:00,00:14:00,56,
2026.07.31 00:15:00,00:15:00,59,
2026.07.31 00:16:00,00:16:00,60,
2026.07.31 00:17:00,00:17:00,61,
2026.07.31 00:18:00,00:18:00,58,
2026.07.31 00:19:00,00:19:00,65,
2026.07.31 00:20:00,00:20:00,59,
2026.07.31 00:21:00,00:21:00,60,
2026.07.31 00:22:00,00:22:00,64,
2026.07.31 00:23:00,00:23:00,56,
2026.07.31 00:24:00,00:24:00,58,
2026.07.31 00:25:00,00:25:00,61,
2026.07.31 00:26:00,00:26:00,61,
2026.07.31 00:27:00,00:27:00,56,
2026.07.31 00:28:00,00:28:00,62,
2026.07.31 00:29:00,00:29:00,62,
2026.07.31 00:30:00,00:30:00,63,
2026.07.31 00:31:00,00:31:00,62,
2026.07.31 00:32:00,00:32:00,64,
2026.07.31 00:33:00,00:33:00,63,
2026.07.31 00:34:00,00:34:00,63,
2026.07.31 00:35:00,00:35:00,58,
2026.07.31 00:36:00,00:36:00,58,
2026.07.31 00:37:00,00:37:00,58,
2026.07.31 00:38:00,00:38:00,59,
2026.07.31 00:39:00,00:39:00,59,
2026.07.31 00:40:00,00:40:00,56,
2026.07.31 00:41:00,00:41:00,59,
2026.07.31 00:42:00,00:42:00,58,
2026.07.31 00:43:00,00:43:00,57,
2026.07.31 00:44:00,00:44:00,57,
2026.07.31 00:45:00,00:45:00,54,
2026.07.31 00:46:00,00:46:00,59,
2026.07.31 00:47:00,00:47:00,58,
2026.07.31 00:48:00,00:48:00,57,
2026.07.31 00:49:00,00:49:00,58,
2026.07.31 00:50:00,00:50:00,58,
2026.07.31 00:51:00,00:51:00,60,
2026.07.31 00:52:00,00:52:00,59,
2026.07.31 00:53:00,00:53:00,59,
2026.07.31 00:54:00,00:54:00,61,
2026.07.31 00:55:00,00:55:00,60,
2026.07.31 00:56:00,00:56:00,56,
2026.07.31 00:57:00,00:57:00,59,
2026.07.31 00:58:00,00:58:00,59,
2026.07.31 00:59:00,00:59:00,60,
2026.07.31 01:00:00,01:00:00,61,
2026.07.31 01:01:00,01:01:00,58,
2026.07.31 01:02:00,01:02:00,60,
2026.07.31 01:03:00,01:03:00,60,
2026.07.31 01:04:00,01:04:00,61,
2026.07.31 01:05:00,01:05:00,61,
2026.07.31 01:06:00,01:06:00,59,
2026.07.31 01:07:00,01:07:00,60,
2026.07.31 01:08:00,01:08:00,62,
2026.07.31 01:09:00,01:09:00,60,
2026.07.31 01:10:00,01:10:00,61,
2026.07.31 01:11:00,01:11:00,61,
2026.07.31 01:12:00,01:12:00,62,
2026.07.31 01:13:00,01:13:00,61,
2026.07.31 01:14:00,01:14:00,62,
2026.07.31 01:15:00,01:15:00,61,
2026.07.31 01:16:00,01:16:00,61,
2026.07.31 01:17:00,01:17:00,61,
2026.07.31 01:18:00,01:18:00,61,
2026.07.31 01:19:00,01:19:00,62,
2026.07.31 01:20:00,01:20:00,59,
2026.07.31 01:21:00,01:21:00,69,
2026.07.31 01:22:00,01:22:00,59,
2026.07.31 01:23:00,01:23:00,84,
2026.07.31 01:24:00,01:24:00,52,
2026.07.31 01:25:00,01:25:00,54,
2026.07.31 01:26:00,01:26:00,55,
2026.07.31 01:27:00,01:27:00,51,
2026.07.31 01:28:00,01:28:00,53,
2026.07.31 01:29:00,01:29:00,54,
2026.07.31 01:30:00,01:30:00,54,
2026.07.31 01:31:00,01:31:00,54,
2026.07.31 01:32:00,01:32:00,55,
2026.07.31 01:33:00,01:33:00,54,
2026.07.31 01:34:00,01:34:00,55,
2026.07.31 01:35:00,01:35:00,54,
2026.07.31 01:36:00,01:36:00,54,
2026.07.31 01:37:00,01:37:00,55,
2026.07.31 01:38:00,01:38:00,56,
2026.07.31 01:39:00,01:39:00,62,
2026.07.31 01:40:00,01:40:00,58,
2026.07.31 01:41:00,01:41:00,54,
2026.07.31 01:42:00,01:42:00,54,
2026.07.31 01:43:00,01:43:00,53,
2026.07.31 01:44:00,01:44:00,52,
2026.07.31 01:45:00,01:45:00,54,
2026.07.31 01:46:00,01:46:00,54,
2026.07.31 01:47:00,01:47:00,53,
2026.07.31 01:48:00,01:48:00,54,
2026.07.31 01:49:00,01:49:00,51,
2026.07.31 01:50:00,01:50:00,52,
2026.07.31 01:51:00,01:51:00,49,
2026.07.31 01:52:00,01:52:00,52,
2026.07.31 01:53:00,01:53:00,52,
2026.07.31 01:54:00,01:54:00,78,
2026.07.31 01:55:00,01:55:00,51,
2026.07.31 01:56:00,01:56:00,53,
2026.07.31 01:57:00,01:57:00,58,
2026.07.31 01:58:00,01:58:00,52,
2026.07.31 01:59:00,01:59:00,58,
2026.07.31 02:00:00,02:00:00,53,
2026.07.31 02:01:00,02:01:00,58,
2026.07.31 02:02:00,02:02:00,55,
2026.07.31 02:03:00,02:03:00,70,
2026.07.31 02:04:00,02:04:00,61,
2026.07.31 02:05:00,02:05:00,54,
2026.07.31 02:06:00,02:06:00,53,
2026.07.31 02:07:00,02:07:00,60,
2026.07.31 02:08:00,02:08:00,62,
2026.07.31 02:09:00,02:09:00,54,
2026.07.31 02:10:00,02:10:00,53,
2026.07.31 02:11:00,02:11:00,58,
2026.07.31 02:12:00,02:12:00,61,
2026.07.31 02:13:00,02:13:00,59,
2026.07.31 02:14:00,02:14:00,55,
2026.07.31 02:15:00,02:15:00,54,
2026.07.31 02:16:00,02:16:00,55,
2026.07.31 02:17:00,02:17:00,56,
2026.07.31 02:18:00,02:18:00,56,
2026.07.31 02:19:00,02:19:00,58,
2026.07.31 02:20:00,02:20:00,54,
2026.07.31 02:21:00,02:21:00,62,
2026.07.31 02:22:00,02:22:00,57,
2026.07.31 02:23:00,02:23:00,57,
2026.07.31 02:24:00,02:24:00,60,
2026.07.31 02:25:00,02:25:00,58,
2026.07.31 02:26:00,02:26:00,59,
2026.07.31 02:27:00,02:27:00,69,
2026.07.31 02:28:00,02:28:00,52,
2026.07.31 02:29:00,02:29:00,55,
2026.07.31 02:30:00,02:30:00,54,
2026.07.31 02:31:00,02:31:00,55,
2026.07.31 02:32:00,02:32:00,55,
2026.07.31 02:33:00,02:33:00,53,
2026.07.31 02:34:00,02:34:00,55,
2026.07.31 02:35:00,02:35:00,54,
2026.07.31 02:36:00,02:36:00,56,
2026.07.31 02:37:00,02:37:00,54,
2026.07.31 02:38:00,02:38:00,55,
2026.07.31 02:39:00,02:39:00,55,
2026.07.31 02:40:00,02:40:00,55,
2026.07.31 02:41:00,02:41:00,58,
2026.07.31 02:42:00,02:42:00,55,
2026.07.31 02:43:00,02:43:00,58,
2026.07.31 02:44:00,02:44:00,57,
2026.07.31 02:45:00,02:45:00,59,
2026.07.31 02:46:00,02:46:00,56,
2026.07.31 02:47:00,02:47:00,56,
2026.07.31 02:48:00,02:48:00,58,
2026.07.31 02:49:00,02:49:00,58,
2026.07.31 02:50:00,02:50:00,55,
2026.07.31 02:51:00,02:51:00,58,
2026.07.31 02:52:00,02:52:00,59,
2026.07.31 02:53:00,02:53:00,56,
2026.07.31 02:54:00,02:54:00,59,
2026.07.31 02:55:00,02:55:00,58,
2026.07.31 02:56:00,02:56:00,57,
2026.07.31 02:57:00,02:57:00,58,
2026.07.31 02:58:00,02:58:00,57,
2026.07.31 02:59:00,02:59:00,54,
2026.07.31 03:00:00,03:00:00,57,
2026.07.31 03:01:00,03:01:00,72,
2026.07.31 03:02:00,03:02:00,64,
2026.07.31 03:03:00,03:03:00,68,
2026.07.31 03:04:00,03:04:00,62,
2026.07.31 03:05:00,03:05:00,64,
2026.07.31 03:06:00,03:06:00,59,
2026.07.31 03:07:00,03:07:00,59,
2026.07.31 03:08:00,03:08:00,59,
2026.07.31 03:09:00,03:09:00,60,
2026.07.31 03:10:00,03:10:00,60,
2026.07.31 03:11:00,03:11:00,60,
2026.07.31 03:12:00,03:12:00,59,
2026.07.31 03:13:00,03:13:00,61,
2026.07.31 03:14:00,03:14:00,61,
2026.07.31 03:15:00,03:15:00,61,
2026.07.31 03:16:00,03:16:00,61,
2026.07.31 03:17:00,03:17:00,62,
2026.07.31 03:18:00,03:18:00,62,
2026.07.31 03:19:00,03:19:00,62,
2026.07.31 03:20:00,03:20:00,63,
2026.07.31 03:21:00,03:21:00,63,
2026.07.31 03:22:00,03:22:00,63,
2026.07.31 03:23:00,03:23:00,63,
2026.07.31 03:24:00,03:24:00,63,
2026.07.31 03:25:00,03:25:00,65,
2026.07.31 03:26:00,03:26:00,61,
2026.07.31 03:27:00,03:27:00,64,
2026.07.31 03:28:00,03:28:00,63,
2026.07.31 03:29:00,03:29:00,63,
2026.07.31 03:30:00,03:30:00,64,
2026.07.31 03:31:00,03:31:00,64,
2026.07.31 03:32:00,03:32:00,62,
2026.07.31 03:33:00,03:33:00,51,
2026.07.31 03:34:00,03:34:00,55,
2026.07.31 03:35:00,03:35:00,58,
2026.07.31 03:36:00,03:36:00,56,
2026.07.31 03:37:00,03:37:00,60,
2026.07.31 03:38:00,03:38:00,65,
2026.07.31 03:39:00,03:39:00,55,
2026.07.31 03:40:00,03:40:00,55,
2026.07.31 03:41:00,03:41:00,66,
2026.07.31 03:42:00,03:42:00,60,
2026.07.31 03:43:00,03:43:00,64,
2026.07.31 03:44:00,03:44:00,54,
2026.07.31 03:45:00,03:45:00,61,
2026.07.31 03:46:00,03:46:00,61,
2026.07.31 03:47:00,03:47:00,61,
2026.07.31 03:48:00,03:48:00,61,
2026.07.31 03:49:00,03:49:00,64,
2026.07.31 03:50:00,03:50:00,65,
2026.07.31 03:51:00,03:51:00,61,
2026.07.31 03:52:00,03:52:00,62,
2026.07.31 03:53:00,03:53:00,60,
2026.07.31 03:54:00,03:54:00,62,
2026.07.31 03:55:00,03:55:00,66,
2026.07.31 03:56:00,03:56:00,62,
2026.07.31 03:57:00,03:57:00,53,
2026.07.31 03:58:00,03:58:00,53,
2026.07.31 03:59:00,03:59:00,56,
2026.07.31 04:00:00,04:00:00,54,
2026.07.31 04:01:00,04:01:00,58,
2026.07.31 04:02:00,04:02:00,51,
2026.07.31 04:03:00,04:03:00,61,
2026.07.31 04:04:00,04:04:00,60,
2026.07.31 04:05:00,04:05:00,59,
2026.07.31 04:06:00,04:06:00,64,
2026.07.31 04:07:00,04:07:00,63,
2026.07.31 04:08:00,04:08:00,75,
2026.07.31 04:09:00,04:09:00,58,
2026.07.31 04:10:00,04:10:00,55,
2026.07.31 04:11:00,04:11:00,58,
2026.07.31 04:12:00,04:12:00,64,
2026.07.31 04:13:00,04:13:00,56,
2026.07.31 04:14:00,04:14:00,61,
2026.07.31 04:15:00,04:15:00,60,
2026.07.31 04:16:00,04:16:00,61,
2026.07.31 04:17:00,04:17:00,65,
2026.07.31 04:18:00,04:18:00,54,
2026.07.31 04:19:00,04:19:00,58,
2026.07.31 04:20:00,04:20:00,60,
2026.07.31 04:21:00,04:21:00,61,
2026.07.31 04:22:00,04:22:00,56,
2026.07.31 04:23:00,04:23:00,56,
2026.07.31 04:24:00,04:24:00,60,
2026.07.31 04:25:00,04:25:00,57,
2026.07.31 04:26:00,04:26:00,56,
2026.07.31 04:27:00,04:27:00,62,
2026.07.31 04:28:00,04:28:00,71,
2026.07.31 04:29:00,04:29:00,57,
2026.07.31 04:30:00,04:30:00,53,
2026.07.31 04:31:00,04:31:00,54,
2026.07.31 04:32:00,04:32:00,59,
2026.07.31 04:33:00,04:33:00,58,
2026.07.31 04:34:00,04:34:00,56,
2026.07.31 04:35:00,04:35:00,56,
2026.07.31 04:36:00,04:36:00,56,
2026.07.31 04:37:00,04:37:00,59,
2026.07.31 04:38:00,04:38:00,58,
2026.07.31 04:39:00,04:39:00,56,
2026.07.31 04:40:00,04:40:00,61,
2026.07.31 04:41:00,04:41:00,58,
2026.07.31 04:42:00,04:42:00,58,
2026.07.31 04:43:00,04:43:00,54,
2026.07.31 04:44:00,04:44:00,60,
2026.07.31 04:45:00,04:45:00,60,
2026.07.31 04:46:00,04:46:00,60,
2026.07.31 04:47:00,04:47:00,59,
2026.07.31 04:48:00,04:48:00,63,
2026.07.31 04:49:00,04:49:00,61,
2026.07.31 04:50:00,04:50:00,63,
2026.07.31 04:51:00,04:51:00,63,
2026.07.31 04:52:00,04:52:00,61,
2026.07.31 04:53:00,04:53:00,54,
2026.07.31 04:54:00,04:54:00,57,
2026.07.31 04:55:00,04:55:00,57,
2026.07.31 04:56:00,04:56:00,57,
2026.07.31 04:57:00,04:57:00,56,
2026.07.31 04:58:00,04:58:00,59,
2026.07.31 04:59:00,04:59:00,57,
2026.07.31 05:00:00,05:00:00,58,
2026.07.31 05:01:00,05:01:00,59,
2026.07.31 05:02:00,05:02:00,60,
2026.07.31 05:03:00,05:03:00,60,
2026.07.31 05:04:00,05:04:00,62,
2026.07.31 05:05:00,05:05:00,58,
2026.07.31 05:06:00,05:06:00,57,
2026.07.31 05:07:00,05:07:00,59,
2026.07.31 05:08:00,05:08:00,57,
2026.07.31 05:09:00,05:09:00,61,
2026.07.31 05:10:00,05:10:00,59,
2026.07.31 05:11:00,05:11:00,59,
2026.07.31 05:12:00,05:12:00,61,
2026.07.31 05:13:00,05:13:00,58,
2026.07.31 05:14:00,05:14:00,61,
2026.07.31 05:15:00,05:15:00,59,
2026.07.31 05:16:00,05:16:00,61,
2026.07.31 05:17:00,05:17:00,60,
2026.07.31 05:18:00,05:18:00,63,
2026.07.31 05:19:00,05:19:00,62,
2026.07.31 05:20:00,05:20:00,64,
2026.07.31 05:21:00,05:21:00,62,
2026.07.31 05:22:00,05:22:00,63,
2026.07.31 05:23:00,05:23:00,59,
2026.07.31 05:24:00,05:24:00,59,
2026.07.31 05:25:00,05:25:00,61,
2026.07.31 05:26:00,05:26:00,58,
2026.07.31 05:27:00,05:27:00,55,
2026.07.31 05:28:00,05:28:00,65,
2026.07.31 05:29:00,05:29:00,65,
2026.07.31 05:30:00,05:30:00,69,
2026.07.31 05:31:00,05:31:00,65,
2026.07.31 05:32:00,05:32:00,65,
2026.07.31 05:33:00,05:33:00,72,
2026.07.31 05:34:00,05:34:00,83,
2026.07.31 05:35:00,05:35:00,59,
2026.07.31 05:36:00,05:36:00,60,
2026.07.31 05:37:00,05:37:00,59,
2026.07.31 05:38:00,05:38:00,59,
2026.07.31 05:39:00,05:39:00,64,
2026.07.31 05:40:00,05:40:00,71,
2026.07.31 05:41:00,05:41:00,66,
2026.07.31 05:42:00,05:42:00,66,
2026.07.31 05:43:00,05:43:00,65,
2026.07.31 05:44:00,05:44:00,67,
2026.07.31 05:45:00,05:45:00,64,
2026.07.31 05:46:00,05:46:00,64,
2026.07.31 05:47:00,05:47:00,63,
2026.07.31 05:48:00,05:48:00,63,
2026.07.31 05:49:00,05:49:00,64,
2026.07.31 05:50:00,05:50:00,72,
2026.07.31 05:51:00,05:51:00,72,
2026.07.31 05:52:00,05:52:00,73,
2026.07.31 05:53:00,05:53:00,84,
2026.07.31 05:54:00,05:54:00,64,
2026.07.31 05:55:00,05:55:00,61,
2026.07.31 05:56:00,05:56:00,60,
2026.07.31 05:57:00,05:57:00,62,
2026.07.31 05:58:00,05:58:00,66,
2026.07.31 05:59:00,05:59:00,62,
2026.07.31 06:00:00,06:00:00,61,
2026.07.31 06:01:00,06:01:00,64,
2026.07.31 06:02:00,06:02:00,76,
2026.07.31 06:03:00,06:03:00,61,
2026.07.31 06:04:00,06:04:00,64,
2026.07.31 06:05:00,06:05:00,63,
2026.07.31 06:06:00,06:06:00,63,
2026.07.31 06:07:00,06:07:00,66,
2026.07.31 06:08:00,06:08:00,62,
2026.07.31 06:09:00,06:09:00,68,
2026.07.31 06:10:00,06:10:00,64,
2026.07.31 06:11:00,06:11:00,73,
2026.07.31 06:12:00,06:12:00,61,
2026.07.31 06:13:00,06:13:00,60,
2026.07.31 06:14:00,06:14:00,70,
2026.07.31 06:15:00,06:15:00,80,
2026.07.31 06:16:00,06:16:00,56,
2026.07.31 06:17:00,06:17:00,61,
2026.07.31 06:18:00,06:18:00,55,
2026.07.31 06:19:00,06:19:00,55,
2026.07.31 06:20:00,06:20:00,59,
2026.07.31 06:21:00,06:21:00,53,
2026.07.31 06:22:00,06:22:00,58,
2026.07.31 06:23:00,06:23:00,58,
2026.07.31 06:24:00,06:24:00,58,
2026.07.31 06:25:00,06:25:00,55,
2026.07.31 06:26:00,06:26:00,59,
2026.07.31 06:27:00,06:27:00,58,
2026.07.31 06:28:00,06:28:00,60,
2026.07.31 06:29:00,06:29:00,58,
2026.07.31 06:30:00,06:30:00,59,
2026.07.31 06:31:00,06:31:00,60,
2026.07.31 06:32:00,06:32:00,62,
2026.07.31 06:33:00,06:33:00,63,
2026.07.31 06:34:00,06:34:00,63,
2026.07.31 06:35:00,06:35:00,63,
2026.07.31 06:36:00,06:36:00,64,
2026.07.31 06:37:00,06:37:00,62,
2026.07.31 06:38:00,06:38:00,61,
2026.07.31 06:39:00,06:39:00,64,
2026.07.31 06:40:00,06:40:00,62,
2026.07.31 06:41:00,06:41:00,63,
2026.07.31 06:42:00,06:42:00,63,
2026.07.31 06:43:00,06:43:00,63,
2026.07.31 06:44:00,06:44:00,62,
2026.07.31 06:45:00,06:45:00,64,
2026.07.31 06:46:00,06:46:00,63,
2026.07.31 06:47:00,06:47:00,65,
2026.07.31 06:48:00,06:48:00,71,
2026.07.31 06:49:00,06:49:00,87,
2026.07.31 06:50:00,06:50:00,86,
2026.07.31 06:51:00,06:51:00,93,
2026.07.31 06:52:00,06:52:00,92,
2026.07.31 06:53:00,06:53:00,95,
2026.07.31 06:54:00,06:54:00,91,
2026.07.31 06:55:00,06:55:00,111,
2026.07.31 06:56:00,06:56:00,109,
2026.07.31 06:57:00,06:57:00,87,
2026.07.31 06:58:00,06:58:00,79,
2026.07.31 06:59:00,06:59:00,80,
2026.07.31 07:00:00,07:00:00,70,
2026.07.31 07:01:00,07:01:00,73,
2026.07.31 07:02:00,07:02:00,69,
2026.07.31 07:03:00,07:03:00,74,
2026.07.31 07:04:00,07:04:00,78,
2026.07.31 07:05:00,07:05:00,69,
2026.07.31 07:06:00,07:06:00,74,
2026.07.31 07:07:00,07:07:00,75,
2026.07.31 07:08:00,07:08:00,68,
2026.07.31 07:09:00,07:09:00,68,
2026.07.31 07:10:00,07:10:00,67,
2026.07.31 07:11:00,07:11:00,73,
2026.07.31 07:12:00,07:12:00,101,
2026.07.31 07:13:00,07:13:00,91,
2026.07.31 07:14:00,07:14:00,81,
2026.07.31 07:15:00,07:15:00,88,
2026.07.31 07:16:00,07:16:00,95,
2026.07.31 07:17:00,07:17:00,101,
2026.07.31 07:18:00,07:18:00,87,
2026.07.31 07:19:00,07:19:00,83,
2026.07.31 07:20:00,07:20:00,94,
2026.07.31 07:21:00,07:21:00,78,
2026.07.31 07:22:00,07:22:00,80,
2026.07.31 07:23:00,07:23:00,92,
2026.07.31 07:24:00,07:24:00,62,
2026.07.31 07:25:00,07:25:00,61,
2026.07.31 07:26:00,07:26:00,64,
2026.07.31 07:27:00,07:27:00,56,
2026.07.31 07:28:00,07:28:00,54,
2026.07.31 07:29:00,07:29:00,80,
2026.07.31 07:30:00,07:30:00,81,
2026.07.31 07:31:00,07:31:00,86,
2026.07.31 07:32:00,07:32:00,69,
2026.07.31 07:33:00,07:33:00,69,
2026.07.31 07:34:00,07:34:00,69,
2026.07.31 07:35:00,07:35:00,68,
2026.07.31 07:36:00,07:36:00,64,
2026.07.31 07:37:00,07:37:00,63,
2026.07.31 07:38:00,07:38:00,71,
2026.07.31 07:39:00,07:39:00,66,
2026.07.31 07:40:00,07:40:00,67,
2026.07.31 07:41:00,07:41:00,67,
2026.07.31 07:42:00,07:42:00,71,
2026.07.31 07:43:00,07:43:00,66,
2026.07.31 07:44:00,07:44:00,63,
2026.07.31 07:45:00,07:45:00,62,
2026.07.31 07:46:00,07:46:00,70,
2026.07.31 07:47:00,07:47:00,65,
2026.07.31 07:48:00,07:48:00,64,
2026.07.31 07:49:00,07:49:00,66,
2026.07.31 07:50:00,07:50:00,62,
2026.07.31 07:51:00,07:51:00,66,
2026.07.31 07:52:00,07:52:00,65,
2026.07.31 07:53:00,07:53:00,63,
2026.07.31 07:54:00,07:54:00,70,
2026.07.31 07:55:00,07:55:00,68,
2026.07.31 07:56:00,07:56:00,66,
2026.07.31 07:57:00,07:57:00,68,
2026.07.31 07:58:00,07:58:00,72,
2026.07.31 07:59:00,07:59:00,79,
2026.07.31 08:00:00,08:00:00,73,
2026.07.31 08:01:00,08:01:00,75,
2026.07.31 08:02:00,08:02:00,73,
2026.07.31 08:03:00,08:03:00,67,
2026.07.31 08:04:00,08:04:00,71,
2026.07.31 08:05:00,08:05:00,76,
2026.07.31 08:06:00,08:06:00,70,
2026.07.31 08:07:00,08:07:00,76,
2026.07.31 08:08:00,08:08:00,73,
2026.07.31 08:09:00,08:09:00,66,
2026.07.31 08:10:00,08:10:00,78,
2026.07.31 08:11:00,08:11:00,75,
2026.07.31 08:12:00,08:12:00,71,
2026.07.31 08:13:00,08:13:00,78,
2026.07.31 08:14:00,08:14:00,82,
2026.07.31 08:15:00,08:15:00,69,
2026.07.31 08:16:00,08:16:00,63,
2026.07.31 08:17:00,08:17:00,60,
2026.07.31 08:18:00,08:18:00,72,
2026.07.31 08:19:00,08:19:00,61,
2026.07.31 08:20:00,08:20:00,62,
2026.07.31 08:21:00,08:21:00,59,
2026.07.31 08:22:00,08:22:00,69,
2026.07.31 08:23:00,08:23:00,70,
2026.07.31 08:24:00,08:24:00,62,
2026.07.31 08:25:00,08:25:00,61,
2026.07.31 08:26:00,08:26:00,58,
2026.07.31 08:27:00,08:27:00,59,
2026.07.31 08:28:00,08:28:00,61,
2026.07.31 08:29:00,08:29:00,62,
2026.07.31 08:30:00,08:30:00,63,
2026.07.31 08:31:00,08:31:00,62,
2026.07.31 08:32:00,08:32:00,59,
2026.07.31 08:33:00,08:33:00,65,
2026.07.31 08:34:00,08:34:00,92,
2026.07.31 08:35:00,08:35:00,89,
2026.07.31 08:36:00,08:36:00,72,
2026.07.31 08:37:00,08:37:00,87,
2026.07.31 08:38:00,08:38:00,83,
2026.07.31 08:39:00,08:39:00,89,
2026.07.31 08:40:00,08:40:00,76,
2026.07.31 08:41:00,08:41:00,92,
2026.07.31 08:42:00,08:42:00,85,
2026.07.31 08:43:00,08:43:00,87,
2026.07.31 08:44:00,08:44:00,85,
2026.07.31 08:45:00,08:45:00,85,
2026.07.31 08:46:00,08:46:00,92,
2026.07.31 08:47:00,08:47:00,84,
2026.07.31 08:48:00,08:48:00,83,
2026.07.31 08:49:00,08:49:00,83,
2026.07.31 08:50:00,08:50:00,84,
2026.07.31 08:51:00,08:51:00,86,
2026.07.31 08:52:00,08:52:00,82,
2026.07.31 08:53:00,08:53:00,88,
2026.07.31 08:54:00,08:54:00,86,
2026.07.31 08:55:00,08:55:00,84,
2026.07.31 08:56:00,08:56:00,84,
2026.07.31 08:57:00,08:57:00,85,
2026.07.31 08:58:00,08:58:00,98,
2026.07.31 08:59:00,08:59:00,99,
2026.07.31 09:00:00,09:00:00,86,
2026.07.31 09:01:00,09:01:00,87,
2026.07.31 09:02:00,09:02:00,90,
2026.07.31 09:03:00,09:03:00,85,
2026.07.31 09:04:00,09:04:00,84,
2026.07.31 09:05:00,09:05:00,84,
2026.07.31 09:06:00,09:06:00,83,
2026.07.31 09:07:00,09:07:00,79,
2026.07.31 09:08:00,09:08:00,83,
2026.07.31 09:09:00,09:09:00,89,
2026.07.31 09:10:00,09:10:00,77,
2026.07.31 09:11:00,09:11:00,83,
2026.07.31 09:12:00,09:12:00,86,
2026.07.31 09:13:00,09:13:00,85,
2026.07.31 09:14:00,09:14:00,83,
2026.07.31 09:15:00,09:15:00,84,
2026.07.31 09:16:00,09:16:00,87,
2026.07.31 09:17:00,09:17:00,85,
2026.07.31 09:18:00,09:18:00,79,
2026.07.31 09:19:00,09:19:00,79,
2026.07.31 09:20:00,09:20:00,86,
2026.07.31 09:21:00,09:21:00,88,
2026.07.31 09:22:00,09:22:00,87,
2026.07.31 09:23:00,09:23:00,88,
2026.07.31 09:24:00,09:24:00,89,
2026.07.31 09:25:00,09:25:00,87,
2026.07.31 09:26:00,09:26:00,88,
2026.07.31 09:27:00,09:27:00,88,
2026.07.31 09:28:00,09:28:00,73,
2026.07.31 09:29:00,09:29:00,67,
2026.07.31 09:30:00,09:30:00,71,
2026.07.31 09:31:00,09:31:00,78,
2026.07.31 09:32:00,09:32:00,77,
2026.07.31 09:33:00,09:33:00,73,
2026.07.31 09:34:00,09:34:00,75,
2026.07.31 09:35:00,09:35:00,73,
2026.07.31 09:36:00,09:36:00,74,
2026.07.31 09:37:00,09:37:00,76,
2026.07.31 09:38:00,09:38:00,80,
2026.07.31 09:39:00,09:39:00,78,
2026.07.31 09:40:00,09:40:00,78,
2026.07.31 09:41:00,09:41:00,80,
2026.07.31 09:42:00,09:42:00,80,
2026.07.31 09:43:00,09:43:00,82,
2026.07.31 09:44:00,09:44:00,81,
2026.07.31 09:45:00,09:45:00,75,
2026.07.31 09:46:00,09:46:00,79,
2026.07.31 09:47:00,09:47:00,92,
2026.07.31 09:48:00,09:48:00,77,
2026.07.31 09:49:00,09:49:00,76,
2026.07.31 09:50:00,09:50:00,86,
2026.07.31 09:51:00,09:51:00,73,
2026.07.31 09:52:00,09:52:00,69,
2026.07.31 09:53:00,09:53:00,74,
2026.07.31 09:54:00,09:54:00,71,
2026.07.31 09:55:00,09:55:00,72,
2026.07.31 09:56:00,09:56:00,67,
2026.07.31 09:57:00,09:57:00,74,
2026.07.31 09:58:00,09:58:00,77,
2026.07.31 09:59:00,09:59:00,79,
2026.07.31 10:00:00,10:00:00,74,
2026.07.31 10:01:00,10:01:00,75,
2026.07.31 10:02:00,10:02:00,78,
2026.07.31 10:03:00,10:03:00,78,
2026.07.31 10:04:00,10:04:00,73,
2026.07.31 10:05:00,10:05:00,76,
2026.07.31 10:06:00,10:06:00,76,
2026.07.31 10:07:00,10:07:00,78,
2026.07.31 10:08:00,10:08:00,76,
2026.07.31 10:09:00,10:09:00,74,
2026.07.31 10:10:00,10:10:00,73,
2026.07.31 10:11:00,10:11:00,94,
2026.07.31 10:12:00,10:12:00,98,
2026.07.31 10:13:00,10:13:00,91,
2026.07.31 10:14:00,10:14:00,91,
2026.07.31 10:15:00,10:15:00,92,
2026.07.31 10:16:00,10:16:00,86,
2026.07.31 10:17:00,10:17:00,87,
2026.07.31 10:18:00,10:18:00,99,
2026.07.31 10:19:00,10:19:00,100,
2026.07.31 10:20:00,10:20:00,92,
2026.07.31 10:21:00,10:21:00,92,
2026.07.31 10:22:00,10:22:00,90,
2026.07.31 10:23:00,10:23:00,89,
2026.07.31 10:24:00,10:24:00,89,
2026.07.31 10:25:00,10:25:00,88,
2026.07.31 10:26:00,10:26:00,94,
2026.07.31 10:27:00,10:27:00,91,
2026.07.31 10:28:00,10:28:00,98,
2026.07.31 10:29:00,10:29:00,90,
2026.07.31 10:30:00,10:30:00,82,
2026.07.31 10:31:00,10:31:00,84,
2026.07.31 10:32:00,10:32:00,89,
2026.07.31 10:33:00,10:33:00,89,
2026.07.31 10:34:00,10:34:00,94,
2026.07.31 10:35:00,10:35:00,95,
2026.07.31 10:36:00,10:36:00,90,
2026.07.31 10:37:00,10:37:00,91,
2026.07.31 10:38:00,10:38:00,90,
2026.07.31 10:39:00,10:39:00,92,
2026.07.31 10:40:00,10:40:00,83,
2026.07.31 10:41:00,10:41:00,79,
2026.07.31 10:42:00,10:42:00,75,
2026.07.31 10:43:00,10:43:00,80,
2026.07.31 10:44:00,10:44:00,82,
2026.07.31 10:45:00,10:45:00,90,
2026.07.31 10:46:00,10:46:00,89,
2026.07.31 10:47:00,10:47:00,92,
2026.07.31 10:48:00,10:48:00,86,
2026.07.31 10:49:00,10:49:00,91,
2026.07.31 10:50:00,10:50:00,88,
2026.07.31 10:51:00,10:51:00,85,
2026.07.31 10:52:00,10:52:00,84,
2026.07.31 10:53:00,10:53:00,88,
2026.07.31 10:54:00,10:54:00,76,
2026.07.31 10:55:00,10:55:00,89,
2026.07.31 10:56:00,10:56:00,88,
2026.07.31 10:57:00,10:57:00,91,
2026.07.31 10:58:00,10:58:00,85,
2026.07.31 10:59:00,10:59:00,105,
2026.07.31 11:00:00,11:00:00,89,
2026.07.31 11:01:00,11:01:00,96,
2026.07.31 11:02:00,11:02:00,102,
2026.07.31 11:03:00,11:03:00,101,
2026.07.31 11:04:00,11:04:00,72,
2026.07.31 11:05:00,11:05:00,73,
2026.07.31 11:06:00,11:06:00,80,
2026.07.31 11:07:00,11:07:00,82,
2026.07.31 11:08:00,11:08:00,87,
2026.07.31 11:09:00,11:09:00,76,
2026.07.31 11:10:00,11:10:00,76,
2026.07.31 11:11:00,11:11:00,72,
2026.07.31 11:12:00,11:12:00,73,
2026.07.31 11:13:00,11:13:00,83,
2026.07.31 11:14:00,11:14:00,83,
2026.07.31 11:15:00,11:15:00,78,
2026.07.31 11:16:00,11:16:00,75,
2026.07.31 11:17:00,11:17:00,85,
2026.07.31 11:18:00,11:18:00,81,
2026.07.31 11:19:00,11:19:00,76,
2026.07.31 11:20:00,11:20:00,80,
2026.07.31 11:21:00,11:21:00,86,
2026.07.31 11:22:00,11:22:00,75,
2026.07.31 11:23:00,11:23:00,78,
2026.07.31 11:24:00,11:24:00,73,
2026.07.31 11:25:00,11:25:00,78,
2026.07.31 11:26:00,11:26:00,82,
2026.07.31 11:27:00,11:27:00,72,
2026.07.31 11:28:00,11:28:00,72,
2026.07.31 11:29:00,11:29:00,76,
2026.07.31 11:30:00,11:30:00,81,
2026.07.31 11:31:00,11:31:00,81,
2026.07.31 11:32:00,11:32:00,83,
2026.07.31 11:33:00,11:33:00,95,
2026.07.31 11:34:00,11:34:00,63,
2026.07.31 11:35:00,11:35:00,71,
2026.07.31 11:36:00,11:36:00,68,
2026.07.31 11:37:00,11:37:00,66,
2026.07.31 11:38:00,11:38:00,67,
2026.07.31 11:39:00,11:39:00,66,
2026.07.31 11:40:00,11:40:00,68,
2026.07.31 11:41:00,11:41:00,67,
2026.07.31 11:42:00,11:42:00,65,
2026.07.31 11:43:00,11:43:00,75,
2026.07.31 11:44:00,11:44:00,73,
2026.07.31 11:45:00,11:45:00,76,
2026.07.31 11:46:00,11:46:00,72,
2026.07.31 11:47:00,11:47:00,79,
2026.07.31 11:48:00,11:48:00,73,
2026.07.31 11:49:00,11:49:00,69,
2026.07.31 11:50:00,11:50:00,102,
2026.07.31 11:51:00,11:51:00,96,
2026.07.31 11:52:00,11:52:00,98,
2026.07.31 11:53:00,11:53:00,101,
2026.07.31 11:54:00,11:54:00,98,
2026.07.31 11:55:00,11:55:00,95,
2026.07.31 11:56:00,11:56:00,95,
2026.07.31 11:57:00,11:57:00,94,
2026.07.31 11:58:00,11:58:00,97,
2026.07.31 11:59:00,11:59:00,91,
2026.07.31 12:00:00,12:00:00,95,
2026.07.31 12:01:00,12:01:00,93,
2026.07.31 12:02:00,12:02:00,86,
2026.07.31 12:03:00,12:03:00,88,
2026.07.31 12:04:00,12:04:00,86,
2026.07.31 12:05:00,12:05:00,92,
2026.07.31 12:06:00,12:06:00,88,
2026.07.31 12:07:00,12:07:00,93,
2026.07.31 12:08:00,12:08:00,94,
2026.07.31 12:09:00,12:09:00,93,
2026.07.31 12:10:00,12:10:00,102,
2026.07.31 12:11:00,12:11:00,94,
2026.07.31 12:12:00,12:12:00,94,
2026.07.31 12:13:00,12:13:00,88,
2026.07.31 12:14:00,12:14:00,90,
2026.07.31 12:15:00,12:15:00,84,
2026.07.31 12:16:00,12:16:00,91,
2026.07.31 12:17:00,12:17:00,86,
2026.07.31 12:18:00,12:18:00,70,
2026.07.31 12:19:00,12:19:00,68,
2026.07.31 12:20:00,12:20:00,64,
2026.07.31 12:21:00,12:21:00,69,
2026.07.31 12:22:00,12:22:00,65,
2026.07.31 12:23:00,12:23:00,64,
2026.07.31 12:24:00,12:24:00,68,
2026.07.31 12:25:00,12:25:00,70,
2026.07.31 12:26:00,12:26:00,94,
2026.07.31 12:27:00,12:27:00,97,
2026.07.31 12:28:00,12:28:00,94,
2026.07.31 12:29:00,12:29:00,89,
2026.07.31 12:30:00,12:30:00,89,
2026.07.31 12:31:00,12:31:00,90,
2026.07.31 12:32:00,12:32:00,77,
2026.07.31 12:33:00,12:33:00,84,
2026.07.31 12:34:00,12:34:00,83,
2026.07.31 12:35:00,12:35:00,84,
2026.07.31 12:36:00,12:36:00,86,
2026.07.31 12:37:00,12:37:00,80,
2026.07.31 12:38:00,12:38:00,84,
2026.07.31 12:39:00,12:39:00,86,
2026.07.31 12:40:00,12:40:00,84,
2026.07.31 12:41:00,12:41:00,84,
2026.07.31 12:42:00,12:42:00,82,
2026.07.31 12:43:00,12:43:00,96,
2026.07.31 12:44:00,12:44:00,84,
2026.07.31 12:45:00,12:45:00,89,
2026.07.31 12:46:00,12:46:00,79,
2026.07.31 12:47:00,12:47:00,73,
2026.07.31 12:48:00,12:48:00,70,
2026.07.31 12:49:00,12:49:00,70,
2026.07.31 12:50:00,12:50:00,71,
2026.07.31 12:51:00,12:51:00,84,
2026.07.31 12:52:00,12:52:00,83,
2026.07.31 12:53:00,12:53:00,82,
2026.07.31 12:54:00,12:54:00,84,
2026.07.31 12:55:00,12:55:00,76,
2026.07.31 12:56:00,12:56:00,72,
2026.07.31 12:57:00,12:57:00,79,
2026.07.31 12:58:00,12:58:00,97,
2026.07.31 12:59:00,12:59:00,88,
2026.07.31 13:00:00,13:00:00,85,
2026.07.31 13:01:00,13:01:00,88,
2026.07.31 13:02:00,13:02:00,93,
2026.07.31 13:03:00,13:03:00,104,
2026.07.31 13:04:00,13:04:00,103,
2026.07.31 13:05:00,13:05:00,94,
2026.07.31 13:06:00,13:06:00,96,
2026.07.31 13:07:00,13:07:00,102,
2026.07.31 13:08:00,13:08:00,103,
2026.07.31 13:09:00,13:09:00,102,
2026.07.31 13:10:00,13:10:00,93,
2026.07.31 13:11:00,13:11:00,96,
2026.07.31 13:12:00,13:12:00,99,
2026.07.31 13:13:00,13:13:00,102,
2026.07.31 13:14:00,13:14:00,108,
2026.07.31 13:15:00,13:15:00,108,
2026.07.31 13:16:00,13:16:00,113,
2026.07.31 13:17:00,13:17:00,110,
2026.07.31 13:18:00,13:18:00,111,
2026.07.31 13:19:00,13:19:00,115,
2026.07.31 13:20:00,13:20:00,107,
2026.07.31 13:21:00,13:21:00,100,
2026.07.31 13:22:00,13:22:00,99,
2026.07.31 13:23:00,13:23:00,88,
2026.07.31 13:24:00,13:24:00,85,
2026.07.31 13:25:00,13:25:00,86,
2026.07.31 13:26:00,13:26:00,90,
2026.07.31 13:27:00,13:27:00,90,
2026.07.31 13:28:00,13:28:00,91,
2026.07.31 13:29:00,13:29:00,89,
2026.07.31 13:30:00,13:30:00,94,
2026.07.31 13:31:00,13:31:00,86,
2026.07.31 13:32:00,13:32:00,89,
2026.07.31 13:33:00,13:33:00,95,
2026.07.31 13:34:00,13:34:00,72,
2026.07.31 13:35:00,13:35:00,81,
2026.07.31 13:36:00,13:36:00,89,
2026.07.31 13:37:00,13:37:00,76,
2026.07.31 13:38:00,13:38:00,82,
2026.07.31 13:39:00,13:39:00,78,
2026.07.31 13:40:00,13:40:00,84,
2026.07.31 13:41:00,13:41:00,86,
2026.07.31 13:42:00,13:42:00,84,
2026.07.31 13:43:00,13:43:00,81,
2026.07.31 13:44:00,13:44:00,88,
2026.07.31 13:45:00,13:45:00,83,
2026.07.31 13:46:00,13:46:00,89,
2026.07.31 13:47:00,13:47:00,94,
2026.07.31 13:48:00,13:48:00,92,
2026.07.31 13:49:00,13:49:00,94,
2026.07.31 13:50:00,13:50:00,87,
2026.07.31 13:51:00,13:51:00,74,
2026.07.31 13:52:00,13:52:00,71,
2026.07.31 13:53:00,13:53:00,68,
2026.07.31 13:54:00,13:54:00,68,
2026.07.31 13:55:00,13:55:00,69,
2026.07.31 13:56:00,13:56:00,72,
2026.07.31 13:57:00,13:57:00,95,
2026.07.31 13:58:00,13:58:00,66,
2026.07.31 13:59:00,13:59:00,65,
2026.07.31 14:00:00,14:00:00,63,
2026.07.31 14:01:00,14:01:00,68,
2026.07.31 14:02:00,14:02:00,79,
2026.07.31 14:03:00,14:03:00,87,
2026.07.31 14:04:00,14:04:00,86,
2026.07.31 14:05:00,14:05:00,86,
2026.07.31 14:06:00,14:06:00,80,
2026.07.31 14:07:00,14:07:00,82,
2026.07.31 14:08:00,14:08:00,91,
2026.07.31 14:09:00,14:09:00,89,
2026.07.31 14:10:00,14:10:00,83,
2026.07.31 14:11:00,14:11:00,93,
2026.07.31 14:12:00,14:12:00,90,
2026.07.31 14:13:00,14:13:00,92,
2026.07.31 14:14:00,14:14:00,103,
2026.07.31 14:15:00,14:15:00,96,
2026.07.31 14:16:00,14:16:00,93,
2026.07.31 14:17:00,14:17:00,92,
2026.07.31 14:18:00,14:18:00,86,
2026.07.31 14:19:00,14:19:00,88,
2026.07.31 14:20:00,14:20:00,96,
2026.07.31 14:21:00,14:21:00,95,
2026.07.31 14:22:00,14:22:00,104,
2026.07.31 14:23:00,14:23:00,106,
2026.07.31 14:24:00,14:24:00,103,
2026.07.31 14:25:00,14:25:00,90,
2026.07.31 14:26:00,14:26:00,91,
2026.07.31 14:27:00,14:27:00,94,
2026.07.31 14:28:00,14:28:00,75,
2026.07.31 14:29:00,14:29:00,74,
2026.07.31 14:30:00,14:30:00,73,
2026.07.31 14:31:00,14:31:00,72,
2026.07.31 14:32:00,14:32:00,66,
2026.07.31 14:33:00,14:33:00,68,
2026.07.31 14:34:00,14:34:00,68,
2026.07.31 14:35:00,14:35:00,67,
2026.07.31 14:36:00,14:36:00,68,
2026.07.31 14:37:00,14:37:00,69,
2026.07.31 14:38:00,14:38:00,64,
2026.07.31 14:39:00,14:39:00,69,
2026.07.31 14:40:00,14:40:00,70,
2026.07.31 14:41:00,14:41:00,66,
2026.07.31 14:42:00,14:42:00,75,
2026.07.31 14:43:00,14:43:00,75,
2026.07.31 14:44:00,14:44:00,71,
2026.07.31 14:45:00,14:45:00,79,
2026.07.31 14:46:00,14:46:00,73,
2026.07.31 14:47:00,14:47:00,74,
2026.07.31 14:48:00,14:48:00,81,
2026.07.31 14:49:00,14:49:00,83,
2026.07.31 14:50:00,14:50:00,87,
2026.07.31 14:51:00,14:51:00,96,
2026.07.31 14:52:00,14:52:00,92,
2026.07.31 14:53:00,14:53:00,90,
2026.07.31 14:54:00,14:54:00,73,
2026.07.31 14:55:00,14:55:00,71,
2026.07.31 14:56:00,14:56:00,72,
2026.07.31 14:57:00,14:57:00,70,
2026.07.31 14:58:00,14:58:00,76,
2026.07.31 14:59:00,14:59:00,77,
2026.07.31 15:00:00,15:00:00,77,
2026.07.31 15:01:00,15:01:00,82,
2026.07.31 15:02:00,15:02:00,81,
2026.07.31 15:03:00,15:03:00,90,
2026.07.31 15:04:00,15:04:00,92,
2026.07.31 15:05:00,15:05:00,91,
2026.07.31 15:06:00,15:06:00,84,
2026.07.31 15:07:00,15:07:00,80,
2026.07.31 15:08:00,15:08:00,82,
2026.07.31 15:09:00,15:09:00,83,
2026.07.31 15:10:00,15:10:00,86,
2026.07.31 15:11:00,15:11:00,83,
2026.07.31 15:12:00,15:12:00,88,
2026.07.31 15:13:00,15:13:00,91,
2026.07.31 15:14:00,15:14:00,90,
2026.07.31 15:15:00,15:15:00,86,
2026.07.31 15:16:00,15:16:00,87,
2026.07.31 15:17:00,15:17:00,88,
2026.07.31 15:18:00,15:18:00,90,
2026.07.31 15:19:00,15:19:00,95,
2026.07.31 15:20:00,15:20:00,85,
2026.07.31 15:21:00,15:21:00,81,
2026.07.31 15:22:00,15:22:00,91,
2026.07.31 15:23:00,15:23:00,87,
2026.07.31 15:24:00,15:24:00,80,
2026.07.31 15:25:00,15:25:00,91,
2026.07.31 15:26:00,15:26:00,77,
2026.07.31 15:27:00,15:27:00,84,
2026.07.31 15:28:00,15:28:00,89,
2026.07.31 15:29:00,15:29:00,85,
2026.07.31 15:30:00,15:30:00,90,
2026.07.31 15:31:00,15:31:00,81,
2026.07.31 15:32:00,15:32:00,100,
2026.07.31 15:33:00,15:33:00,92,
2026.07.31 15:34:00,15:34:00,95,
2026.07.31 15:35:00,15:35:00,92,
2026.07.31 15:36:00,15:36:00,97,
2026.07.31 15:37:00,15:37:00,94,
2026.07.31 15:38:00,15:38:00,93,
2026.07.31 15:39:00,15:39:00,94,
2026.07.31 15:40:00,15:40:00,102,
2026.07.31 15:41:00,15:41:00,118,
2026.07.31 15:42:00,15:42:00,119,
2026.07.31 15:43:00,15:43:00,114,
2026.07.31 15:44:00,15:44:00,104,
2026.07.31 15:45:00,15:45:00,123,
2026.07.31 15:46:00,15:46:00,131,
2026.07.31 15:47:00,15:47:00,126,
2026.07.31 15:48:00,15:48:00,120,
2026.07.31 15:49:00,15:49:00,142,
2026.07.31 15:50:00,15:50:00,106,
2026.07.31 15:51:00,15:51:00,109,
2026.07.31 15:52:00,15:52:00,117,
2026.07.31 15:53:00,15:53:00,128,
2026.07.31 15:54:00,15:54:00,127,
2026.07.31 15:55:00,15:55:00,135,
2026.07.31 15:56:00,15:56:00,125,
2026.07.31 15:57:00,15:57:00,153,
2026.07.31 15:58:00,15:58:00,116,
2026.07.31 15:59:00,15:59:00,123,
2026.07.31 16:00:00,16:00:00,131,
2026.07.31 16:01:00,16:01:00,135,
2026.07.31 16:02:00,16:02:00,139,
2026.07.31 16:03:00,16:03:00,131,
2026.07.31 16:04:00,16:04:00,132,
2026.07.31 16:05:00,16:05:00,121,
2026.07.31 16:06:00,16:06:00,120,
2026.07.31 16:07:00,16:07:00,128,
2026.07.31 16:08:00,16:08:00,137,
2026.07.31 16:09:00,16:09:00,134,
2026.07.31 16:10:00,16:10:00,145,
2026.07.31 16:11:00,16:11:00,127,
2026.07.31 16:12:00,16:12:00,134,
2026.07.31 16:13:00,16:13:00,139,
2026.07.31 16:14:00,16:14:00,134,
2026.07.31 16:15:00,16:15:00,148,
2026.07.31 16:16:00,16:16:00,112,
2026.07.31 16:17:00,16:17:00,113,
2026.07.31 16:18:00,16:18:00,127,
2026.07.31 16:19:00,16:19:00,142,
2026.07.31 16:20:00,16:20:00,144,
2026.07.31 16:21:00,16:21:00,137,
2026.07.31 16:22:00,16:22:00,137,
2026.07.31 16:23:00,16:23:00,134,
2026.07.31 16:24:00,16:24:00,131,
2026.07.31 16:25:00,16:25:00,138,
2026.07.31 16:26:00,16:26:00,132,
2026.07.31 16:27:00,16:27:00,145,
2026.07.31 16:28:00,16:28:00,144,
2026.07.31 16:29:00,16:29:00,147,
2026.07.31 16:30:00,16:30:00,147,
2026.07.31 16:31:00,16:31:00,141,
2026.07.31 16:32:00,16:32:00,142,
2026.07.31 16:33:00,16:33:00,145,
2026.07.31 16:34:00,16:34:00,137,
2026.07.31 16:35:00,16:35:00,140,
2026.07.31 16:36:00,16:36:00,141,
2026.07.31 16:37:00,16:37:00,144,
2026.07.31 16:38:00,16:38:00,143,
2026.07.31 16:39:00,16:39:00,155,
2026.07.31 16:40:00,16:40:00,139,
2026.07.31 16:41:00,16:41:00,142,
2026.07.31 16:42:00,16:42:00,142,
2026.07.31 16:43:00,16:43:00,138,
2026.07.31 16:44:00,16:44:00,126,
2026.07.31 16:45:00,16:45:00,117,
2026.07.31 16:46:00,16:46:00,125,
2026.07.31 16:47:00,16:47:00,139,
2026.07.31 16:48:00,16:48:00,152,
2026.07.31 16:49:00,16:49:00,140,
2026.07.31 16:50:00,16:50:00,115,
2026.07.31 16:51:00,16:51:00,140,
2026.07.31 16:52:00,16:52:00,143,
2026.07.31 16:53:00,16:53:00,127,
2026.07.31 16:54:00,16:54:00,113,
2026.07.31 16:55:00,16:55:00,117,
2026.07.31 16:56:00,16:56:00,125,
2026.07.31 16:57:00,16:57:00,132,
2026.07.31 16:58:00,16:58:00,141,
2026.07.31 16:59:00,16:59:00,137,
2026.07.31 17:00:00,17:00:00,135,
2026.07.31 17:01:00,17:01:00,141,
2026.07.31 17:02:00,17:02:00,139,
2026.07.31 17:03:00,17:03:00,137,
2026.07.31 17:04:00,17:04:00,135,
2026.07.31 17:05:00,17:05:00,129,
2026.07.31 17:06:00,17:06:00,128,
2026.07.31 17:07:00,17:07:00,138,
2026.07.31 17:08:00,17:08:00,140,
2026.07.31 17:09:00,17:09:00,135,
2026.07.31 17:10:00,17:10:00,137,
2026.07.31 17:11:00,17:11:00,130,
2026.07.31 17:12:00,17:12:00,116,
2026.07.31 17:13:00,17:13:00,144,
2026.07.31 17:14:00,17:14:00,144,
2026.07.31 17:15:00,17:15:00,136,
2026.07.31 17:16:00,17:16:00,144,
2026.07.31 17:17:00,17:17:00,137,
2026.07.31 17:18:00,17:18:00,134,
2026.07.31 17:19:00,17:19:00,142,
2026.07.31 17:20:00,17:20:00,143,
2026.07.31 17:21:00,17:21:00,141,
2026.07.31 17:22:00,17:22:00,131,
2026.07.31 17:23:00,17:23:00,144,
2026.07.31 17:24:00,17:24:00,129,
2026.07.31 17:25:00,17:25:00,151,
2026.07.31 17:26:00,17:26:00,144,
2026.07.31 17:27:00,17:27:00,148,
2026.07.31 17:28:00,17:28:00,123,
2026.07.31 17:29:00,17:29:00,123,
2026.07.31 17:30:00,17:30:00,125,
2026.07.31 17:31:00,17:31:00,118,
2026.07.31 17:32:00,17:32:00,114,
2026.07.31 17:33:00,17:33:00,118,
2026.07.31 17:34:00,17:34:00,131,
2026.07.31 17:35:00,17:35:00,146,
2026.07.31 17:36:00,17:36:00,154,
2026.07.31 17:37:00,17:37:00,151,
2026.07.31 17:38:00,17:38:00,151,
2026.07.31 17:39:00,17:39:00,152,
2026.07.31 17:40:00,17:40:00,131,
2026.07.31 17:41:00,17:41:00,129,
2026.07.31 17:42:00,17:42:00,115,
2026.07.31 17:43:00,17:43:00,139,
2026.07.31 17:44:00,17:44:00,146,
2026.07.31 17:45:00,17:45:00,140,
2026.07.31 17:46:00,17:46:00,139,
2026.07.31 17:47:00,17:47:00,141,
2026.07.31 17:48:00,17:48:00,142,
2026.07.31 17:49:00,17:49:00,142,
2026.07.31 17:50:00,17:50:00,132,
2026.07.31 17:51:00,17:51:00,132,
2026.07.31 17:52:00,17:52:00,131,
2026.07.31 17:53:00,17:53:00,137,
2026.07.31 17:54:00,17:54:00,126,
2026.07.31 17:55:00,17:55:00,140,
2026.07.31 17:56:00,17:56:00,137,
2026.07.31 17:57:00,17:57:00,152,
2026.07.31 17:58:00,17:58:00,126,
2026.07.31 17:59:00,17:59:00,149,
2026.07.31 18:00:00,18:00:00,129,
2026.07.31 18:01:00,18:01:00,139,
2026.07.31 18:02:00,18:02:00,144,
2026.07.31 18:03:00,18:03:00,149,
2026.07.31 18:04:00,18:04:00,131,
2026.07.31 18:05:00,18:05:00,141,
2026.07.31 18:06:00,18:06:00,140,
2026.07.31 18:07:00,18:07:00,137,
2026.07.31 18:08:00,18:08:00,135,
2026.07.31 18:09:00,18:09:00,137,
2026.07.31 18:10:00,18:10:00,135,
2026.07.31 18:11:00,18:11:00,137,
2026.07.31 18:12:00,18:12:00,153,
2026.07.31 18:13:00,18:13:00,163,
2026.07.31 18:14:00,18:14:00,131,
2026.07.31 18:15:00,18:15:00,132,
2026.07.31 18:16:00,18:16:00,133,
2026.07.31 18:17:00,18:17:00,130,
2026.07.31 18:18:00,18:18:00,134,
2026.07.31 18:19:00,18:19:00,120,
2026.07.31 18:20:00,18:20:00,126,
2026.07.31 18:21:00,18:21:00,124,
2026.07.31 18:22:00,18:22:00,116,
2026.07.31 18:23:00,18:23:00,115,
2026.07.31 18:24:00,18:24:00,109,
2026.07.31 18:25:00,18:25:00,109,
2026.07.31 18:26:00,18:26:00,116,
2026.07.31 18:27:00,18:27:00,106,
2026.07.31 18:36:00,18:36:00,92,
2026.07.31 18:37:00,18:37:00,101,
2026.07.31 18:38:00,18:38:00,105,
2026.07.31 18:39:00,18:39:00,108,
2026.07.31 18:40:00,18:40:00,109,
2026.07.31 18:41:00,18:41:00,101,
2026.07.31 18:42:00,18:42:00,108,
2026.07.31 18:43:00,18:43:00,110,
2026.07.31 18:44:00,18:44:00,104,
2026.07.31 18:45:00,18:45:00,107,
2026.07.31 18:46:00,18:46:00,109,
2026.07.31 18:47:00,18:47:00,105,
2026.07.31 18:48:00,18:48:00,109,
2026.07.31 18:49:00,18:49:00,107,
2026.07.31 18:50:00,18:50:00,107,
2026.07.31 18:51:00,18:51:00,108,
2026.07.31 18:52:00,18:52:00,106,
2026.07.31 18:53:00,18:53:00,107,
2026.07.31 18:54:00,18:54:00,101,
2026.07.31 18:55:00,18:55:00,107,
2026.07.31 18:56:00,18:56:00,106,
2026.07.31 18:57:00,18:57:00,105,
2026.07.31 18:58:00,18:58:00,107,
2026.07.31 18:59:00,18:59:00,107,
2026.07.31 19:00:00,19:00:00,106,
2026.07.31 19:01:00,19:01:00,108,
2026.07.31 19:02:00,19:02:00,105,
2026.07.31 19:03:00,19:03:00,105,
2026.07.31 19:04:00,19:04:00,103,
2026.07.31 19:05:00,19:05:00,110,
2026.07.31 19:06:00,19:06:00,104,
2026.07.31 19:07:00,19:07:00,107,
2026.07.31 19:08:00,19:08:00,106,
2026.07.31 19:09:00,19:09:00,103,
2026.07.31 19:10:00,19:10:00,103,
2026.07.31 19:11:00,19:11:00,109,
2026.07.31 19:12:00,19:12:00,106,
2026.07.31 19:13:00,19:13:00,104,
2026.07.31 19:14:00,19:14:00,107,
2026.07.31 19:15:00,19:15:00,110,
2026.07.31 19:16:00,19:16:00,107,
2026.07.31 19:17:00,19:17:00,105,
2026.07.31 19:18:00,19:18:00,109,
2026.07.31 19:19:00,19:19:00,106,
2026.07.31 19:20:00,19:20:00,109,
2026.07.31 19:21:00,19:21:00,113,
2026.07.31 19:22:00,19:22:00,112,
2026.07.31 19:23:00,19:23:00,105,
2026.07.31 19:24:00,19:24:00,113,
2026.07.31 19:25:00,19:25:00,112,
2026.07.31 19:26:00,19:26:00,108,
2026.07.31 19:27:00,19:27:00,107,
2026.07.31 19:28:00,19:28:00,113,
2026.07.31 19:29:00,19:29:00,102,
2026.07.31 19:30:00,19:30:00,113,
2026.07.31 19:31:00,19:31:00,107,
2026.07.31 19:32:00,19:32:00,111,
2026.07.31 19:33:00,19:33:00,108,
2026.07.31 19:34:00,19:34:00,105,
2026.07.31 19:35:00,19:35:00,108,
2026.07.31 19:36:00,19:36:00,108,
2026.07.31 19:37:00,19:37:00,107,
2026.07.31 19:38:00,19:38:00,111,
2026.07.31 19:39:00,19:39:00,110,
2026.07.31 19:40:00,19:40:00,112,
2026.07.31 19:41:00,19:41:00,107,
2026.07.31 19:42:00,19:42:00,114,
2026.07.31 19:43:00,19:43:00,105,
2026.07.31 19:44:00,19:44:00,107,
2026.07.31 19:45:00,19:45:00,106,
2026.07.31 19:46:00,19:46:00,112,
2026.07.31 19:47:00,19:47:00,110,
2026.07.31 19:48:00,19:48:00,118,
2026.07.31 19:49:00,19:49:00,105,
2026.07.31 19:50:00,19:50:00,94,
2026.07.31 19:51:00,19:51:00,95,
2026.07.31 19:52:00,19:52:00,94,
2026.07.31 19:53:00,19:53:00,106,
2026.07.31 19:54:00,19:54:00,109,
2026.07.31 19:55:00,19:55:00,110,
2026.07.31 19:56:00,19:56:00,105,
2026.07.31 19:57:00,19:57:00,105,
2026.07.31 19:58:00,19:58:00,93,
2026.07.31 19:59:00,19:59:00,92,
2026.07.31 20:00:00,20:00:00,86,
2026.07.31 20:01:00,20:01:00,87,
2026.07.31 20:02:00,20:02:00,86,
2026.07.31 20:03:00,20:03:00,98,
2026.07.31 20:04:00,20:04:00,105,
2026.07.31 20:05:00,20:05:00,105,
2026.07.31 20:06:00,20:06:00,97,
2026.07.31 20:07:00,20:07:00,104,
2026.07.31 20:08:00,20:08:00,94,
2026.07.31 20:09:00,20:09:00,99,
2026.07.31 20:10:00,20:10:00,89,
2026.07.31 20:11:00,20:11:00,85,
2026.07.31 20:12:00,20:12:00,80,
2026.07.31 20:13:00,20:13:00,95,
2026.07.31 20:14:00,20:14:00,92,
2026.07.31 20:15:00,20:15:00,90,
2026.07.31 20:16:00,20:16:00,93,
2026.07.31 20:17:00,20:17:00,90,
2026.07.31 20:18:00,20:18:00,93,
2026.07.31 20:19:00,20:19:00,93,
2026.07.31 20:20:00,20:20:00,95,
2026.07.31 20:21:00,20:21:00,94,
2026.07.31 20:22:00,20:22:00,92,
2026.07.31 20:23:00,20:23:00,93,
2026.07.31 20:24:00,20:24:00,92,
2026.07.31 20:25:00,20:25:00,92,
2026.07.31 20:26:00,20:26:00,91,
2026.07.31 20:27:00,20:27:00,87,
2026.07.31 20:28:00,20:28:00,102,
2026.07.31 20:29:00,20:29:00,108,
2026.07.31 20:30:00,20:30:00,98,
2026.07.31 20:31:00,20:31:00,100,
2026.07.31 20:32:00,20:32:00,102,
2026.07.31 20:33:00,20:33:00,99,
2026.07.31 20:34:00,20:34:00,95,
2026.07.31 20:35:00,20:35:00,101,
2026.07.31 20:36:00,20:36:00,101,
2026.07.31 20:37:00,20:37:00,100,
2026.07.31 20:38:00,20:38:00,94,
2026.07.31 20:39:00,20:39:00,94,
2026.07.31 20:40:00,20:40:00,110,
2026.07.31 20:41:00,20:41:00,104,
2026.07.31 20:42:00,20:42:00,90,
2026.07.31 20:43:00,20:43:00,87,
2026.07.31 20:44:00,20:44:00,88,
2026.07.31 20:45:00,20:45:00,91,
2026.07.31 20:46:00,20:46:00,89,
2026.07.31 20:47:00,20:47:00,87,
2026.07.31 20:48:00,20:48:00,90,
2026.07.31 20:49:00,20:49:00,89,
2026.07.31 20:50:00,20:50:00,86,
2026.07.31 20:51:00,20:51:00,85,
2026.07.31 20:52:00,20:52:00,83,
2026.07.31 20:53:00,20:53:00,82,
2026.07.31 20:54:00,20:54:00,89,
2026.07.31 20:55:00,20:55:00,86,
2026.07.31 20:56:00,20:56:00,86,
2026.07.31 20:57:00,20:57:00,87,
2026.07.31 20:58:00,20:58:00,91,
2026.07.31 20:59:00,20:59:00,95,
2026.07.31 21:00:00,21:00:00,94,
2026.07.31 21:01:00,21:01:00,95,
2026.07.31 21:02:00,21:02:00,95,
2026.07.31 21:03:00,21:03:00,95,
2026.07.31 21:04:00,21:04:00,94,
2026.07.31 21:05:00,21:05:00,86,
2026.07.31 21:06:00,21:06:00,88,
2026.07.31 21:07:00,21:07:00,94,
2026.07.31 21:08:00,21:08:00,94,
2026.07.31 21:09:00,21:09:00,91,
2026.07.31 21:10:00,21:10:00,92,
2026.07.31 21:11:00,21:11:00,95,
2026.07.31 21:12:00,21:12:00,89,
2026.07.31 21:13:00,21:13:00,90,
2026.07.31 21:14:00,21:14:00,88,
2026.07.31 21:15:00,21:15:00,89,
2026.07.31 21:16:00,21:16:00,90,
2026.07.31 21:17:00,21:17:00,93,
2026.07.31 21:18:00,21:18:00,93,
2026.07.31 21:19:00,21:19:00,87,
2026.07.31 21:20:00,21:20:00,88,
2026.07.31 21:21:00,21:21:00,89,
2026.07.31 21:22:00,21:22:00,93,
2026.07.31 21:23:00,21:23:00,94,
2026.07.31 21:24:00,21:24:00,90,
2026.07.31 21:25:00,21:25:00,93,
2026.07.31 21:26:00,21:26:00,94,
2026.07.31 21:27:00,21:27:00,95,
2026.07.31 21:28:00,21:28:00,95,
2026.07.31 21:29:00,21:29:00,93,
2026.07.31 21:30:00,21:30:00,92,
2026.07.31 21:31:00,21:31:00,92,
2026.07.31 21:32:00,21:32:00,94,
2026.07.31 21:33:00,21:33:00,95,
2026.07.31 21:34:00,21:34:00,91,
2026.07.31 21:35:00,21:35:00,92,
2026.07.31 21:36:00,21:36:00,111,
2026.07.31 21:37:00,21:37:00,96,
2026.07.31 21:38:00,21:38:00,95,
2026.07.31 21:39:00,21:39:00,113,
2026.07.31 21:40:00,21:40:00,113,
2026.07.31 21:41:00,21:41:00,102,
2026.07.31 21:42:00,21:42:00,106,
2026.07.31 21:43:00,21:43:00,113,
2026.07.31 21:44:00,21:44:00,115,
2026.07.31 21:45:00,21:45:00,109,
2026.07.31 21:46:00,21:46:00,93,
2026.07.31 21:47:00,21:47:00,90,
2026.07.31 21:48:00,21:48:00,89,
2026.07.31 21:49:00,21:49:00,87,
2026.07.31 21:50:00,21:50:00,106,
2026.07.31 21:51:00,21:51:00,87,
2026.07.31 21:52:00,21:52:00,85,
2026.07.31 21:53:00,21:53:00,86,
2026.07.31 21:54:00,21:54:00,86,
2026.07.31 21:55:00,21:55:00,83,
2026.07.31 21:56:00,21:56:00,88,
2026.07.31 21:57:00,21:57:00,85,
2026.07.31 21:58:00,21:58:00,86,
2026.07.31 21:59:00,21:59:00,86,
2026.07.31 22:00:00,22:00:00,84,
2026.07.31 22:01:00,22:01:00,89,
2026.07.31 22:02:00,22:02:00,88,
2026.07.31 22:03:00,22:03:00,85,
2026.07.31 22:04:00,22:04:00,90,
2026.07.31 22:05:00,22:05:00,90,
2026.07.31 22:06:00,22:06:00,87,
2026.07.31 22:07:00,22:07:00,86,
2026.07.31 22:08:00,22:08:00,89,
2026.07.31 22:09:00,22:09:00,94,
2026.07.31 22:10:00,22:10:00,94,
2026.07.31 22:11:00,22:11:00,94,
2026.07.31 22:12:00,22:12:00,92,
2026.07.31 22:13:00,22:13:00,90,
2026.07.31 22:14:00,22:14:00,94,
2026.07.31 22:15:00,22:15:00,108,
2026.07.31 22:16:00,22:16:00,99,
2026.07.31 22:17:00,22:17:00,99,
2026.07.31 22:18:00,22:18:00,104,
2026.07.31 22:19:00,22:19:00,85,
2026.07.31 22:20:00,22:20:00,92,
2026.07.31 22:21:00,22:21:00,86,
2026.07.31 22:22:00,22:22:00,83,
2026.07.31 22:23:00,22:23:00,86,
2026.07.31 22:24:00,22:24:00,92,
2026.07.31 22:25:00,22:25:00,86,
2026.07.31 22:27:00,22:27:00,82,
2026.07.31 22:28:00,22:28:00,80,
2026.07.31 22:29:00,22:29:00,93,
2026.07.31 22:30:00,22:30:00,81,
2026.07.31 22:31:00,22:31:00,79,
2026.07.31 22:32:00,22:32:00,79,
2026.07.31 22:33:00,22:33:00,75,
2026.07.31 22:34:00,22:34:00,72,
2026.07.31 22:35:00,22:35:00,71,
2026.07.31 22:36:00,22:36:00,71,
2026.07.31 22:37:00,22:37:00,71,
2026.07.31 22:38:00,22:38:00,69,
2026.07.31 22:39:00,22:39:00,74,
2026.07.31 22:40:00,22:40:00,71,
2026.07.31 22:41:00,22:41:00,69,
2026.07.31 22:42:00,22:42:00,65,
2026.07.31 22:43:00,22:43:00,70,
2026.07.31 22:44:00,22:44:00,70,
2026.07.31 22:45:00,22:45:00,72,
2026.07.31 22:46:00,22:46:00,72,
2026.07.31 22:47:00,22:47:00,72,
2026.07.31 22:48:00,22:48:00,72,
2026.07.31 22:49:00,22:49:00,73,
2026.07.31 22:50:00,22:50:00,72,
2026.07.31 22:51:00,22:51:00,71,
2026.07.31 22:52:00,22:52:00,72,
2026.07.31 22:53:00,22:53:00,72,
2026.07.31 22:54:00,22:54:00,72,
2026.07.31 22:55:00,22:55:00,71,
2026.07.31 22:56:00,22:56:00,72,
2026.07.31 22:57:00,22:57:00,65,
2026.07.31 22:58:00,22:58:00,66,
2026.07.31 22:59:00,22:59:00,66,
2026.07.31 23:00:00,23:00:00,67,
2026.07.31 23:01:00,23:01:00,67,
2026.07.31 23:02:00,23:02:00,64,
2026.07.31 23:03:00,23:03:00,66,
2026.07.31 23:04:00,23:04:00,67,
2026.07.31 23:05:00,23:05:00,67,
2026.07.31 23:06:00,23:06:00,70,
2026.07.31 23:07:00,23:07:00,70,
2026.07.31 23:08:00,23:08:00,68,
2026.07.31 23:09:00,23:09:00,76,
2026.07.31 23:10:00,23:10:00,65,
2026.07.31 23:11:00,23:11:00,64,
2026.07.31 23:12:00,23:12:00,64,
2026.07.31 23:13:00,23:13:00,64,
2026.07.31 23:14:00,23:14:00,67,
2026.07.31 23:15:00,23:15:00,66,
2026.07.31 23:16:00,23:16:00,67,
2026.07.31 23:17:00,23:17:00,67,
2026.07.31 23:18:00,23:18:00,66,
2026.07.31 23:19:00,23:19:00,66,
2026.07.31 23:20:00,23:20:00,69,
2026.07.31 23:21:00,23:21:00,66,
2026.07.31 23:22:00,23:22:00,68,
2026.07.31 23:23:00,23:23:00,67,
2026.07.31 23:24:00,23:24:00,67,
2026.07.31 23:25:00,23:25:00,69,
2026.07.31 23:26:00,23:26:00,66,
2026.07.31 23:27:00,23:27:00,67,
2026.07.31 23:28:00,23:28:00,68,
2026.07.31 23:29:00,23:29:00,66,
2026.07.31 23:30:00,23:30:00,66,
2026.07.31 23:31:00,23:31:00,69,
2026.07.31 23:32:00,23:32:00,68,
2026.07.31 23:33:00,23:33:00,68,
2026.07.31 23:34:00,23:34:00,69,
2026.07.31 23:35:00,23:35:00,67,
2026.07.31 23:36:00,23:36:00,66,
2026.07.31 23:37:00,23:37:00,67,
2026.07.31 23:38:00,23:38:00,70,
2026.07.31 23:39:00,23:39:00,66,
2026.07.31 23:40:00,23:40:00,67,
2026.07.31 23:41:00,23:41:00,67,
2026.07.31 23:42:00,23:42:00,65,
2026.07.31 23:43:00,23:43:00,67,
2026.07.31 23:44:00,23:44:00,64,
2026.07.31 23:45:00,23:45:00,67,
2026.07.31 23:46:00,23:46:00,65,
2026.07.31 23:47:00,23:47:00,65,
2026.07.31 23:48:00,23:48:00,66,
2026.07.31 23:49:00,23:49:00,64,
2026.07.31 23:50:00,23:50:00,62,
2026.07.31 23:51:00,23:51:00,61,
2026.07.31 23:52:00,23:52:00,63,
2026.07.31 23:53:00,23:53:00,64,
2026.07.31 23:54:00,23:54:00,62,
2026.07.31 23:55:00,23:55:00,64,
2026.07.31 23:56:00,23:56:00,73,
2026.07.31 23:57:00,23:57:00,60,
2026.07.31 23:58:00,23:58:00,60,
2026.07.31 23:59:00,23:59:00,60,
2026.08.01 00:00:00,00:00:00,64,
2026.08.01 00:01:00,00:01:00,70,
2026.08.01 00:02:00,00:02:00,61,
2026.08.01 00:03:00,00:03:00,62,
2026.08.01 00:04:00,00:04:00,62,
2026.08.01 00:05:00,00:05:00,63,
2026.08.01 00:06:00,00:06:00,65,
2026.08.01 00:07:00,00:07:00,65,
2026.08.01 00:08:00,00:08:00,61,
2026.08.01 00:09:00,00:09:00,64,
2026.08.01 00:10:00,00:10:00,64,
2026.08.01 00:11:00,00:11:00,64,
2026.08.01 00:12:00,00:12:00,75,
2026.08.01 00:13:00,00:13:00,62,
2026.08.01 00:14:00,00:14:00,62,
2026.08.01 00:15:00,00:15:00,61,
2026.08.01 00:16:00,00:16:00,62,
2026.08.01 00:17:00,00:17:00,60,
2026.08.01 00:18:00,00:18:00,64,
2026.08.01 00:19:00,00:19:00,61,
2026.08.01 00:20:00,00:20:00,60,
2026.08.01 00:21:00,00:21:00,58,
2026.08.01 00:22:00,00:22:00,62,
2026.08.01 00:23:00,00:23:00,63,
2026.08.01 00:24:00,00:24:00,64,
2026.08.01 00:25:00,00:25:00,64,
2026.08.01 00:26:00,00:26:00,64,
2026.08.01 00:27:00,00:27:00,71,
2026.08.01 00:28:00,00:28:00,77,
2026.08.01 00:29:00,00:29:00,65,
2026.08.01 00:30:00,00:30:00,62,
2026.08.01 00:31:00,00:31:00,63,
2026.08.01 00:32:00,00:32:00,64,
2026.08.01 00:33:00,00:33:00,64,
2026.08.01 00:34:00,00:34:00,64,
2026.08.01 00:35:00,00:35:00,62,
2026.08.01 00:36:00,00:36:00,63,
2026.08.01 00:37:00,00:37:00,65,
2026.08.01 00:38:00,00:38:00,66,
2026.08.01 00:39:00,00:39:00,66,
2026.08.01 00:40:00,00:40:00,63,
2026.08.01 00:41:00,00:41:00,66,
2026.08.01 00:42:00,00:42:00,66,
2026.08.01 00:43:00,00:43:00,55,
2026.08.01 00:44:00,00:44:00,74,
2026.08.01 00:45:00,00:45:00,54,
2026.08.01 00:46:00,00:46:00,56,
2026.08.01 00:47:00,00:47:00,57,
2026.08.01 00:48:00,00:48:00,58,
2026.08.01 00:49:00,00:49:00,55,
2026.08.01 00:50:00,00:50:00,58,
2026.08.01 00:51:00,00:51:00,60,
2026.08.01 00:52:00,00:52:00,59,
2026.08.01 00:53:00,00:53:00,60,
2026.08.01 00:54:00,00:54:00,59,
2026.08.01 00:55:00,00:55:00,61,
2026.08.01 00:56:00,00:56:00,61,
2026.08.01 00:57:00,00:57:00,60,
2026.08.01 00:58:00,00:58:00,61,
2026.08.01 00:59:00,00:59:00,63,
2026.08.01 01:00:00,01:00:00,61,
2026.08.01 01:01:00,01:01:00,59,
2026.08.01 01:02:00,01:02:00,63,
2026.08.01 01:03:00,01:03:00,60,
2026.08.01 01:04:00,01:04:00,59,
2026.08.01 01:05:00,01:05:00,64,
2026.08.01 01:06:00,01:06:00,60,
2026.08.01 01:07:00,01:07:00,61,
2026.08.01 01:08:00,01:08:00,63,
2026.08.01 01:09:00,01:09:00,64,
2026.08.01 01:10:00,01:10:00,64,
2026.08.01 01:11:00,01:11:00,63,
2026.08.01 01:12:00,01:12:00,62,
2026.08.01 01:13:00,01:13:00,62,
2026.08.01 01:14:00,01:14:00,65,
2026.08.01 01:15:00,01:15:00,62,
2026.08.01 01:16:00,01:16:00,64,
2026.08.01 01:17:00,01:17:00,63,
2026.08.01 01:18:00,01:18:00,69,
2026.08.01 01:19:00,01:19:00,84,
2026.08.01 01:20:00,01:20:00,83,
2026.08.01 01:21:00,01:21:00,59,
2026.08.01 01:22:00,01:22:00,61,
2026.08.01 01:23:00,01:23:00,60,
2026.08.01 01:24:00,01:24:00,63,
2026.08.01 01:25:00,01:25:00,61,
2026.08.01 01:26:00,01:26:00,61,
2026.08.01 01:27:00,01:27:00,60,
2026.08.01 01:28:00,01:28:00,61,
2026.08.01 01:29:00,01:29:00,62,
2026.08.01 01:30:00,01:30:00,62,
2026.08.01 01:31:00,01:31:00,62,
2026.08.01 01:32:00,01:32:00,61,
2026.08.01 01:33:00,01:33:00,62,
2026.08.01 01:34:00,01:34:00,60,
2026.08.01 01:35:00,01:35:00,61,
2026.08.01 01:36:00,01:36:00,62,
2026.08.01 01:37:00,01:37:00,62,
2026.08.01 01:38:00,01:38:00,62,
2026.08.01 01:39:00,01:39:00,60,
2026.08.01 01:40:00,01:40:00,64,
2026.08.01 01:41:00,01:41:00,62,
2026.08.01 01:42:00,01:42:00,61,
2026.08.01 01:43:00,01:43:00,59,
2026.08.01 01:44:00,01:44:00,60,
2026.08.01 01:45:00,01:45:00,67,
2026.08.01 01:46:00,01:46:00,57,
2026.08.01 01:47:00,01:47:00,57,
2026.08.01 01:48:00,01:48:00,59,
2026.08.01 01:49:00,01:49:00,59,
2026.08.01 01:50:00,01:50:00,60,
2026.08.01 01:51:00,01:51:00,57,
2026.08.01 01:52:00,01:52:00,58,
2026.08.01 01:53:00,01:53:00,60,
2026.08.01 01:54:00,01:54:00,70,
2026.08.01 01:55:00,01:55:00,60,
2026.08.01 01:56:00,01:56:00,61,
2026.08.01 01:57:00,01:57:00,61,
2026.08.01 01:58:00,01:58:00,59,
2026.08.01 01:59:00,01:59:00,62,
2026.08.01 02:00:00,02:00:00,62,
2026.08.01 02:01:00,02:01:00,62,
2026.08.01 02:02:00,02:02:00,60,
2026.08.01 02:03:00,02:03:00,61,
2026.08.01 02:04:00,02:04:00,64,
2026.08.01 02:05:00,02:05:00,63,
2026.08.01 02:06:00,02:06:00,65,
2026.08.01 02:07:00,02:07:00,65,
2026.08.01 02:08:00,02:08:00,64,
2026.08.01 02:09:00,02:09:00,63,
2026.08.01 02:10:00,02:10:00,61,
2026.08.01 02:11:00,02:11:00,53,
2026.08.01 02:12:00,02:12:00,59,
2026.08.01 02:13:00,02:13:00,57,
2026.08.01 02:14:00,02:14:00,72,
2026.08.01 02:15:00,02:15:00,51,
2026.08.01 02:16:00,02:16:00,60,
2026.08.01 02:17:00,02:17:00,55,
2026.08.01 02:18:00,02:18:00,56,
2026.08.01 02:19:00,02:19:00,62,
2026.08.01 02:20:00,02:20:00,55,
2026.08.01 02:21:00,02:21:00,53,
2026.08.01 02:22:00,02:22:00,57,
2026.08.01 02:23:00,02:23:00,55,
2026.08.01 02:24:00,02:24:00,57,
2026.08.01 02:25:00,02:25:00,56,
2026.08.01 02:26:00,02:26:00,56,
2026.08.01 02:27:00,02:27:00,56,
2026.08.01 02:28:00,02:28:00,58,
2026.08.01 02:29:00,02:29:00,56,
2026.08.01 02:30:00,02:30:00,60,
2026.08.01 02:31:00,02:31:00,59,
2026.08.01 02:32:00,02:32:00,60,
2026.08.01 02:33:00,02:33:00,59,
2026.08.01 02:34:00,02:34:00,62,
2026.08.01 02:35:00,02:35:00,61,
2026.08.01 02:36:00,02:36:00,59,
2026.08.01 02:37:00,02:37:00,61,
2026.08.01 02:38:00,02:38:00,60,
2026.08.01 02:39:00,02:39:00,62,
2026.08.01 02:40:00,02:40:00,64,
2026.08.01 02:41:00,02:41:00,60,
2026.08.01 02:42:00,02:42:00,62,
2026.08.01 02:43:00,02:43:00,62,
2026.08.01 02:44:00,02:44:00,63,
2026.08.01 02:45:00,02:45:00,60,
2026.08.01 02:46:00,02:46:00,61,
2026.08.01 02:47:00,02:47:00,60,
2026.08.01 02:48:00,02:48:00,61,
2026.08.01 02:49:00,02:49:00,62,
2026.08.01 02:50:00,02:50:00,58,
2026.08.01 02:51:00,02:51:00,70,
2026.08.01 02:52:00,02:52:00,50,
2026.08.01 02:53:00,02:53:00,56,
2026.08.01 02:54:00,02:54:00,54,
2026.08.01 02:55:00,02:55:00,67,
2026.08.01 02:56:00,02:56:00,62,
2026.08.01 02:57:00,02:57:00,58,
2026.08.01 02:58:00,02:58:00,64,
2026.08.01 02:59:00,02:59:00,59,
2026.08.01 03:00:00,03:00:00,58,
2026.08.01 03:01:00,03:01:00,58,
2026.08.01 03:02:00,03:02:00,60,
2026.08.01 03:03:00,03:03:00,58,
2026.08.01 03:04:00,03:04:00,59,
2026.08.01 03:05:00,03:05:00,60,
2026.08.01 03:06:00,03:06:00,60,
2026.08.01 03:07:00,03:07:00,59,
2026.08.01 03:08:00,03:08:00,61,
2026.08.01 03:09:00,03:09:00,61,
2026.08.01 03:10:00,03:10:00,61,
2026.08.01 03:11:00,03:11:00,61,
2026.08.01 03:12:00,03:12:00,62,
2026.08.01 03:13:00,03:13:00,61,
2026.08.01 03:14:00,03:14:00,61,
2026.08.01 03:15:00,03:15:00,62,
2026.08.01 03:16:00,03:16:00,60,
2026.08.01 03:17:00,03:17:00,62,
2026.08.01 03:18:00,03:18:00,64,
2026.08.01 03:19:00,03:19:00,60,
2026.08.01 03:20:00,03:20:00,65,
2026.08.01 03:21:00,03:21:00,60,
2026.08.01 03:22:00,03:22:00,63,
2026.08.01 03:23:00,03:23:00,61,
2026.08.01 03:24:00,03:24:00,64,
2026.08.01 03:25:00,03:25:00,62,
2026.08.01 03:26:00,03:26:00,61,
2026.08.01 03:27:00,03:27:00,76,
2026.08.01 03:28:00,03:28:00,55,
2026.08.01 03:29:00,03:29:00,72,
2026.08.01 03:30:00,03:30:00,63,
2026.08.01 03:31:00,03:31:00,59,
2026.08.01 03:32:00,03:32:00,56,
2026.08.01 03:33:00,03:33:00,57,
2026.08.01 03:34:00,03:34:00,58,
2026.08.01 03:35:00,03:35:00,59,
2026.08.01 03:36:00,03:36:00,64,
2026.08.01 03:37:00,03:37:00,66,
2026.08.01 03:38:00,03:38:00,60,
2026.08.01 03:39:00,03:39:00,66,
2026.08.01 03:40:00,03:40:00,61,
2026.08.01 03:41:00,03:41:00,62,
2026.08.01 03:42:00,03:42:00,67,
2026.08.01 03:43:00,03:43:00,60,
2026.08.01 03:44:00,03:44:00,62,
2026.08.01 03:45:00,03:45:00,59,
2026.08.01 03:46:00,03:46:00,65,
2026.08.01 03:47:00,03:47:00,78,
2026.08.01 03:48:00,03:48:00,54,
2026.08.01 03:49:00,03:49:00,55,
2026.08.01 03:50:00,03:50:00,56,
2026.08.01 03:51:00,03:51:00,56,
2026.08.01 03:52:00,03:52:00,59,
2026.08.01 03:53:00,03:53:00,55,
2026.08.01 03:54:00,03:54:00,61,
2026.08.01 03:55:00,03:55:00,65,
2026.08.01 03:56:00,03:56:00,58,
2026.08.01 03:57:00,03:57:00,56,
2026.08.01 03:58:00,03:58:00,57,
2026.08.01 03:59:00,03:59:00,58,
2026.08.01 04:00:00,04:00:00,59,
2026.08.01 04:01:00,04:01:00,59,
2026.08.01 04:02:00,04:02:00,56,
2026.08.01 04:03:00,04:03:00,59,
2026.08.01 04:04:00,04:04:00,62,
2026.08.01 04:05:00,04:05:00,58,
2026.08.01 04:06:00,04:06:00,59,
2026.08.01 04:07:00,04:07:00,60,
2026.08.01 04:08:00,04:08:00,73,
2026.08.01 04:09:00,04:09:00,58,
2026.08.01 04:10:00,04:10:00,56,
2026.08.01 04:11:00,04:11:00,55,
2026.08.01 04:12:00,04:12:00,57,
2026.08.01 04:13:00,04:13:00,57,
2026.08.01 04:14:00,04:14:00,57,
2026.08.01 04:15:00,04:15:00,60,
2026.08.01 04:16:00,04:16:00,59,
2026.08.01 04:17:00,04:17:00,59,
2026.08.01 04:18:00,04:18:00,59,
2026.08.01 04:19:00,04:19:00,60,
2026.08.01 04:20:00,04:20:00,59,
2026.08.01 04:21:00,04:21:00,61,
2026.08.01 04:22:00,04:22:00,63,
2026.08.01 04:23:00,04:23:00,60,
2026.08.01 04:24:00,04:24:00,61,
2026.08.01 04:25:00,04:25:00,59,
2026.08.01 04:26:00,04:26:00,60,
2026.08.01 04:27:00,04:27:00,61,
2026.08.01 04:28:00,04:28:00,65,
2026.08.01 04:29:00,04:29:00,61,
2026.08.01 04:30:00,04:30:00,61,
2026.08.01 04:31:00,04:31:00,79,
2026.08.01 04:32:00,04:32:00,60,
2026.08.01 04:33:00,04:33:00,59,
2026.08.01 04:34:00,04:34:00,61,
2026.08.01 04:35:00,04:35:00,60,
2026.08.01 04:36:00,04:36:00,63,
2026.08.01 04:37:00,04:37:00,62,
2026.08.01 04:38:00,04:38:00,64,
2026.08.01 04:39:00,04:39:00,59,
2026.08.01 04:40:00,04:40:00,64,
2026.08.01 04:41:00,04:41:00,62,
2026.08.01 04:42:00,04:42:00,63,
2026.08.01 04:43:00,04:43:00,61,
2026.08.01 04:44:00,04:44:00,63,
2026.08.01 04:45:00,04:45:00,64,
2026.08.01 04:46:00,04:46:00,73,
2026.08.01 04:47:00,04:47:00,57,
2026.08.01 04:48:00,04:48:00,58,
2026.08.01 04:49:00,04:49:00,58,
2026.08.01 04:50:00,04:50:00,52,
2026.08.01 04:51:00,04:51:00,57,
2026.08.01 04:52:00,04:52:00,60,
2026.08.01 04:53:00,04:53:00,62,
2026.08.01 04:54:00,04:54:00,61,
2026.08.01 04:55:00,04:55:00,55,
2026.08.01 04:56:00,04:56:00,58,
2026.08.01 04:57:00,04:57:00,60,
2026.08.01 04:58:00,04:58:00,66,
2026.08.01 04:59:00,04:59:00,61,
2026.08.01 05:00:00,05:00:00,56,
2026.08.01 05:01:00,05:01:00,62,
2026.08.01 05:02:00,05:02:00,60,
2026.08.01 05:03:00,05:03:00,60,
2026.08.01 05:04:00,05:04:00,69,
2026.08.01 05:05:00,05:05:00,55,
2026.08.01 05:06:00,05:06:00,55,
2026.08.01 05:07:00,05:07:00,60,
2026.08.01 05:08:00,05:08:00,62,
2026.08.01 05:09:00,05:09:00,78,
2026.08.01 05:10:00,05:10:00,61,
2026.08.01 05:11:00,05:11:00,63,
2026.08.01 05:12:00,05:12:00,60,
2026.08.01 05:13:00,05:13:00,62,
2026.08.01 05:14:00,05:14:00,52,
2026.08.01 05:15:00,05:15:00,57,
2026.08.01 05:16:00,05:16:00,55,
2026.08.01 05:17:00,05:17:00,60,
2026.08.01 05:18:00,05:18:00,53,
2026.08.01 05:19:00,05:19:00,48,
2026.08.01 05:20:00,05:20:00,63,
2026.08.01 05:21:00,05:21:00,60,
2026.08.01 05:22:00,05:22:00,64,
2026.08.01 05:23:00,05:23:00,71,
2026.08.01 05:24:00,05:24:00,59,
2026.08.01 05:25:00,05:25:00,55,
2026.08.01 05:26:00,05:26:00,52,
2026.08.01 05:27:00,05:27:00,61,
2026.08.01 05:28:00,05:28:00,56,
2026.08.01 05:29:00,05:29:00,58,
2026.08.01 05:30:00,05:30:00,64,
2026.08.01 05:31:00,05:31:00,61,
2026.08.01 05:32:00,05:32:00,65,
2026.08.01 05:33:00,05:33:00,62,
2026.08.01 05:34:00,05:34:00,60,
2026.08.01 05:35:00,05:35:00,65,
2026.08.01 05:36:00,05:36:00,57,
2026.08.01 05:37:00,05:37:00,54,
2026.08.01 05:38:00,05:38:00,56,
2026.08.01 05:39:00,05:39:00,59,
2026.08.01 05:40:00,05:40:00,55,
2026.08.01 05:41:00,05:41:00,64,
2026.08.01 05:42:00,05:42:00,68,
2026.08.01 05:43:00,05:43:00,56,
2026.08.01 05:44:00,05:44:00,61,
2026.08.01 05:45:00,05:45:00,58,
2026.08.01 05:46:00,05:46:00,61,
2026.08.01 05:47:00,05:47:00,61,
2026.08.01 05:48:00,05:48:00,59,
2026.08.01 05:49:00,05:49:00,62,
2026.08.01 05:50:00,05:50:00,61,
2026.08.01 05:51:00,05:51:00,64,
2026.08.01 05:52:00,05:52:00,62,
2026.08.01 05:53:00,05:53:00,64,
2026.08.01 05:54:00,05:54:00,71,
2026.08.01 05:55:00,05:55:00,54,
2026.08.01 05:56:00,05:56:00,59,
2026.08.01 05:57:00,05:57:00,57,
2026.08.01 05:58:00,05:58:00,58,
2026.08.01 05:59:00,05:59:00,56,
2026.08.01 06:00:00,06:00:00,58,
2026.08.01 06:01:00,06:01:00,59,
2026.08.01 06:02:00,06:02:00,62,
2026.08.01 06:03:00,06:03:00,61,
2026.08.01 06:04:00,06:04:00,60,
2026.08.01 06:05:00,06:05:00,62,
2026.08.01 06:06:00,06:06:00,62,
2026.08.01 06:07:00,06:07:00,64,
2026.08.01 06:08:00,06:08:00,64,
2026.08.01 06:09:00,06:09:00,64,
2026.08.01 06:10:00,06:10:00,62,
2026.08.01 06:11:00,06:11:00,61,
2026.08.01 06:12:00,06:12:00,63,
2026.08.01 06:13:00,06:13:00,63,
2026.08.01 06:14:00,06:14:00,63,
2026.08.01 06:15:00,06:15:00,64,
2026.08.01 06:16:00,06:16:00,66,
2026.08.01 06:17:00,06:17:00,65,
2026.08.01 06:18:00,06:18:00,62,
2026.08.01 06:19:00,06:19:00,65,
2026.08.01 06:20:00,06:20:00,64,
2026.08.01 06:21:00,06:21:00,63,
2026.08.01 06:22:00,06:22:00,64,
2026.08.01 06:23:00,06:23:00,65,
2026.08.01 06:24:00,06:24:00,63,
2026.08.01 06:25:00,06:25:00,65,
2026.08.01 06:26:00,06:26:00,63,
2026.08.01 06:27:00,06:27:00,72,
2026.08.01 06:28:00,06:28:00,61,
2026.08.01 06:29:00,06:29:00,83,
2026.08.01 06:30:00,06:30:00,85,
2026.08.01 06:31:00,06:31:00,69,
2026.08.01 06:32:00,06:32:00,63,
2026.08.01 06:33:00,06:33:00,65,
2026.08.01 06:34:00,06:34:00,62,
2026.08.01 06:35:00,06:35:00,61,
2026.08.01 06:36:00,06:36:00,62,
2026.08.01 06:37:00,06:37:00,63,
2026.08.01 06:38:00,06:38:00,63,
2026.08.01 06:39:00,06:39:00,64,
2026.08.01 06:40:00,06:40:00,66,
2026.08.01 06:41:00,06:41:00,67,
2026.08.01 06:42:00,06:42:00,56,
2026.08.01 06:43:00,06:43:00,59,
2026.08.01 06:44:00,06:44:00,61,
2026.08.01 06:45:00,06:45:00,60,
2026.08.01 06:46:00,06:46:00,60,
2026.08.01 06:47:00,06:47:00,72,
2026.08.01 06:48:00,06:48:00,64,
2026.08.01 06:49:00,06:49:00,62,
2026.08.01 06:50:00,06:50:00,63,
2026.08.01 06:51:00,06:51:00,58,
2026.08.01 06:52:00,06:52:00,56,
2026.08.01 06:53:00,06:53:00,60,
2026.08.01 06:54:00,06:54:00,55,
2026.08.01 06:55:00,06:55:00,60,
2026.08.01 06:56:00,06:56:00,62,
2026.08.01 06:57:00,06:57:00,59,
2026.08.01 06:58:00,06:58:00,67,
2026.08.01 06:59:00,06:59:00,72,
2026.08.01 07:00:00,07:00:00,97,
2026.08.01 07:01:00,07:01:00,100,
2026.08.01 07:02:00,07:02:00,95,
2026.08.01 07:03:00,07:03:00,82,
2026.08.01 07:04:00,07:04:00,85,
2026.08.01 07:05:00,07:05:00,77,
2026.08.01 07:06:00,07:06:00,74,
2026.08.01 07:07:00,07:07:00,76,
2026.08.01 07:08:00,07:08:00,75,
2026.08.01 07:09:00,07:09:00,77,
2026.08.01 07:10:00,07:10:00,73,
2026.08.01 07:11:00,07:11:00,75,
2026.08.01 07:12:00,07:12:00,77,
2026.08.01 07:13:00,07:13:00,80,
2026.08.01 07:14:00,07:14:00,85,
2026.08.01 07:15:00,07:15:00,94,
2026.08.01 07:16:00,07:16:00,91,
2026.08.01 07:17:00,07:17:00,91,
2026.08.01 07:18:00,07:18:00,87,
2026.08.01 07:19:00,07:19:00,91,
2026.08.01 07:20:00,07:20:00,90,
2026.08.01 07:21:00,07:21:00,61,
2026.08.01 07:22:00,07:22:00,73,
2026.08.01 07:23:00,07:23:00,87,
2026.08.01 07:24:00,07:24:00,73,
2026.08.01 07:25:00,07:25:00,64,
2026.08.01 07:26:00,07:26:00,74,
2026.08.01 07:27:00,07:27:00,77,
2026.08.01 07:28:00,07:28:00,63,
2026.08.01 07:29:00,07:29:00,71,
2026.08.01 07:30:00,07:30:00,87,
2026.08.01 07:31:00,07:31:00,64,
2026.08.01 07:32:00,07:32:00,63,
2026.08.01 07:33:00,07:33:00,65,
2026.08.01 07:34:00,07:34:00,65,
2026.08.01 07:35:00,07:35:00,63,
2026.08.01 07:36:00,07:36:00,65,
2026.08.01 07:37:00,07:37:00,65,
2026.08.01 07:38:00,07:38:00,63,
2026.08.01 07:39:00,07:39:00,61,
2026.08.01 07:40:00,07:40:00,60,
2026.08.01 07:41:00,07:41:00,64,
2026.08.01 07:42:00,07:42:00,62,
2026.08.01 07:43:00,07:43:00,64,
2026.08.01 07:44:00,07:44:00,65,
2026.08.01 07:45:00,07:45:00,69,
2026.08.01 07:46:00,07:46:00,77,
2026.08.01 07:47:00,07:47:00,79,
2026.08.01 07:48:00,07:48:00,74,
2026.08.01 07:49:00,07:49:00,79,
2026.08.01 07:50:00,07:50:00,82,
2026.08.01 07:51:00,07:51:00,77,
2026.08.01 07:52:00,07:52:00,88,
2026.08.01 07:53:00,07:53:00,80,
2026.08.01 07:54:00,07:54:00,77,
2026.08.01 07:55:00,07:55:00,82,
2026.08.01 07:56:00,07:56:00,77,
2026.08.01 07:57:00,07:57:00,81,
2026.08.01 07:58:00,07:58:00,80,
2026.08.01 07:59:00,07:59:00,85,
2026.08.01 08:00:00,08:00:00,85,
2026.08.01 08:01:00,08:01:00,89,
2026.08.01 08:02:00,08:02:00,85,
2026.08.01 08:03:00,08:03:00,85,
2026.08.01 08:04:00,08:04:00,83,
2026.08.01 08:05:00,08:05:00,80,
2026.08.01 08:06:00,08:06:00,79,
2026.08.01 08:07:00,08:07:00,85,
2026.08.01 08:08:00,08:08:00,86,
2026.08.01 08:09:00,08:09:00,81,
2026.08.01 08:10:00,08:10:00,92,
2026.08.01 08:11:00,08:11:00,80,
2026.08.01 08:12:00,08:12:00,84,
2026.08.01 08:13:00,08:13:00,85,
2026.08.01 08:14:00,08:14:00,92,
2026.08.01 08:15:00,08:15:00,85,
2026.08.01 08:16:00,08:16:00,88,
2026.08.01 08:17:00,08:17:00,90,
2026.08.01 08:18:00,08:18:00,88,
2026.08.01 08:19:00,08:19:00,89,
2026.08.01 08:20:00,08:20:00,86,
2026.08.01 08:21:00,08:21:00,92,
2026.08.01 08:22:00,08:22:00,81,
2026.08.01 08:23:00,08:23:00,85,
2026.08.01 08:24:00,08:24:00,87,
2026.08.01 08:25:00,08:25:00,81,
2026.08.01 08:26:00,08:26:00,88,
2026.08.01 08:27:00,08:27:00,91,
2026.08.01 08:28:00,08:28:00,85,
2026.08.01 08:29:00,08:29:00,81,
2026.08.01 08:30:00,08:30:00,87,
2026.08.01 08:31:00,08:31:00,82,
2026.08.01 08:32:00,08:32:00,76,
2026.08.01 08:33:00,08:33:00,70,
2026.08.01 08:34:00,08:34:00,72,
2026.08.01 08:35:00,08:35:00,71,
2026.08.01 08:36:00,08:36:00,72,
2026.08.01 08:37:00,08:37:00,74,
2026.08.01 08:38:00,08:38:00,72,
2026.08.01 08:39:00,08:39:00,73,
2026.08.01 08:40:00,08:40:00,73,
2026.08.01 08:41:00,08:41:00,74,
2026.08.01 08:42:00,08:42:00,71,
2026.08.01 08:43:00,08:43:00,77,
2026.08.01 08:44:00,08:44:00,78,
2026.08.01 08:45:00,08:45:00,77,
2026.08.01 08:46:00,08:46:00,77,
2026.08.01 08:47:00,08:47:00,73,
2026.08.01 08:48:00,08:48:00,88,
2026.08.01 08:49:00,08:49:00,85,
2026.08.01 08:50:00,08:50:00,80,
2026.08.01 08:51:00,08:51:00,79,
2026.08.01 08:52:00,08:52:00,86,
2026.08.01 08:53:00,08:53:00,91,
2026.08.01 08:54:00,08:54:00,79,
2026.08.01 08:55:00,08:55:00,88,
2026.08.01 08:56:00,08:56:00,84,
2026.08.01 08:57:00,08:57:00,92,
2026.08.01 08:58:00,08:58:00,91,
2026.08.01 08:59:00,08:59:00,92,
2026.08.01 09:00:00,09:00:00,93,
2026.08.01 09:01:00,09:01:00,95,
2026.08.01 09:02:00,09:02:00,100,
2026.08.01 09:03:00,09:03:00,93,
2026.08.01 09:04:00,09:04:00,89,
2026.08.01 09:05:00,09:05:00,92,
2026.08.01 09:06:00,09:06:00,92,
2026.08.01 09:07:00,09:07:00,92,
2026.08.01 09:08:00,09:08:00,87,
2026.08.01 09:09:00,09:09:00,93,
2026.08.01 09:10:00,09:10:00,89,
2026.08.01 09:11:00,09:11:00,96,
2026.08.01 09:12:00,09:12:00,102,
2026.08.01 09:13:00,09:13:00,97,
2026.08.01 09:14:00,09:14:00,95,
2026.08.01 09:15:00,09:15:00,105,
2026.08.01 09:16:00,09:16:00,95,
2026.08.01 09:17:00,09:17:00,104,
2026.08.01 09:18:00,09:18:00,106,
2026.08.01 09:19:00,09:19:00,97,
2026.08.01 09:20:00,09:20:00,105,
2026.08.01 09:21:00,09:21:00,100,
2026.08.01 09:22:00,09:22:00,104,
2026.08.01 09:23:00,09:23:00,104,
2026.08.01 09:24:00,09:24:00,107,
2026.08.01 09:25:00,09:25:00,101,
2026.08.01 09:26:00,09:26:00,101,
2026.08.01 09:27:00,09:27:00,101,
2026.08.01 09:28:00,09:28:00,97,
2026.08.01 09:29:00,09:29:00,100,
2026.08.01 09:30:00,09:30:00,97,
2026.08.01 09:31:00,09:31:00,96,
2026.08.01 09:32:00,09:32:00,95,
2026.08.01 09:33:00,09:33:00,97,
2026.08.01 09:34:00,09:34:00,94,
2026.08.01 09:35:00,09:35:00,98,
2026.08.01 09:36:00,09:36:00,90,
2026.08.01 09:37:00,09:37:00,102,
2026.08.01 09:38:00,09:38:00,92,
2026.08.01 09:39:00,09:39:00,96,
2026.08.01 09:40:00,09:40:00,97,
2026.08.01 09:41:00,09:41:00,101,
2026.08.01 09:42:00,09:42:00,100,
2026.08.01 09:43:00,09:43:00,102,
2026.08.01 09:44:00,09:44:00,103,
2026.08.01 09:45:00,09:45:00,90,
2026.08.01 09:46:00,09:46:00,90,
2026.08.01 09:47:00,09:47:00,92,
2026.08.01 09:48:00,09:48:00,90,
2026.08.01 09:49:00,09:49:00,92,
2026.08.01 09:50:00,09:50:00,89,
2026.08.01 09:51:00,09:51:00,87,
2026.08.01 09:52:00,09:52:00,88,
2026.08.01 09:53:00,09:53:00,103,
2026.08.01 09:54:00,09:54:00,97,
2026.08.01 09:55:00,09:55:00,94,
2026.08.01 09:56:00,09:56:00,94,
2026.08.01 09:57:00,09:57:00,96,
2026.08.01 09:58:00,09:58:00,93,
2026.08.01 09:59:00,09:59:00,98,
2026.08.01 10:00:00,10:00:00,104,
2026.08.01 10:01:00,10:01:00,93,
2026.08.01 10:02:00,10:02:00,101,
2026.08.01 10:03:00,10:03:00,94,
2026.08.01 10:04:00,10:04:00,98,
2026.08.01 10:05:00,10:05:00,97,
2026.08.01 10:06:00,10:06:00,93,
2026.08.01 10:07:00,10:07:00,81,
2026.08.01 10:08:00,10:08:00,93,
2026.08.01 10:09:00,10:09:00,93,
2026.08.01 10:10:00,10:10:00,106,
2026.08.01 10:11:00,10:11:00,106,
2026.08.01 10:12:00,10:12:00,108,
2026.08.01 10:13:00,10:13:00,109,
2026.08.01 10:14:00,10:14:00,105,
2026.08.01 10:15:00,10:15:00,97,
2026.08.01 10:16:00,10:16:00,106,
2026.08.01 10:17:00,10:17:00,125,
2026.08.01 10:18:00,10:18:00,107,
2026.08.01 10:19:00,10:19:00,128,
2026.08.01 10:20:00,10:20:00,115,
2026.08.01 10:21:00,10:21:00,133,
2026.08.01 10:22:00,10:22:00,159,
2026.08.01 10:23:00,10:23:00,141,
2026.08.01 10:24:00,10:24:00,125,
2026.08.01 10:25:00,10:25:00,135,
2026.08.01 10:26:00,10:26:00,136,
2026.08.01 10:27:00,10:27:00,137,
2026.08.01 10:28:00,10:28:00,135,
2026.08.01 10:29:00,10:29:00,136,
2026.08.01 10:30:00,10:30:00,139,
2026.08.01 10:31:00,10:31:00,136,
2026.08.01 10:32:00,10:32:00,134,
2026.08.01 10:33:00,10:33:00,140,
2026.08.01 10:34:00,10:34:00,136,
2026.08.01 10:35:00,10:35:00,140,
2026.08.01 10:36:00,10:36:00,115,
2026.08.01 10:37:00,10:37:00,134,
2026.08.01 10:38:00,10:38:00,112,
2026.08.01 10:39:00,10:39:00,104,
2026.08.01 10:40:00,10:40:00,104,
2026.08.01 10:41:00,10:41:00,103,
2026.08.01 10:42:00,10:42:00,109,
2026.08.01 10:43:00,10:43:00,118,
2026.08.01 10:44:00,10:44:00,122,
2026.08.01 10:45:00,10:45:00,131,
2026.08.01 10:46:00,10:46:00,136,
2026.08.01 10:47:00,10:47:00,136,
2026.08.01 10:48:00,10:48:00,135,
2026.08.01 10:49:00,10:49:00,136,
2026.08.01 10:50:00,10:50:00,137,
2026.08.01 10:51:00,10:51:00,135,
2026.08.01 10:52:00,10:52:00,139,
2026.08.01 10:53:00,10:53:00,138,
2026.08.01 10:54:00,10:54:00,131,
2026.08.01 10:55:00,10:55:00,138,
2026.08.01 10:56:00,10:56:00,136,
2026.08.01 10:57:00,10:57:00,124,
2026.08.01 10:58:00,10:58:00,141,
2026.08.01 10:59:00,10:59:00,136,
2026.08.01 11:00:00,11:00:00,139,
2026.08.01 11:01:00,11:01:00,139,
2026.08.01 11:02:00,11:02:00,140,
2026.08.01 11:03:00,11:03:00,138,
2026.08.01 11:04:00,11:04:00,127,
2026.08.01 11:05:00,11:05:00,126,
2026.08.01 11:06:00,11:06:00,122,
2026.08.01 11:07:00,11:07:00,125,
2026.08.01 11:08:00,11:08:00,136,
2026.08.01 11:09:00,11:09:00,139,
2026.08.01 11:10:00,11:10:00,142,
2026.08.01 11:11:00,11:11:00,144,
2026.08.01 11:12:00,11:12:00,141,
2026.08.01 11:13:00,11:13:00,118,
2026.08.01 11:14:00,11:14:00,134,
2026.08.01 11:15:00,11:15:00,134,
2026.08.01 11:16:00,11:16:00,145,
2026.08.01 11:17:00,11:17:00,146,
2026.08.01 11:18:00,11:18:00,141,
2026.08.01 11:19:00,11:19:00,135,
2026.08.01 11:20:00,11:20:00,149,
2026.08.01 11:21:00,11:21:00,150,
2026.08.01 11:22:00,11:22:00,147,
2026.08.01 11:23:00,11:23:00,136,
2026.08.01 11:24:00,11:24:00,137,
2026.08.01 11:25:00,11:25:00,128,
2026.08.01 11:26:00,11:26:00,127,
2026.08.01 11:27:00,11:27:00,138,
2026.08.01 11:28:00,11:28:00,138,
2026.08.01 11:29:00,11:29:00,134,
2026.08.01 11:30:00,11:30:00,140,
2026.08.01 11:31:00,11:31:00,146,
2026.08.01 11:32:00,11:32:00,141,
2026.08.01 11:33:00,11:33:00,129,
2026.08.01 11:34:00,11:34:00,147,
2026.08.01 11:35:00,11:35:00,165,
2026.08.01 11:36:00,11:36:00,176,
2026.08.01 11:37:00,11:37:00,178,
2026.08.01 11:38:00,11:38:00,143,
2026.08.01 11:39:00,11:39:00,158,
2026.08.01 11:40:00,11:40:00,153,
2026.08.01 11:41:00,11:41:00,154,
2026.08.01 11:42:00,11:42:00,152,
2026.08.01 11:43:00,11:43:00,160,
2026.08.01 11:44:00,11:44:00,169,
2026.08.01 11:45:00,11:45:00,150,
2026.08.01 11:46:00,11:46:00,154,
2026.08.01 11:47:00,11:47:00,140,
2026.08.01 11:48:00,11:48:00,134,
2026.08.01 11:49:00,11:49:00,115,
2026.08.01 11:50:00,11:50:00,122,
2026.08.01 11:51:00,11:51:00,121,
2026.08.01 11:52:00,11:52:00,113,
2026.08.01 11:53:00,11:53:00,116,
2026.08.01 11:54:00,11:54:00,119,
2026.08.01 11:55:00,11:55:00,142,
2026.08.01 11:56:00,11:56:00,140,
2026.08.01 11:57:00,11:57:00,143,
2026.08.01 11:58:00,11:58:00,143,
2026.08.01 11:59:00,11:59:00,145,
2026.08.01 12:00:00,12:00:00,145,
2026.08.01 12:01:00,12:01:00,143,
2026.08.01 12:02:00,12:02:00,139,
2026.08.01 12:03:00,12:03:00,136,
2026.08.01 12:04:00,12:04:00,143,
2026.08.01 12:05:00,12:05:00,136,
2026.08.01 12:06:00,12:06:00,143,
2026.08.01 12:07:00,12:07:00,142,
2026.08.01 12:08:00,12:08:00,148,
2026.08.01 12:09:00,12:09:00,145,
2026.08.01 12:10:00,12:10:00,137,
2026.08.01 12:11:00,12:11:00,138,
2026.08.01 12:12:00,12:12:00,131,
2026.08.01 12:13:00,12:13:00,118,
2026.08.01 12:14:00,12:14:00,119,
2026.08.01 12:15:00,12:15:00,120,
2026.08.01 12:16:00,12:16:00,129,
2026.08.01 12:17:00,12:17:00,147,
2026.08.01 12:18:00,12:18:00,135,
2026.08.01 12:19:00,12:19:00,134,
2026.08.01 12:20:00,12:20:00,135,
2026.08.01 12:21:00,12:21:00,136,
2026.08.01 12:22:00,12:22:00,124,
2026.08.01 12:23:00,12:23:00,142,
2026.08.01 12:24:00,12:24:00,143,
2026.08.01 12:25:00,12:25:00,141,
2026.08.01 12:26:00,12:26:00,141,
2026.08.01 12:27:00,12:27:00,137,
2026.08.01 12:28:00,12:28:00,139,
2026.08.01 12:29:00,12:29:00,139,
2026.08.01 12:30:00,12:30:00,141,
2026.08.01 12:31:00,12:31:00,141,
2026.08.01 12:32:00,12:32:00,141,
2026.08.01 12:33:00,12:33:00,134,
2026.08.01 12:34:00,12:34:00,141,
2026.08.01 12:35:00,12:35:00,147,
2026.08.01 12:36:00,12:36:00,154,
2026.08.01 12:37:00,12:37:00,143,
2026.08.01 12:38:00,12:38:00,141,
2026.08.01 12:39:00,12:39:00,138,
2026.08.01 12:40:00,12:40:00,143,
2026.08.01 12:41:00,12:41:00,144,
2026.08.01 12:42:00,12:42:00,143,
2026.08.01 12:43:00,12:43:00,145,
2026.08.01 12:44:00,12:44:00,137,
2026.08.01 12:45:00,12:45:00,138,
2026.08.01 12:46:00,12:46:00,141,
2026.08.01 12:47:00,12:47:00,148,
2026.08.01 12:48:00,12:48:00,141,
2026.08.01 12:49:00,12:49:00,132,
2026.08.01 12:50:00,12:50:00,123,
2026.08.01 12:51:00,12:51:00,135,
2026.08.01 12:52:00,12:52:00,148,
2026.08.01 12:53:00,12:53:00,127,
2026.08.01 12:54:00,12:54:00,137,
2026.08.01 12:55:00,12:55:00,144,
2026.08.01 12:56:00,12:56:00,140,
2026.08.01 12:57:00,12:57:00,136,
2026.08.01 12:58:00,12:58:00,138,
2026.08.01 12:59:00,12:59:00,133,
2026.08.01 13:00:00,13:00:00,138,
2026.08.01 13:01:00,13:01:00,139,
2026.08.01 13:02:00,13:02:00,140,
2026.08.01 13:03:00,13:03:00,143,
2026.08.01 13:04:00,13:04:00,143,
2026.08.01 13:05:00,13:05:00,146,
2026.08.01 13:06:00,13:06:00,146,
2026.08.01 13:07:00,13:07:00,142,
2026.08.01 13:08:00,13:08:00,138,
2026.08.01 13:09:00,13:09:00,143,
2026.08.01 13:10:00,13:10:00,144,
2026.08.01 13:11:00,13:11:00,140,
2026.08.01 13:12:00,13:12:00,148,
2026.08.01 13:13:00,13:13:00,150,
2026.08.01 13:14:00,13:14:00,146,
2026.08.01 13:15:00,13:15:00,136,
2026.08.01 13:16:00,13:16:00,145,
2026.08.01 13:17:00,13:17:00,133,
2026.08.01 13:18:00,13:18:00,131,
2026.08.01 13:19:00,13:19:00,134,
2026.08.01 13:20:00,13:20:00,146,
2026.08.01 13:21:00,13:21:00,143,
2026.08.01 13:22:00,13:22:00,132,
2026.08.01 13:23:00,13:23:00,134,
2026.08.01 13:24:00,13:24:00,137,
2026.08.01 13:25:00,13:25:00,138,
2026.08.01 13:26:00,13:26:00,140,
2026.08.01 13:27:00,13:27:00,143,
2026.08.01 13:28:00,13:28:00,138,
2026.08.01 13:29:00,13:29:00,140,
2026.08.01 13:30:00,13:30:00,111,
2026.08.01 13:31:00,13:31:00,124,
2026.08.01 13:32:00,13:32:00,126,
2026.08.01 13:33:00,13:33:00,130,
2026.08.01 13:34:00,13:34:00,119,
2026.08.01 13:35:00,13:35:00,116,
2026.08.01 13:36:00,13:36:00,117,
2026.08.01 13:37:00,13:37:00,117,
2026.08.01 13:50:00,13:50:00,94,
2026.08.01 13:51:00,13:51:00,112,
2026.08.01 13:52:00,13:52:00,105,
2026.08.01 13:53:00,13:53:00,109,
2026.08.01 13:54:00,13:54:00,103,
2026.08.01 13:55:00,13:55:00,101,
2026.08.01 13:56:00,13:56:00,101,
2026.08.01 13:57:00,13:57:00,95,
2026.08.01 13:58:00,13:58:00,105,
2026.08.01 13:59:00,13:59:00,102,
2026.08.01 14:00:00,14:00:00,113,
2026.08.01 14:01:00,14:01:00,105,
2026.08.01 14:02:00,14:02:00,95,
2026.08.01 14:03:00,14:03:00,92,
2026.08.01 14:04:00,14:04:00,95,
2026.08.01 14:05:00,14:05:00,94,
2026.08.01 14:06:00,14:06:00,95,
2026.08.01 14:07:00,14:07:00,103,
2026.08.01 14:08:00,14:08:00,95,
2026.08.01 14:09:00,14:09:00,95,
2026.08.01 14:10:00,14:10:00,95,
2026.08.01 14:11:00,14:11:00,95,
2026.08.01 14:12:00,14:12:00,95,
2026.08.01 14:13:00,14:13:00,95,
2026.08.01 14:14:00,14:14:00,96,
2026.08.01 14:15:00,14:15:00,95,
2026.08.01 14:16:00,14:16:00,104,
2026.08.01 14:17:00,14:17:00,94,
2026.08.01 14:18:00,14:18:00,95,
2026.08.01 14:19:00,14:19:00,95,
2026.08.01 14:20:00,14:20:00,94,
2026.08.01 14:21:00,14:21:00,95,
2026.08.01 14:22:00,14:22:00,95,
2026.08.01 14:23:00,14:23:00,94,
2026.08.01 14:24:00,14:24:00,95,
2026.08.01 14:25:00,14:25:00,94,
2026.08.01 14:26:00,14:26:00,94,
2026.08.01 14:27:00,14:27:00,94,
2026.08.01 14:28:00,14:28:00,101,
2026.08.01 14:29:00,14:29:00,114,
2026.08.01 14:30:00,14:30:00,113,
2026.08.01 14:31:00,14:31:00,108,
2026.08.01 14:32:00,14:32:00,110,
2026.08.01 14:33:00,14:33:00,104,
2026.08.01 14:34:00,14:34:00,99,
2026.08.01 14:35:00,14:35:00,97,
2026.08.01 14:36:00,14:36:00,100,
2026.08.01 14:37:00,14:37:00,101,
2026.08.01 14:38:00,14:38:00,100,
2026.08.01 14:39:00,14:39:00,101,
2026.08.01 14:40:00,14:40:00,98,
2026.08.01 14:41:00,14:41:00,95,
2026.08.01 14:42:00,14:42:00,94,
2026.08.01 14:43:00,14:43:00,112,
2026.08.01 14:44:00,14:44:00,110,
2026.08.01 14:45:00,14:45:00,107,
2026.08.01 14:46:00,14:46:00,108,
2026.08.01 14:47:00,14:47:00,106,
2026.08.01 14:48:00,14:48:00,112,
2026.08.01 14:49:00,14:49:00,111,
2026.08.01 14:50:00,14:50:00,91,
2026.08.01 14:51:00,14:51:00,93,
2026.08.01 14:52:00,14:52:00,91,
2026.08.01 14:53:00,14:53:00,87,
2026.08.01 14:54:00,14:54:00,93,
2026.08.01 14:55:00,14:55:00,88,
2026.08.01 14:56:00,14:56:00,89,
2026.08.01 14:57:00,14:57:00,94,
2026.08.01 14:58:00,14:58:00,93,
2026.08.01 14:59:00,14:59:00,94,
2026.08.01 15:00:00,15:00:00,90,
2026.08.01 15:01:00,15:01:00,92,
2026.08.01 15:02:00,15:02:00,90,
2026.08.01 15:03:00,15:03:00,92,
2026.08.01 15:04:00,15:04:00,89,
2026.08.01 15:05:00,15:05:00,91,
2026.08.01 15:06:00,15:06:00,88,
2026.08.01 15:07:00,15:07:00,90,
2026.08.01 15:08:00,15:08:00,94,
2026.08.01 15:09:00,15:09:00,87,
2026.08.01 15:10:00,15:10:00,88,
2026.08.01 15:11:00,15:11:00,91,
2026.08.01 15:12:00,15:12:00,95,
2026.08.01 15:13:00,15:13:00,92,
2026.08.01 15:14:00,15:14:00,107,
2026.08.01 15:15:00,15:15:00,102,
2026.08.01 15:16:00,15:16:00,89,
2026.08.01 15:17:00,15:17:00,91,
2026.08.01 15:18:00,15:18:00,95,
2026.08.01 15:19:00,15:19:00,88,
2026.08.01 15:20:00,15:20:00,84,
2026.08.01 15:21:00,15:21:00,95,
2026.08.01 15:22:00,15:22:00,94,
2026.08.01 15:23:00,15:23:00,92,
2026.08.01 15:24:00,15:24:00,92,
2026.08.01 15:25:00,15:25:00,105,
2026.08.01 15:26:00,15:26:00,95,
2026.08.01 15:27:00,15:27:00,89,
2026.08.01 15:28:00,15:28:00,83,
2026.08.01 15:29:00,15:29:00,85,
2026.08.01 15:30:00,15:30:00,85,
2026.08.01 15:31:00,15:31:00,92,
2026.08.01 15:32:00,15:32:00,91,
2026.08.01 15:33:00,15:33:00,91,
2026.08.01 15:34:00,15:34:00,86,
2026.08.01 15:35:00,15:35:00,86,
2026.08.01 15:36:00,15:36:00,86,
2026.08.01 15:37:00,15:37:00,81,
2026.08.01 15:38:00,15:38:00,95,
2026.08.01 15:39:00,15:39:00,86,
2026.08.01 15:40:00,15:40:00,83,
2026.08.01 15:41:00,15:41:00,82,
2026.08.01 15:42:00,15:42:00,83,
2026.08.01 15:43:00,15:43:00,83,
2026.08.01 15:44:00,15:44:00,94,
2026.08.01 15:45:00,15:45:00,95,
2026.08.01 15:46:00,15:46:00,75,
2026.08.01 15:47:00,15:47:00,86,
2026.08.01 15:48:00,15:48:00,86,
2026.08.01 15:49:00,15:49:00,85,
2026.08.01 15:50:00,15:50:00,82,
2026.08.01 15:51:00,15:51:00,79,
2026.08.01 15:52:00,15:52:00,82,
2026.08.01 15:53:00,15:53:00,83,
2026.08.01 15:54:00,15:54:00,81,
2026.08.01 15:55:00,15:55:00,83,
2026.08.01 15:56:00,15:56:00,90,
2026.08.01 15:57:00,15:57:00,84,
2026.08.01 15:58:00,15:58:00,89,
2026.08.01 15:59:00,15:59:00,91,
2026.08.01 16:00:00,16:00:00,87,
2026.08.01 16:01:00,16:01:00,94,
2026.08.01 16:02:00,16:02:00,92,
2026.08.01 16:03:00,16:03:00,95,
2026.08.01 16:04:00,16:04:00,89,
2026.08.01 16:05:00,16:05:00,93,
2026.08.01 16:06:00,16:06:00,90,
2026.08.01 16:07:00,16:07:00,102,
2026.08.01 16:08:00,16:08:00,106,
2026.08.01 16:09:00,16:09:00,97,
2026.08.01 16:10:00,16:10:00,98,
2026.08.01 16:11:00,16:11:00,107,
2026.08.01 16:12:00,16:12:00,95,
2026.08.01 16:13:00,16:13:00,94,
2026.08.01 16:14:00,16:14:00,98,
2026.08.01 16:15:00,16:15:00,91,
2026.08.01 16:16:00,16:16:00,92,
2026.08.01 16:17:00,16:17:00,90,
2026.08.01 16:18:00,16:18:00,92,
2026.08.01 16:19:00,16:19:00,88,
2026.08.01 16:20:00,16:20:00,84,
2026.08.01 16:21:00,16:21:00,90,
2026.08.01 16:22:00,16:22:00,90,
2026.08.01 16:23:00,16:23:00,90,
2026.08.01 16:24:00,16:24:00,90,
2026.08.01 16:25:00,16:25:00,89,
2026.08.01 16:26:00,16:26:00,83,
2026.08.01 16:27:00,16:27:00,83,
2026.08.01 16:28:00,16:28:00,83,
2026.08.01 16:29:00,16:29:00,84,
2026.08.01 16:30:00,16:30:00,88,
2026.08.01 16:31:00,16:31:00,100,
2026.08.01 16:32:00,16:32:00,98,
2026.08.01 16:33:00,16:33:00,93,
2026.08.01 16:34:00,16:34:00,77,
2026.08.01 16:35:00,16:35:00,82,
2026.08.01 16:36:00,16:36:00,88,
2026.08.01 16:37:00,16:37:00,77,
2026.08.01 16:38:00,16:38:00,78,
2026.08.01 16:39:00,16:39:00,92,
2026.08.01 16:40:00,16:40:00,97,
2026.08.01 16:41:00,16:41:00,86,
2026.08.01 16:42:00,16:42:00,88,
2026.08.01 16:43:00,16:43:00,88,
2026.08.01 16:44:00,16:44:00,86,
2026.08.01 16:45:00,16:45:00,86,
2026.08.01 16:47:00,16:47:00,80,
2026.08.01 16:48:00,16:48:00,84,
2026.08.01 16:49:00,16:49:00,77,
2026.08.01 16:50:00,16:50:00,87,
2026.08.01 16:51:00,16:51:00,79,
2026.08.01 16:52:00,16:52:00,77,
2026.08.01 16:53:00,16:53:00,80,
2026.08.01 16:54:00,16:54:00,78,
2026.08.01 16:55:00,16:55:00,80,
2026.08.01 16:56:00,16:56:00,82,
2026.08.01 16:57:00,16:57:00,82,
2026.08.01 16:58:00,16:58:00,95,
2026.08.01 16:59:00,16:59:00,85,
2026.08.01 17:00:00,17:00:00,80,
2026.08.01 17:01:00,17:01:00,85,
2026.08.01 17:02:00,17:02:00,81,
2026.08.01 17:03:00,17:03:00,85,
2026.08.01 17:04:00,17:04:00,92,
2026.08.01 17:05:00,17:05:00,97,
2026.08.01 17:06:00,17:06:00,92,
2026.08.01 17:07:00,17:07:00,77,
2026.08.01 17:08:00,17:08:00,81,
2026.08.01 17:09:00,17:09:00,75,
2026.08.01 17:10:00,17:10:00,73,
2026.08.01 17:11:00,17:11:00,72,
2026.08.01 17:12:00,17:12:00,82,
2026.08.01 17:13:00,17:13:00,76,
2026.08.01 17:14:00,17:14:00,73,
2026.08.01 17:15:00,17:15:00,73,
2026.08.01 17:16:00,17:16:00,73,
2026.08.01 17:17:00,17:17:00,74,
2026.08.01 17:18:00,17:18:00,84,
2026.08.01 17:19:00,17:19:00,77,
2026.08.01 17:20:00,17:20:00,77,
2026.08.01 17:21:00,17:21:00,78,
2026.08.01 17:22:00,17:22:00,78,
2026.08.01 17:23:00,17:23:00,76,
2026.08.01 17:24:00,17:24:00,75,
2026.08.01 17:25:00,17:25:00,75,
2026.08.01 17:26:00,17:26:00,76,
2026.08.01 17:27:00,17:27:00,82,
2026.08.01 17:28:00,17:28:00,77,
2026.08.01 17:29:00,17:29:00,83,
2026.08.01 17:30:00,17:30:00,80,
2026.08.01 17:31:00,17:31:00,75,
2026.08.01 17:32:00,17:32:00,69,
2026.08.01 17:33:00,17:33:00,75,
2026.08.01 17:34:00,17:34:00,80,
2026.08.01 17:35:00,17:35:00,70,
2026.08.01 17:36:00,17:36:00,71,
2026.08.01 17:37:00,17:37:00,86,
2026.08.01 17:38:00,17:38:00,83,
2026.08.01 17:39:00,17:39:00,84,
2026.08.01 17:40:00,17:40:00,80,
2026.08.01 17:41:00,17:41:00,72,
2026.08.01 17:42:00,17:42:00,75,
2026.08.01 17:43:00,17:43:00,87,
2026.08.01 17:44:00,17:44:00,95,
2026.08.01 17:45:00,17:45:00,80,
2026.08.01 17:46:00,17:46:00,102,
2026.08.01 17:47:00,17:47:00,93,
2026.08.01 17:48:00,17:48:00,85,
2026.08.01 17:49:00,17:49:00,87,
2026.08.01 17:50:00,17:50:00,76,
2026.08.01 17:51:00,17:51:00,82,
2026.08.01 17:52:00,17:52:00,86,
2026.08.01 17:53:00,17:53:00,82,
2026.08.01 17:54:00,17:54:00,80,
2026.08.01 17:55:00,17:55:00,95,
2026.08.01 17:56:00,17:56:00,84,
2026.08.01 17:57:00,17:57:00,85,
2026.08.01 17:58:00,17:58:00,79,
2026.08.01 17:59:00,17:59:00,83,
2026.08.01 18:00:00,18:00:00,81,
2026.08.01 18:01:00,18:01:00,95,
2026.08.01 18:02:00,18:02:00,79,
2026.08.01 18:03:00,18:03:00,88,
2026.08.01 18:04:00,18:04:00,87,
2026.08.01 18:05:00,18:05:00,88,
2026.08.01 18:06:00,18:06:00,100,
2026.08.01 18:07:00,18:07:00,90,
2026.08.01 18:08:00,18:08:00,88,
2026.08.01 18:09:00,18:09:00,90,
2026.08.01 18:10:00,18:10:00,78,
2026.08.01 18:11:00,18:11:00,80,
2026.08.01 18:12:00,18:12:00,83,
2026.08.01 18:13:00,18:13:00,82,
2026.08.01 18:14:00,18:14:00,93,
2026.08.01 18:15:00,18:15:00,75,
2026.08.01 18:16:00,18:16:00,76,
2026.08.01 18:17:00,18:17:00,72,
2026.08.01 18:18:00,18:18:00,77,
2026.08.01 18:19:00,18:19:00,84,
2026.08.01 18:20:00,18:20:00,79,
2026.08.01 18:21:00,18:21:00,83,
2026.08.01 18:22:00,18:22:00,86,
2026.08.01 18:23:00,18:23:00,89,
2026.08.01 18:24:00,18:24:00,85,
2026.08.01 18:25:00,18:25:00,92,
2026.08.01 18:26:00,18:26:00,84,
2026.08.01 18:27:00,18:27:00,75,
2026.08.01 18:28:00,18:28:00,73,
2026.08.01 18:29:00,18:29:00,76,
2026.08.01 18:30:00,18:30:00,82,
2026.08.01 18:31:00,18:31:00,92,
2026.08.01 18:32:00,18:32:00,85,
2026.08.01 18:33:00,18:33:00,90,
2026.08.01 18:34:00,18:34:00,87,
2026.08.01 18:35:00,18:35:00,95,
2026.08.01 18:36:00,18:36:00,93,
2026.08.01 18:37:00,18:37:00,91,
2026.08.01 18:38:00,18:38:00,88,
2026.08.01 18:39:00,18:39:00,91,
2026.08.01 18:40:00,18:40:00,92,
2026.08.01 18:41:00,18:41:00,83,
2026.08.01 18:42:00,18:42:00,87,
2026.08.01 18:43:00,18:43:00,88,
2026.08.01 18:44:00,18:44:00,87,
2026.08.01 18:45:00,18:45:00,91,
2026.08.01 18:46:00,18:46:00,88,
2026.08.01 18:47:00,18:47:00,87,
2026.08.01 18:48:00,18:48:00,92,
2026.08.01 18:49:00,18:49:00,93,
2026.08.01 18:50:00,18:50:00,92,
2026.08.01 18:51:00,18:51:00,87,
2026.08.01 18:52:00,18:52:00,76,
2026.08.01 18:53:00,18:53:00,92,
2026.08.01 18:54:00,18:54:00,91,
2026.08.01 18:55:00,18:55:00,92,
2026.08.01 18:56:00,18:56:00,76,
2026.08.01 18:57:00,18:57:00,74,
2026.08.01 18:58:00,18:58:00,75,
2026.08.01 18:59:00,18:59:00,72,
2026.08.01 19:00:00,19:00:00,79,
2026.08.01 19:01:00,19:01:00,84,
2026.08.01 19:02:00,19:02:00,75,
2026.08.01 19:03:00,19:03:00,76,
2026.08.01 19:04:00,19:04:00,72,
2026.08.01 19:05:00,19:05:00,95,
2026.08.01 19:06:00,19:06:00,90,
2026.08.01 19:07:00,19:07:00,80,
2026.08.01 19:08:00,19:08:00,82,
2026.08.01 19:09:00,19:09:00,87,
2026.08.01 19:10:00,19:10:00,87,
2026.08.01 19:11:00,19:11:00,77,
2026.08.01 19:12:00,19:12:00,81,
2026.08.01 19:13:00,19:13:00,83,
2026.08.01 19:14:00,19:14:00,82,
2026.08.01 19:15:00,19:15:00,76,
2026.08.01 19:16:00,19:16:00,93,
2026.08.01 19:17:00,19:17:00,95,
2026.08.01 19:18:00,19:18:00,92,
2026.08.01 19:19:00,19:19:00,95,
2026.08.01 19:20:00,19:20:00,81,
2026.08.01 19:21:00,19:21:00,81,
2026.08.01 19:22:00,19:22:00,88,
2026.08.01 19:23:00,19:23:00,82,
2026.08.01 19:24:00,19:24:00,86,
2026.08.01 19:25:00,19:25:00,89,
2026.08.01 19:26:00,19:26:00,90,
2026.08.01 19:27:00,19:27:00,93,
2026.08.01 19:28:00,19:28:00,90,
2026.08.01 19:29:00,19:29:00,82,
2026.08.01 19:30:00,19:30:00,81,
2026.08.01 19:31:00,19:31:00,78,
2026.08.01 19:32:00,19:32:00,88,
2026.08.01 19:33:00,19:33:00,68,
2026.08.01 19:34:00,19:34:00,73,
2026.08.01 19:35:00,19:35:00,71,
2026.08.01 19:36:00,19:36:00,75,
2026.08.01 19:37:00,19:37:00,70,
2026.08.01 19:38:00,19:38:00,80,
2026.08.01 19:39:00,19:39:00,77,
2026.08.01 19:40:00,19:40:00,88,
2026.08.01 19:41:00,19:41:00,86,
2026.08.01 19:42:00,19:42:00,76,
2026.08.01 19:43:00,19:43:00,74,
2026.08.01 19:44:00,19:44:00,70,
2026.08.01 19:45:00,19:45:00,73,
2026.08.01 19:46:00,19:46:00,81,
2026.08.01 19:47:00,19:47:00,80,
2026.08.01 19:48:00,19:48:00,90,
2026.08.01 19:49:00,19:49:00,92,
2026.08.01 19:50:00,19:50:00,87,
2026.08.01 19:51:00,19:51:00,81,
2026.08.01 19:52:00,19:52:00,82,
2026.08.01 19:53:00,19:53:00,97,
2026.08.01 19:54:00,19:54:00,90,
2026.08.01 19:55:00,19:55:00,86,
2026.08.01 19:56:00,19:56:00,89,
2026.08.01 19:57:00,19:57:00,82,
2026.08.01 19:58:00,19:58:00,82,
2026.08.01 19:59:00,19:59:00,82,
2026.08.01 20:00:00,20:00:00,82,
2026.08.01 20:01:00,20:01:00,87,
2026.08.01 20:02:00,20:02:00,75,
2026.08.01 20:03:00,20:03:00,76,
2026.08.01 20:04:00,20:04:00,73,
2026.08.01 20:05:00,20:05:00,72,
2026.08.01 20:06:00,20:06:00,75,
2026.08.01 20:07:00,20:07:00,81,
2026.08.01 20:08:00,20:08:00,71,
2026.08.01 20:09:00,20:09:00,82,
2026.08.01 20:10:00,20:10:00,73,
2026.08.01 20:11:00,20:11:00,74,
2026.08.01 20:12:00,20:12:00,80,
2026.08.01 20:13:00,20:13:00,75,
2026.08.01 20:14:00,20:14:00,79,
2026.08.01 20:15:00,20:15:00,73,
2026.08.01 20:16:00,20:16:00,77,
2026.08.01 20:17:00,20:17:00,70,
2026.08.01 20:18:00,20:18:00,73,
2026.08.01 20:19:00,20:19:00,70,
2026.08.01 20:20:00,20:20:00,74,
2026.08.01 20:21:00,20:21:00,77,
2026.08.01 20:22:00,20:22:00,68,
2026.08.01 20:23:00,20:23:00,74,
2026.08.01 20:24:00,20:24:00,72,
2026.08.01 20:25:00,20:25:00,76,
2026.08.01 20:26:00,20:26:00,72,
2026.08.01 20:27:00,20:27:00,68,
2026.08.01 20:28:00,20:28:00,74,
2026.08.01 20:29:00,20:29:00,74,
2026.08.01 20:30:00,20:30:00,74,
2026.08.01 20:31:00,20:31:00,76,
2026.08.01 20:32:00,20:32:00,73,
2026.08.01 20:33:00,20:33:00,78,
2026.08.01 20:34:00,20:34:00,79,
2026.08.01 20:35:00,20:35:00,81,
2026.08.01 20:36:00,20:36:00,75,
2026.08.01 20:37:00,20:37:00,77,
2026.08.01 20:38:00,20:38:00,80,
2026.08.01 20:39:00,20:39:00,79,
2026.08.01 20:40:00,20:40:00,73,
2026.08.01 20:41:00,20:41:00,85,
2026.08.01 20:42:00,20:42:00,78,
2026.08.01 20:43:00,20:43:00,78,
2026.08.01 20:44:00,20:44:00,81,
2026.08.01 20:45:00,20:45:00,78,
2026.08.01 20:46:00,20:46:00,80,
2026.08.01 20:47:00,20:47:00,82,
2026.08.01 20:48:00,20:48:00,80,
2026.08.01 20:49:00,20:49:00,80,
2026.08.01 20:50:00,20:50:00,74,
2026.08.01 20:51:00,20:51:00,76,
2026.08.01 20:52:00,20:52:00,77,
2026.08.01 20:53:00,20:53:00,73,
2026.08.01 20:54:00,20:54:00,77,
2026.08.01 20:55:00,20:55:00,79,
2026.08.01 20:56:00,20:56:00,73,
2026.08.01 20:57:00,20:57:00,73,
2026.08.01 20:58:00,20:58:00,76,
2026.08.01 20:59:00,20:59:00,77,
2026.08.01 21:00:00,21:00:00,76,
2026.08.01 21:01:00,21:01:00,82,
2026.08.01 21:02:00,21:02:00,84,
2026.08.01 21:03:00,21:03:00,97,
2026.08.01 21:04:00,21:04:00,78,
2026.08.01 21:05:00,21:05:00,74,
2026.08.01 21:06:00,21:06:00,74,
2026.08.01 21:07:00,21:07:00,74,
2026.08.01 21:08:00,21:08:00,73,
2026.08.01 21:09:00,21:09:00,74,
2026.08.01 21:10:00,21:10:00,78,
2026.08.01 21:11:00,21:11:00,84,
2026.08.01 21:12:00,21:12:00,79,
2026.08.01 21:13:00,21:13:00,86,
2026.08.01 21:14:00,21:14:00,81,
2026.08.01 21:15:00,21:15:00,75,
2026.08.01 21:16:00,21:16:00,74,
2026.08.01 21:17:00,21:17:00,76,
2026.08.01 21:18:00,21:18:00,78,
2026.08.01 21:19:00,21:19:00,81,
2026.08.01 21:20:00,21:20:00,71,
2026.08.01 21:21:00,21:21:00,79,
2026.08.01 21:22:00,21:22:00,92,
2026.08.01 21:23:00,21:23:00,89,
2026.08.01 21:24:00,21:24:00,78,
2026.08.01 21:25:00,21:25:00,99,
2026.08.01 21:26:00,21:26:00,91,
2026.08.01 21:27:00,21:27:00,93,
2026.08.01 21:28:00,21:28:00,88,
2026.08.01 21:29:00,21:29:00,89,
2026.08.01 21:30:00,21:30:00,85,
2026.08.01 21:31:00,21:31:00,72,
2026.08.01 21:32:00,21:32:00,84,
2026.08.01 21:33:00,21:33:00,70,
2026.08.01 21:34:00,21:34:00,78,
2026.08.01 21:35:00,21:35:00,83,
2026.08.01 21:36:00,21:36:00,85,
2026.08.01 21:37:00,21:37:00,82,
2026.08.01 21:38:00,21:38:00,90,
2026.08.01 21:39:00,21:39:00,85,
2026.08.01 21:40:00,21:40:00,89,
2026.08.01 21:41:00,21:41:00,90,
2026.08.01 21:42:00,21:42:00,87,
2026.08.01 21:43:00,21:43:00,87,
2026.08.01 21:44:00,21:44:00,83,
2026.08.01 21:45:00,21:45:00,85,
2026.08.01 21:46:00,21:46:00,85,
2026.08.01 21:47:00,21:47:00,91,
2026.08.01 21:48:00,21:48:00,66,
2026.08.01 21:49:00,21:49:00,65,
2026.08.01 21:50:00,21:50:00,66,
2026.08.01 21:51:00,21:51:00,66,
2026.08.01 21:52:00,21:52:00,67,
2026.08.01 21:53:00,21:53:00,64,
2026.08.01 21:54:00,21:54:00,65,
2026.08.01 21:55:00,21:55:00,75,
2026.08.01 21:56:00,21:56:00,70,
2026.08.01 21:57:00,21:57:00,68,
2026.08.01 21:58:00,21:58:00,66,
2026.08.01 21:59:00,21:59:00,71,
2026.08.01 22:00:00,22:00:00,64,
2026.08.01 22:01:00,22:01:00,87,
2026.08.01 22:02:00,22:02:00,84,
2026.08.01 22:03:00,22:03:00,85,
2026.08.01 22:04:00,22:04:00,68,
2026.08.01 22:05:00,22:05:00,68,
2026.08.01 22:06:00,22:06:00,78,
2026.08.01 22:07:00,22:07:00,73,
2026.08.01 22:08:00,22:08:00,73,
2026.08.01 22:09:00,22:09:00,77,
2026.08.01 22:10:00,22:10:00,71,
2026.08.01 22:11:00,22:11:00,65,
2026.08.01 22:12:00,22:12:00,84,
2026.08.01 22:13:00,22:13:00,70,
2026.08.01 22:14:00,22:14:00,66,
2026.08.01 22:15:00,22:15:00,62,
2026.08.01 22:16:00,22:16:00,73,
2026.08.01 22:17:00,22:17:00,74,
2026.08.01 22:18:00,22:18:00,75,
2026.08.01 22:19:00,22:19:00,69,
2026.08.01 22:20:00,22:20:00,66,
2026.08.01 22:21:00,22:21:00,70,
2026.08.01 22:22:00,22:22:00,67,
2026.08.01 22:23:00,22:23:00,62,
2026.08.01 22:24:00,22:24:00,65,
2026.08.01 22:25:00,22:25:00,66,
2026.08.01 22:26:00,22:26:00,67,
2026.08.01 22:27:00,22:27:00,63,
2026.08.01 22:28:00,22:28:00,63,
2026.08.01 22:29:00,22:29:00,64,
2026.08.01 22:30:00,22:30:00,62,
2026.08.01 22:31:00,22:31:00,63,
2026.08.01 22:32:00,22:32:00,61,
2026.08.01 22:33:00,22:33:00,58,
2026.08.01 22:34:00,22:34:00,56,
2026.08.01 22:35:00,22:35:00,60,
2026.08.01 22:36:00,22:36:00,59,
2026.08.01 22:37:00,22:37:00,63,
2026.08.01 22:38:00,22:38:00,60,
2026.08.01 22:39:00,22:39:00,60,
2026.08.01 22:40:00,22:40:00,61,
2026.08.01 22:41:00,22:41:00,60,
2026.08.01 22:42:00,22:42:00,60,
2026.08.01 22:43:00,22:43:00,59,
2026.08.01 22:44:00,22:44:00,61,
2026.08.01 22:45:00,22:45:00,61,
2026.08.01 22:46:00,22:46:00,60,
2026.08.01 22:47:00,22:47:00,62,
2026.08.01 22:48:00,22:48:00,62,
2026.08.01 22:49:00,22:49:00,62,
2026.08.01 22:50:00,22:50:00,61,
2026.08.01 22:51:00,22:51:00,62,
2026.08.01 22:52:00,22:52:00,62,
2026.08.01 22:53:00,22:53:00,63,
2026.08.01 22:54:00,22:54:00,62,
2026.08.01 22:55:00,22:55:00,63,
2026.08.01 22:56:00,22:56:00,63,
2026.08.01 22:57:00,22:57:00,60,
2026.08.01 22:58:00,22:58:00,62,
2026.08.01 22:59:00,22:59:00,62,
2026.08.01 23:00:00,23:00:00,62,
2026.08.01 23:01:00,23:01:00,54,
2026.08.01 23:02:00,23:02:00,59,
2026.08.01 23:03:00,23:03:00,57,
2026.08.01 23:04:00,23:04:00,58,
2026.08.01 23:05:00,23:05:00,59,
2026.08.01 23:06:00,23:06:00,60,
2026.08.01 23:07:00,23:07:00,60,
2026.08.01 23:08:00,23:08:00,60,
2026.08.01 23:09:00,23:09:00,60,
2026.08.01 23:10:00,23:10:00,59,
2026.08.01 23:11:00,23:11:00,60,
2026.08.01 23:12:00,23:12:00,60,
2026.08.01 23:13:00,23:13:00,61,
2026.08.01 23:14:00,23:14:00,59,
2026.08.01 23:15:00,23:15:00,60,
2026.08.01 23:16:00,23:16:00,59,
2026.08.01 23:17:00,23:17:00,59,
2026.08.01 23:18:00,23:18:00,59,
2026.08.01 23:19:00,23:19:00,62,
2026.08.01 23:20:00,23:20:00,71,
2026.08.01 23:21:00,23:21:00,64,
2026.08.01 23:22:00,23:22:00,56,
2026.08.01 23:23:00,23:23:00,55,
2026.08.01 23:24:00,23:24:00,52,
2026.08.01 23:25:00,23:25:00,55,
2026.08.01 23:26:00,23:26:00,54,
2026.08.01 23:27:00,23:27:00,55,
2026.08.01 23:28:00,23:28:00,58,
2026.08.01 23:29:00,23:29:00,58,
2026.08.01 23:30:00,23:30:00,59,
2026.08.01 23:31:00,23:31:00,59,
2026.08.01 23:32:00,23:32:00,57,
2026.08.01 23:33:00,23:33:00,58,
2026.08.01 23:34:00,23:34:00,61,
2026.08.01 23:35:00,23:35:00,58,
2026.08.01 23:36:00,23:36:00,59,
2026.08.01 23:37:00,23:37:00,64,
2026.08.01 23:38:00,23:38:00,59,
2026.08.01 23:39:00,23:39:00,65,
2026.08.01 23:40:00,23:40:00,52,
2026.08.01 23:41:00,23:41:00,53,
2026.08.01 23:42:00,23:42:00,54,
2026.08.01 23:43:00,23:43:00,65,
2026.08.01 23:44:00,23:44:00,60,
2026.08.01 23:45:00,23:45:00,60,
2026.08.01 23:46:00,23:46:00,59,
2026.08.01 23:47:00,23:47:00,61,
2026.08.01 23:48:00,23:48:00,59,
2026.08.01 23:49:00,23:49:00,60,
2026.08.01 23:50:00,23:50:00,60,
2026.08.01 23:51:00,23:51:00,61,
2026.08.01 23:52:00,23:52:00,60,
2026.08.01 23:53:00,23:53:00,61,
2026.08.01 23:54:00,23:54:00,61,
2026.08.01 23:55:00,23:55:00,61,
2026.08.01 23:56:00,23:56:00,60,
2026.08.01 23:57:00,23:57:00,58,
2026.08.01 23:58:00,23:58:00,61,
2026.08.01 23:59:00,23:59:00,61,
2026.08.02 00:00:00,00:00:00,62,
2026.08.02 00:01:00,00:01:00,63,
2026.08.02 00:02:00,00:02:00,59,
2026.08.02 00:03:00,00:03:00,62,
2026.08.02 00:04:00,00:04:00,69,
2026.08.02 00:05:00,00:05:00,71,
2026.08.02 00:06:00,00:06:00,52,
2026.08.02 00:07:00,00:07:00,52,
2026.08.02 00:08:00,00:08:00,51,
2026.08.02 00:09:00,00:09:00,53,
2026.08.02 00:10:00,00:10:00,54,
2026.08.02 00:11:00,00:11:00,53,
2026.08.02 00:12:00,00:12:00,55,
2026.08.02 00:13:00,00:13:00,54,
2026.08.02 00:14:00,00:14:00,55,
2026.08.02 00:15:00,00:15:00,55,
2026.08.02 00:16:00,00:16:00,54,
2026.08.02 00:17:00,00:17:00,56,
2026.08.02 00:18:00,00:18:00,55,
2026.08.02 00:19:00,00:19:00,54,
2026.08.02 00:20:00,00:20:00,54,
2026.08.02 00:21:00,00:21:00,55,
2026.08.02 00:22:00,00:22:00,54,
2026.08.02 00:23:00,00:23:00,55,
2026.08.02 00:24:00,00:24:00,54,
2026.08.02 00:25:00,00:25:00,55,
2026.08.02 00:26:00,00:26:00,54,
2026.08.02 00:27:00,00:27:00,51,
2026.08.02 00:28:00,00:28:00,53,
2026.08.02 00:29:00,00:29:00,52,
2026.08.02 00:30:00,00:30:00,54,
2026.08.02 00:31:00,00:31:00,75,
2026.08.02 00:32:00,00:32:00,64,
2026.08.02 00:33:00,00:33:00,50,
2026.08.02 00:34:00,00:34:00,58,
2026.08.02 00:35:00,00:35:00,53,
2026.08.02 00:36:00,00:36:00,48,
2026.08.02 00:37:00,00:37:00,51,
2026.08.02 00:38:00,00:38:00,52,
2026.08.02 00:39:00,00:39:00,52,
2026.08.02 00:40:00,00:40:00,52,
2026.08.02 00:41:00,00:41:00,51,
2026.08.02 00:42:00,00:42:00,51,
2026.08.02 00:43:00,00:43:00,52,
2026.08.02 00:44:00,00:44:00,53,
2026.08.02 00:45:00,00:45:00,52,
2026.08.02 00:46:00,00:46:00,55,
2026.08.02 00:47:00,00:47:00,53,
2026.08.02 00:48:00,00:48:00,51,
2026.08.02 00:49:00,00:49:00,54,
2026.08.02 00:50:00,00:50:00,49,
2026.08.02 00:51:00,00:51:00,55,
2026.08.02 00:52:00,00:52:00,58,
2026.08.02 00:53:00,00:53:00,57,
2026.08.02 00:54:00,00:54:00,59,
2026.08.02 00:55:00,00:55:00,60,
2026.08.02 00:56:00,00:56:00,57,
2026.08.02 00:57:00,00:57:00,59,
2026.08.02 00:58:00,00:58:00,56,
2026.08.02 00:59:00,00:59:00,56,
2026.08.02 01:00:00,01:00:00,62,
2026.08.02 01:01:00,01:01:00,57,
2026.08.02 01:02:00,01:02:00,69,
2026.08.02 01:03:00,01:03:00,61,
2026.08.02 01:04:00,01:04:00,61,
2026.08.02 01:05:00,01:05:00,65,
2026.08.02 01:06:00,01:06:00,64,
2026.08.02 01:07:00,01:07:00,65,
2026.08.02 01:08:00,01:08:00,63,
2026.08.02 01:09:00,01:09:00,54,
2026.08.02 01:10:00,01:10:00,56,
2026.08.02 01:11:00,01:11:00,58,
2026.08.02 01:12:00,01:12:00,56,
2026.08.02 01:13:00,01:13:00,64,
2026.08.02 01:14:00,01:14:00,66,
2026.08.02 01:15:00,01:15:00,62,
2026.08.02 01:16:00,01:16:00,61,
2026.08.02 01:17:00,01:17:00,61,
2026.08.02 01:18:00,01:18:00,61,
2026.08.02 01:19:00,01:19:00,61,
2026.08.02 01:20:00,01:20:00,62,
2026.08.02 01:21:00,01:21:00,55,
2026.08.02 01:22:00,01:22:00,61,
2026.08.02 01:23:00,01:23:00,55,
2026.08.02 01:24:00,01:24:00,55,
2026.08.02 01:25:00,01:25:00,53,
2026.08.02 01:26:00,01:26:00,55,
2026.08.02 01:27:00,01:27:00,58,
2026.08.02 01:28:00,01:28:00,58,
2026.08.02 01:29:00,01:29:00,59,
2026.08.02 01:30:00,01:30:00,63,
2026.08.02 01:31:00,01:31:00,61,
2026.08.02 01:32:00,01:32:00,58,
2026.08.02 01:33:00,01:33:00,60,
2026.08.02 01:34:00,01:34:00,59,
2026.08.02 01:35:00,01:35:00,59,
2026.08.02 01:36:00,01:36:00,60,
2026.08.02 01:37:00,01:37:00,57,
2026.08.02 01:38:00,01:38:00,61,
2026.08.02 01:39:00,01:39:00,61,
2026.08.02 01:40:00,01:40:00,60,
2026.08.02 01:41:00,01:41:00,60,
2026.08.02 01:42:00,01:42:00,62,
2026.08.02 01:43:00,01:43:00,59,
2026.08.02 01:44:00,01:44:00,64,
2026.08.02 01:45:00,01:45:00,51,
2026.08.02 01:46:00,01:46:00,54,
2026.08.02 01:47:00,01:47:00,55,
2026.08.02 01:48:00,01:48:00,60,
2026.08.02 01:49:00,01:49:00,67,
2026.08.02 01:50:00,01:50:00,64,
2026.08.02 01:51:00,01:51:00,60,
2026.08.02 01:52:00,01:52:00,62,
2026.08.02 01:53:00,01:53:00,60,
2026.08.02 01:54:00,01:54:00,58,
2026.08.02 01:55:00,01:55:00,59,
2026.08.02 01:56:00,01:56:00,62,
2026.08.02 01:57:00,01:57:00,61,
2026.08.02 01:58:00,01:58:00,60,
2026.08.02 01:59:00,01:59:00,61,
2026.08.02 02:00:00,02:00:00,62,
2026.08.02 02:01:00,02:01:00,62,
2026.08.02 02:02:00,02:02:00,61,
2026.08.02 02:03:00,02:03:00,61,
2026.08.02 02:04:00,02:04:00,60,
2026.08.02 02:05:00,02:05:00,60,
2026.08.02 02:06:00,02:06:00,61,
2026.08.02 02:07:00,02:07:00,61,
2026.08.02 02:08:00,02:08:00,63,
2026.08.02 02:09:00,02:09:00,63,
2026.08.02 02:10:00,02:10:00,63,
2026.08.02 02:11:00,02:11:00,62,
2026.08.02 02:12:00,02:12:00,60,
2026.08.02 02:13:00,02:13:00,63,
2026.08.02 02:14:00,02:14:00,63,
2026.08.02 02:15:00,02:15:00,65,
2026.08.02 02:16:00,02:16:00,64,
2026.08.02 02:17:00,02:17:00,79,
2026.08.02 02:18:00,02:18:00,56,
2026.08.02 02:19:00,02:19:00,53,
2026.08.02 02:20:00,02:20:00,56,
2026.08.02 02:21:00,02:21:00,53,
2026.08.02 02:22:00,02:22:00,55,
2026.08.02 02:23:00,02:23:00,53,
2026.08.02 02:24:00,02:24:00,49,
2026.08.02 02:25:00,02:25:00,55,
2026.08.02 02:26:00,02:26:00,54,
2026.08.02 02:27:00,02:27:00,52,
2026.08.02 02:28:00,02:28:00,73,
2026.08.02 02:29:00,02:29:00,54,
2026.08.02 02:30:00,02:30:00,56,
2026.08.02 02:31:00,02:31:00,58,
2026.08.02 02:32:00,02:32:00,56,
2026.08.02 02:33:00,02:33:00,56,
2026.08.02 02:34:00,02:34:00,55,
2026.08.02 02:35:00,02:35:00,55,
2026.08.02 02:36:00,02:36:00,55,
2026.08.02 02:37:00,02:37:00,55,
2026.08.02 02:38:00,02:38:00,57,
2026.08.02 02:39:00,02:39:00,60,
2026.08.02 02:40:00,02:40:00,57,
2026.08.02 02:41:00,02:41:00,58,
2026.08.02 02:42:00,02:42:00,50,
2026.08.02 02:43:00,02:43:00,58,
2026.08.02 02:44:00,02:44:00,66,
2026.08.02 02:45:00,02:45:00,64,
2026.08.02 02:46:00,02:46:00,68,
2026.08.02 02:47:00,02:47:00,62,
2026.08.02 02:48:00,02:48:00,56,
2026.08.02 02:49:00,02:49:00,54,
2026.08.02 02:50:00,02:50:00,54,
2026.08.02 02:51:00,02:51:00,55,
2026.08.02 02:52:00,02:52:00,55,
2026.08.02 02:53:00,02:53:00,56,
2026.08.02 02:54:00,02:54:00,61,
2026.08.02 02:55:00,02:55:00,60,
2026.08.02 02:56:00,02:56:00,60,
2026.08.02 02:57:00,02:57:00,59,
2026.08.02 02:58:00,02:58:00,62,
2026.08.02 02:59:00,02:59:00,61,
2026.08.02 03:00:00,03:00:00,63,
2026.08.02 03:01:00,03:01:00,62,
2026.08.02 03:02:00,03:02:00,62,
2026.08.02 03:03:00,03:03:00,61,
2026.08.02 03:04:00,03:04:00,65,
2026.08.02 03:05:00,03:05:00,53,
2026.08.02 03:06:00,03:06:00,54,
2026.08.02 03:07:00,03:07:00,57,
2026.08.02 03:08:00,03:08:00,52,
2026.08.02 03:09:00,03:09:00,68,
2026.08.02 03:10:00,03:10:00,59,
2026.08.02 03:11:00,03:11:00,63,
2026.08.02 03:12:00,03:12:00,54,
2026.08.02 03:13:00,03:13:00,54,
2026.08.02 03:14:00,03:14:00,55,
2026.08.02 03:15:00,03:15:00,52,
2026.08.02 03:16:00,03:16:00,55,
2026.08.02 03:17:00,03:17:00,60,
2026.08.02 03:18:00,03:18:00,61,
2026.08.02 03:19:00,03:19:00,63,
2026.08.02 03:20:00,03:20:00,63,
2026.08.02 03:21:00,03:21:00,68,
2026.08.02 03:22:00,03:22:00,66,
2026.08.02 03:23:00,03:23:00,68,
2026.08.02 03:24:00,03:24:00,71,
2026.08.02 03:25:00,03:25:00,63,
2026.08.02 03:26:00,03:26:00,61,
2026.08.02 03:27:00,03:27:00,63,
2026.08.02 03:28:00,03:28:00,65,
2026.08.02 03:29:00,03:29:00,65,
2026.08.02 03:30:00,03:30:00,62,
2026.08.02 03:31:00,03:31:00,63,
2026.08.02 03:32:00,03:32:00,62,
2026.08.02 03:33:00,03:33:00,57,
2026.08.02 03:34:00,03:34:00,62,
2026.08.02 03:35:00,03:35:00,65,
2026.08.02 03:36:00,03:36:00,80,
2026.08.02 03:37:00,03:37:00,59,
2026.08.02 03:38:00,03:38:00,56,
2026.08.02 03:39:00,03:39:00,81,
2026.08.02 03:40:00,03:40:00,55,
2026.08.02 03:41:00,03:41:00,67,
2026.08.02 03:42:00,03:42:00,59,
2026.08.02 03:43:00,03:43:00,52,
2026.08.02 03:44:00,03:44:00,59,
2026.08.02 03:45:00,03:45:00,57,
2026.08.02 03:46:00,03:46:00,56,
2026.08.02 03:47:00,03:47:00,61,
2026.08.02 03:48:00,03:48:00,59,
2026.08.02 03:49:00,03:49:00,59,
2026.08.02 03:50:00,03:50:00,61,
2026.08.02 03:51:00,03:51:00,60,
2026.08.02 03:52:00,03:52:00,62,
2026.08.02 03:53:00,03:53:00,62,
2026.08.02 03:54:00,03:54:00,52,
2026.08.02 03:55:00,03:55:00,56,
2026.08.02 03:56:00,03:56:00,55,
2026.08.02 03:57:00,03:57:00,56,
2026.08.02 03:58:00,03:58:00,61,
2026.08.02 03:59:00,03:59:00,58,
2026.08.02 04:00:00,04:00:00,75,
2026.08.02 04:01:00,04:01:00,57,
2026.08.02 04:02:00,04:02:00,58,
2026.08.02 04:03:00,04:03:00,55,
2026.08.02 04:04:00,04:04:00,57,
2026.08.02 04:05:00,04:05:00,59,
2026.08.02 04:06:00,04:06:00,57,
2026.08.02 04:07:00,04:07:00,58,
2026.08.02 04:08:00,04:08:00,59,
2026.08.02 04:09:00,04:09:00,61,
2026.08.02 04:10:00,04:10:00,59,
2026.08.02 04:11:00,04:11:00,60,
2026.08.02 04:12:00,04:12:00,59,
2026.08.02 04:13:00,04:13:00,59,
2026.08.02 04:14:00,04:14:00,61,
2026.08.02 04:15:00,04:15:00,61,
2026.08.02 04:16:00,04:16:00,60,
2026.08.02 04:17:00,04:17:00,60,
2026.08.02 04:18:00,04:18:00,62,
2026.08.02 04:19:00,04:19:00,61,
2026.08.02 04:20:00,04:20:00,61,
2026.08.02 04:21:00,04:21:00,62,
2026.08.02 04:22:00,04:22:00,62,
2026.08.02 04:23:00,04:23:00,62,
2026.08.02 04:24:00,04:24:00,61,
2026.08.02 04:25:00,04:25:00,62,
2026.08.02 04:26:00,04:26:00,64,
2026.08.02 04:27:00,04:27:00,62,
2026.08.02 04:28:00,04:28:00,62,
2026.08.02 04:29:00,04:29:00,63,
2026.08.02 04:30:00,04:30:00,62,
2026.08.02 04:31:00,04:31:00,83,
2026.08.02 04:32:00,04:32:00,52,
2026.08.02 04:33:00,04:33:00,56,
2026.08.02 04:34:00,04:34:00,65,
2026.08.02 04:35:00,04:35:00,61,
2026.08.02 04:36:00,04:36:00,57,
2026.08.02 04:37:00,04:37:00,61,
2026.08.02 04:38:00,04:38:00,53,
2026.08.02 04:39:00,04:39:00,53,
2026.08.02 04:40:00,04:40:00,54,
2026.08.02 04:41:00,04:41:00,55,
2026.08.02 04:42:00,04:42:00,53,
2026.08.02 04:43:00,04:43:00,53,
2026.08.02 04:44:00,04:44:00,58,
2026.08.02 04:45:00,04:45:00,52,
2026.08.02 04:46:00,04:46:00,60,
2026.08.02 04:47:00,04:47:00,56,
2026.08.02 04:48:00,04:48:00,55,
2026.08.02 04:49:00,04:49:00,59,
2026.08.02 04:50:00,04:50:00,55,
2026.08.02 04:51:00,04:51:00,60,
2026.08.02 04:52:00,04:52:00,58,
2026.08.02 04:53:00,04:53:00,59,
2026.08.02 04:54:00,04:54:00,66,
2026.08.02 04:55:00,04:55:00,66,
2026.08.02 04:56:00,04:56:00,63,
2026.08.02 04:57:00,04:57:00,64,
2026.08.02 04:58:00,04:58:00,60,
2026.08.02 04:59:00,04:59:00,60,
2026.08.02 05:00:00,05:00:00,56,
2026.08.02 05:01:00,05:01:00,55,
2026.08.02 05:02:00,05:02:00,64,
2026.08.02 05:03:00,05:03:00,55,
2026.08.02 05:04:00,05:04:00,52,
2026.08.02 05:05:00,05:05:00,53,
2026.08.02 05:06:00,05:06:00,54,
2026.08.02 05:07:00,05:07:00,55,
2026.08.02 05:08:00,05:08:00,53,
2026.08.02 05:09:00,05:09:00,51,
2026.08.02 05:10:00,05:10:00,62,
2026.08.02 05:11:00,05:11:00,58,
2026.08.02 05:12:00,05:12:00,55,
2026.08.02 05:13:00,05:13:00,60,
2026.08.02 05:14:00,05:14:00,53,
2026.08.02 05:15:00,05:15:00,60,
2026.08.02 05:16:00,05:16:00,56,
2026.08.02 05:17:00,05:17:00,64,
2026.08.02 05:18:00,05:18:00,63,
2026.08.02 05:19:00,05:19:00,59,
2026.08.02 05:20:00,05:20:00,59,
2026.08.02 05:21:00,05:21:00,61,
2026.08.02 05:22:00,05:22:00,59,
2026.08.02 05:23:00,05:23:00,60,
2026.08.02 05:24:00,05:24:00,61,
2026.08.02 05:25:00,05:25:00,52,
2026.08.02 05:26:00,05:26:00,57,
2026.08.02 05:27:00,05:27:00,56,
2026.08.02 05:28:00,05:28:00,56,
2026.08.02 05:29:00,05:29:00,57,
2026.08.02 05:30:00,05:30:00,57,
2026.08.02 05:31:00,05:31:00,53,
2026.08.02 05:32:00,05:32:00,55,
2026.08.02 05:33:00,05:33:00,55,
2026.08.02 05:34:00,05:34:00,61,
2026.08.02 05:35:00,05:35:00,59,
2026.08.02 05:36:00,05:36:00,51,
2026.08.02 05:37:00,05:37:00,56,
2026.08.02 05:38:00,05:38:00,53,
2026.08.02 05:39:00,05:39:00,54,
2026.08.02 05:40:00,05:40:00,58,
2026.08.02 05:41:00,05:41:00,57,
2026.08.02 05:42:00,05:42:00,57,
2026.08.02 05:43:00,05:43:00,58,
2026.08.02 05:44:00,05:44:00,65,
2026.08.02 05:45:00,05:45:00,58,
2026.08.02 05:46:00,05:46:00,54,
2026.08.02 05:47:00,05:47:00,54,
2026.08.02 05:48:00,05:48:00,57,
2026.08.02 05:49:00,05:49:00,57,
2026.08.02 05:50:00,05:50:00,56,
2026.08.02 05:51:00,05:51:00,61,
2026.08.02 05:52:00,05:52:00,67,
2026.08.02 05:53:00,05:53:00,59,
2026.08.02 05:54:00,05:54:00,63,
2026.08.02 05:55:00,05:55:00,62,
2026.08.02 05:56:00,05:56:00,65,
2026.08.02 05:57:00,05:57:00,60,
2026.08.02 05:58:00,05:58:00,67,
2026.08.02 05:59:00,05:59:00,61,
2026.08.02 06:00:00,06:00:00,65,
2026.08.02 06:01:00,06:01:00,54,
2026.08.02 06:02:00,06:02:00,60,
2026.08.02 06:03:00,06:03:00,61,
2026.08.02 06:04:00,06:04:00,63,
2026.08.02 06:05:00,06:05:00,61,
2026.08.02 06:06:00,06:06:00,60,
2026.08.02 06:07:00,06:07:00,67,
2026.08.02 06:08:00,06:08:00,60,
2026.08.02 06:09:00,06:09:00,61,
2026.08.02 06:10:00,06:10:00,67,
2026.08.02 06:11:00,06:11:00,62,
2026.08.02 06:12:00,06:12:00,66,
2026.08.02 06:13:00,06:13:00,70,
2026.08.02 06:14:00,06:14:00,69,
2026.08.02 06:15:00,06:15:00,62,
2026.08.02 06:16:00,06:16:00,70,
2026.08.02 06:17:00,06:17:00,66,
2026.08.02 06:18:00,06:18:00,65,
2026.08.02 06:19:00,06:19:00,67,
2026.08.02 06:20:00,06:20:00,61,
2026.08.02 06:21:00,06:21:00,62,
2026.08.02 06:22:00,06:22:00,58,
2026.08.02 06:23:00,06:23:00,67,
2026.08.02 06:24:00,06:24:00,64,
2026.08.02 06:25:00,06:25:00,65,
2026.08.02 06:26:00,06:26:00,66,
2026.08.02 06:27:00,06:27:00,57,
2026.08.02 06:28:00,06:28:00,64,
2026.08.02 06:29:00,06:29:00,64,
2026.08.02 06:30:00,06:30:00,70,
2026.08.02 06:31:00,06:31:00,67,
2026.08.02 06:32:00,06:32:00,72,
2026.08.02 06:33:00,06:33:00,60,
2026.08.02 06:34:00,06:34:00,62,
2026.08.02 06:35:00,06:35:00,64,
2026.08.02 06:36:00,06:36:00,64,
2026.08.02 06:37:00,06:37:00,66,
2026.08.02 06:38:00,06:38:00,57,
2026.08.02 06:39:00,06:39:00,59,
2026.08.02 06:40:00,06:40:00,69,
2026.08.02 06:41:00,06:41:00,85,
2026.08.02 06:42:00,06:42:00,64,
2026.08.02 06:43:00,06:43:00,62,
2026.08.02 06:44:00,06:44:00,59,
2026.08.02 06:45:00,06:45:00,58,
2026.08.02 06:46:00,06:46:00,63,
2026.08.02 06:47:00,06:47:00,61,
2026.08.02 06:48:00,06:48:00,62,
2026.08.02 06:49:00,06:49:00,61,
2026.08.02 06:50:00,06:50:00,60,
2026.08.02 06:51:00,06:51:00,59,
2026.08.02 06:52:00,06:52:00,63,
2026.08.02 06:53:00,06:53:00,63,
2026.08.02 06:54:00,06:54:00,65,
2026.08.02 06:55:00,06:55:00,64,
2026.08.02 06:56:00,06:56:00,66,
2026.08.02 06:57:00,06:57:00,66,
2026.08.02 06:58:00,06:58:00,69,
2026.08.02 06:59:00,06:59:00,59,
2026.08.02 07:00:00,07:00:00,78,
2026.08.02 07:01:00,07:01:00,95,
2026.08.02 07:02:00,07:02:00,98,
2026.08.02 07:03:00,07:03:00,80,
2026.08.02 07:04:00,07:04:00,91,
2026.08.02 07:05:00,07:05:00,96,
2026.08.02 07:06:00,07:06:00,89,
2026.08.02 07:07:00,07:07:00,93,
2026.08.02 07:08:00,07:08:00,90,
2026.08.02 07:09:00,07:09:00,92,
2026.08.02 07:10:00,07:10:00,75,
2026.08.02 07:11:00,07:11:00,74,
2026.08.02 07:12:00,07:12:00,77,
2026.08.02 07:13:00,07:13:00,79,
2026.08.02 07:14:00,07:14:00,77,
2026.08.02 07:15:00,07:15:00,76,
2026.08.02 07:16:00,07:16:00,78,
2026.08.02 07:17:00,07:17:00,78,
2026.08.02 07:18:00,07:18:00,77,
2026.08.02 07:19:00,07:19:00,78,
2026.08.02 07:20:00,07:20:00,79,
2026.08.02 07:21:00,07:21:00,86,
2026.08.02 07:22:00,07:22:00,93,
2026.08.02 07:23:00,07:23:00,100,
2026.08.02 07:24:00,07:24:00,93,
2026.08.02 07:25:00,07:25:00,82,
2026.08.02 07:26:00,07:26:00,89,
2026.08.02 07:27:00,07:27:00,90,
2026.08.02 07:28:00,07:28:00,87,
2026.08.02 07:29:00,07:29:00,73,
2026.08.02 07:34:00,07:34:00,70,
2026.08.02 07:35:00,07:35:00,65,
2026.08.02 07:36:00,07:36:00,60,
2026.08.02 07:37:00,07:37:00,69,
2026.08.02 07:38:00,07:38:00,61,
2026.08.02 07:39:00,07:39:00,71,
2026.08.02 07:40:00,07:40:00,65,
2026.08.02 07:41:00,07:41:00,59,
2026.08.02 07:42:00,07:42:00,66,
2026.08.02 07:43:00,07:43:00,68,
2026.08.02 07:44:00,07:44:00,69,
2026.08.02 07:45:00,07:45:00,64,
2026.08.02 07:46:00,07:46:00,69,
2026.08.02 07:47:00,07:47:00,67,
2026.08.02 07:48:00,07:48:00,64,
2026.08.02 07:49:00,07:49:00,70,
2026.08.02 07:50:00,07:50:00,66,
2026.08.02 07:51:00,07:51:00,75,
2026.08.02 07:52:00,07:52:00,69,
2026.08.02 07:53:00,07:53:00,69,
2026.08.02 07:54:00,07:54:00,64,
2026.08.02 07:55:00,07:55:00,65,
2026.08.02 07:56:00,07:56:00,80,
2026.08.02 07:57:00,07:57:00,85,
2026.08.02 07:58:00,07:58:00,89,
2026.08.02 07:59:00,07:59:00,86,
2026.08.02 08:00:00,08:00:00,90,
2026.08.02 08:01:00,08:01:00,87,
2026.08.02 08:02:00,08:02:00,81,
2026.08.02 08:03:00,08:03:00,81,
2026.08.02 08:04:00,08:04:00,86,
2026.08.02 08:05:00,08:05:00,83,
2026.08.02 08:06:00,08:06:00,75,
2026.08.02 08:07:00,08:07:00,58,
2026.08.02 08:08:00,08:08:00,61,
2026.08.02 08:09:00,08:09:00,58,
2026.08.02 08:10:00,08:10:00,60,
2026.08.02 08:11:00,08:11:00,59,
2026.08.02 08:12:00,08:12:00,61,
2026.08.02 08:13:00,08:13:00,60,
2026.08.02 08:14:00,08:14:00,70,
2026.08.02 08:15:00,08:15:00,64,
2026.08.02 08:16:00,08:16:00,62,
2026.08.02 08:17:00,08:17:00,67,
2026.08.02 08:18:00,08:18:00,66,
2026.08.02 08:19:00,08:19:00,56,
2026.08.02 08:20:00,08:20:00,58,
2026.08.02 08:21:00,08:21:00,58,
2026.08.02 08:22:00,08:22:00,60,
2026.08.02 08:23:00,08:23:00,71,
2026.08.02 08:24:00,08:24:00,81,
2026.08.02 08:25:00,08:25:00,86,
2026.08.02 08:26:00,08:26:00,87,
2026.08.02 08:27:00,08:27:00,84,
2026.08.02 08:28:00,08:28:00,72,
2026.08.02 08:29:00,08:29:00,74,
2026.08.02 08:30:00,08:30:00,70,
2026.08.02 08:31:00,08:31:00,75,
2026.08.02 08:32:00,08:32:00,72,
2026.08.02 08:33:00,08:33:00,70,
2026.08.02 08:34:00,08:34:00,73,
2026.08.02 08:35:00,08:35:00,70,
2026.08.02 08:36:00,08:36:00,80,
2026.08.02 08:37:00,08:37:00,72,
2026.08.02 08:38:00,08:38:00,75,
2026.08.02 08:39:00,08:39:00,65,
2026.08.02 08:40:00,08:40:00,72,
2026.08.02 08:41:00,08:41:00,72,
2026.08.02 08:42:00,08:42:00,71,
2026.08.02 08:43:00,08:43:00,78,
2026.08.02 08:44:00,08:44:00,74,
2026.08.02 08:45:00,08:45:00,68,
2026.08.02 08:46:00,08:46:00,67,
2026.08.02 08:47:00,08:47:00,70,
2026.08.02 08:48:00,08:48:00,89,
2026.08.02 08:49:00,08:49:00,62,
2026.08.02 08:50:00,08:50:00,71,
2026.08.02 08:51:00,08:51:00,67,
2026.08.02 08:52:00,08:52:00,62,
2026.08.02 08:53:00,08:53:00,64,
2026.08.02 08:54:00,08:54:00,64,
2026.08.02 08:55:00,08:55:00,72,
2026.08.02 08:56:00,08:56:00,68,
2026.08.02 08:57:00,08:57:00,71,
2026.08.02 08:58:00,08:58:00,70,
2026.08.02 08:59:00,08:59:00,76,
2026.08.02 09:00:00,09:00:00,81,
2026.08.02 09:01:00,09:01:00,74,
2026.08.02 09:02:00,09:02:00,74,
2026.08.02 09:03:00,09:03:00,75,
2026.08.02 09:04:00,09:04:00,70,
2026.08.02 09:05:00,09:05:00,71,
2026.08.02 09:06:00,09:06:00,71,
2026.08.02 09:07:00,09:07:00,72,
2026.08.02 09:08:00,09:08:00,69,
2026.08.02 09:09:00,09:09:00,77,
2026.08.02 09:10:00,09:10:00,74,
2026.08.02 09:11:00,09:11:00,86,
2026.08.02 09:12:00,09:12:00,91,
2026.08.02 09:13:00,09:13:00,95,
2026.08.02 09:14:00,09:14:00,91,
2026.08.02 09:15:00,09:15:00,80,
2026.08.02 09:16:00,09:16:00,85,
2026.08.02 09:17:00,09:17:00,82,
2026.08.02 09:18:00,09:18:00,85,
2026.08.02 09:19:00,09:19:00,80,
2026.08.02 09:20:00,09:20:00,83,
2026.08.02 09:21:00,09:21:00,84,
2026.08.02 09:22:00,09:22:00,79,
2026.08.02 09:23:00,09:23:00,85,
2026.08.02 09:24:00,09:24:00,72,
2026.08.02 09:25:00,09:25:00,73,
2026.08.02 09:26:00,09:26:00,75,
2026.08.02 09:27:00,09:27:00,72,
2026.08.02 09:28:00,09:28:00,69,
2026.08.02 09:29:00,09:29:00,73,
2026.08.02 09:30:00,09:30:00,72,
2026.08.02 09:31:00,09:31:00,73,
2026.08.02 09:32:00,09:32:00,74,
2026.08.02 09:33:00,09:33:00,78,
2026.08.02 09:34:00,09:34:00,76,
2026.08.02 09:35:00,09:35:00,84,
2026.08.02 09:36:00,09:36:00,87,
2026.08.02 09:37:00,09:37:00,71,
2026.08.02 09:38:00,09:38:00,82,
2026.08.02 09:39:00,09:39:00,72,
2026.08.02 09:40:00,09:40:00,65,
2026.08.02 09:41:00,09:41:00,65,
2026.08.02 09:42:00,09:42:00,69,
2026.08.02 09:43:00,09:43:00,47,
2026.08.02 09:44:00,09:44:00,98,
2026.08.02 09:45:00,09:45:00,87,
2026.08.02 09:46:00,09:46:00,92,
2026.08.02 09:47:00,09:47:00,93,
2026.08.02 09:48:00,09:48:00,92,
2026.08.02 09:49:00,09:49:00,93,
2026.08.02 09:50:00,09:50:00,85,
2026.08.02 09:51:00,09:51:00,93,
2026.08.02 09:52:00,09:52:00,87,
2026.08.02 09:53:00,09:53:00,94,
2026.08.02 09:54:00,09:54:00,98,
2026.08.02 09:55:00,09:55:00,91,
2026.08.02 09:56:00,09:56:00,101,
2026.08.02 09:57:00,09:57:00,93,
2026.08.02 09:58:00,09:58:00,98,
2026.08.02 09:59:00,09:59:00,98,
2026.08.02 10:00:00,10:00:00,104,
2026.08.02 10:01:00,10:01:00,93,
2026.08.02 10:02:00,10:02:00,90,
2026.08.02 10:03:00,10:03:00,95,
2026.08.02 10:04:00,10:04:00,93,
2026.08.02 10:05:00,10:05:00,90,
2026.08.02 10:06:00,10:06:00,88,
2026.08.02 10:07:00,10:07:00,94,
2026.08.02 10:08:00,10:08:00,91,
2026.08.02 10:09:00,10:09:00,97,
2026.08.02 10:10:00,10:10:00,86,
2026.08.02 10:11:00,10:11:00,82,
2026.08.02 10:12:00,10:12:00,84,
2026.08.02 10:13:00,10:13:00,84,
2026.08.02 10:14:00,10:14:00,89,
2026.08.02 10:15:00,10:15:00,83,
2026.08.02 10:16:00,10:16:00,81,
2026.08.02 10:17:00,10:17:00,88,
2026.08.02 10:18:00,10:18:00,86,
2026.08.02 10:19:00,10:19:00,84,
2026.08.02 10:20:00,10:20:00,84,
2026.08.02 10:21:00,10:21:00,83,
2026.08.02 10:22:00,10:22:00,85,
2026.08.02 10:23:00,10:23:00,89,
2026.08.02 10:24:00,10:24:00,83,
2026.08.02 10:25:00,10:25:00,93,
2026.08.02 10:26:00,10:26:00,76,
2026.08.02 10:27:00,10:27:00,80,
2026.08.02 10:28:00,10:28:00,84,
2026.08.02 10:29:00,10:29:00,77,
2026.08.02 10:30:00,10:30:00,80,
2026.08.02 10:31:00,10:31:00,85,
2026.08.02 10:32:00,10:32:00,83,
2026.08.02 10:33:00,10:33:00,84,
2026.08.02 10:34:00,10:34:00,78,
2026.08.02 10:35:00,10:35:00,86,
2026.08.02 10:36:00,10:36:00,88,
2026.08.02 10:37:00,10:37:00,86,
2026.08.02 10:38:00,10:38:00,94,
2026.08.02 10:39:00,10:39:00,118,
2026.08.02 10:40:00,10:40:00,119,
2026.08.02 10:41:00,10:41:00,122,
2026.08.02 10:42:00,10:42:00,112,
2026.08.02 10:43:00,10:43:00,107,
2026.08.02 10:44:00,10:44:00,112,
2026.08.02 10:45:00,10:45:00,109,
2026.08.02 10:46:00,10:46:00,100,
2026.08.02 10:47:00,10:47:00,113,
2026.08.02 10:48:00,10:48:00,97,
2026.08.02 10:49:00,10:49:00,103,
2026.08.02 10:50:00,10:50:00,114,
2026.08.02 10:51:00,10:51:00,112,
2026.08.02 10:52:00,10:52:00,106,
2026.08.02 10:53:00,10:53:00,103,
2026.08.02 10:54:00,10:54:00,103,
2026.08.02 10:55:00,10:55:00,102,
2026.08.02 10:56:00,10:56:00,115,
2026.08.02 10:57:00,10:57:00,105,
2026.08.02 10:58:00,10:58:00,107,
2026.08.02 10:59:00,10:59:00,103,
2026.08.02 11:00:00,11:00:00,107,
2026.08.02 11:01:00,11:01:00,97,
2026.08.02 11:02:00,11:02:00,118,
2026.08.02 11:03:00,11:03:00,106,
2026.08.02 11:04:00,11:04:00,100,
2026.08.02 11:05:00,11:05:00,101,
2026.08.02 11:06:00,11:06:00,100,
2026.08.02 11:07:00,11:07:00,95,
2026.08.02 11:08:00,11:08:00,103,
2026.08.02 11:09:00,11:09:00,100,
2026.08.02 11:10:00,11:10:00,94,
2026.08.02 11:11:00,11:11:00,97,
2026.08.02 11:12:00,11:12:00,95,
2026.08.02 11:13:00,11:13:00,90,
2026.08.02 11:14:00,11:14:00,94,
2026.08.02 11:15:00,11:15:00,86,
2026.08.02 11:16:00,11:16:00,85,
2026.08.02 11:17:00,11:17:00,87,
2026.08.02 11:18:00,11:18:00,90,
2026.08.02 11:19:00,11:19:00,84,
2026.08.02 11:20:00,11:20:00,91,
2026.08.02 11:21:00,11:21:00,90,
2026.08.02 11:22:00,11:22:00,87,
2026.08.02 11:23:00,11:23:00,85,
2026.08.02 11:24:00,11:24:00,88,
2026.08.02 11:25:00,11:25:00,91,
2026.08.02 11:26:00,11:26:00,86,
2026.08.02 11:27:00,11:27:00,90,
2026.08.02 11:28:00,11:28:00,77,
2026.08.02 11:29:00,11:29:00,81,
2026.08.02 11:30:00,11:30:00,86,
2026.08.02 11:31:00,11:31:00,78,
2026.08.02 11:32:00,11:32:00,90,
2026.08.02 11:33:00,11:33:00,88,
2026.08.02 11:34:00,11:34:00,89,
2026.08.02 11:35:00,11:35:00,87,
2026.08.02 11:36:00,11:36:00,80,
2026.08.02 11:37:00,11:37:00,86,
2026.08.02 11:38:00,11:38:00,84,
2026.08.02 11:39:00,11:39:00,82,
2026.08.02 11:40:00,11:40:00,82,
2026.08.02 11:41:00,11:41:00,85,
2026.08.02 11:42:00,11:42:00,83,
2026.08.02 11:43:00,11:43:00,85,
2026.08.02 11:44:00,11:44:00,80,
2026.08.02 11:45:00,11:45:00,84,
2026.08.02 11:46:00,11:46:00,83,
2026.08.02 11:47:00,11:47:00,82,
2026.08.02 11:48:00,11:48:00,84,
2026.08.02 11:49:00,11:49:00,81,
2026.08.02 11:50:00,11:50:00,77,
2026.08.02 11:51:00,11:51:00,78,
2026.08.02 11:52:00,11:52:00,77,
2026.08.02 11:53:00,11:53:00,84,
2026.08.02 11:54:00,11:54:00,87,
2026.08.02 11:55:00,11:55:00,86,
2026.08.02 11:56:00,11:56:00,84,
2026.08.02 11:57:00,11:57:00,80,
2026.08.02 11:58:00,11:58:00,92,
2026.08.02 11:59:00,11:59:00,92,
2026.08.02 12:00:00,12:00:00,102,
2026.08.02 12:01:00,12:01:00,102,
2026.08.02 12:02:00,12:02:00,87,
2026.08.02 12:03:00,12:03:00,92,
2026.08.02 12:04:00,12:04:00,80,
2026.08.02 12:05:00,12:05:00,79,
2026.08.02 12:06:00,12:06:00,88,
2026.08.02 12:07:00,12:07:00,83,
2026.08.02 12:08:00,12:08:00,80,
2026.08.02 12:09:00,12:09:00,80,
2026.08.02 12:10:00,12:10:00,84,
2026.08.02 12:11:00,12:11:00,82,
2026.08.02 12:12:00,12:12:00,80,
2026.08.02 12:13:00,12:13:00,85,
2026.08.02 12:14:00,12:14:00,76,
2026.08.02 12:15:00,12:15:00,83,
2026.08.02 12:16:00,12:16:00,83,
2026.08.02 12:17:00,12:17:00,82,
2026.08.02 12:18:00,12:18:00,77,
2026.08.02 12:19:00,12:19:00,79,
2026.08.02 12:20:00,12:20:00,77,
2026.08.02 12:21:00,12:21:00,79,
2026.08.02 12:22:00,12:22:00,81,
2026.08.02 12:23:00,12:23:00,90,
2026.08.02 12:24:00,12:24:00,78,
2026.08.02 12:25:00,12:25:00,81,
2026.08.02 12:26:00,12:26:00,76,
2026.08.02 12:27:00,12:27:00,81,
2026.08.02 12:28:00,12:28:00,79,
2026.08.02 12:29:00,12:29:00,90,
2026.08.02 12:30:00,12:30:00,82,
2026.08.02 12:31:00,12:31:00,76,
2026.08.02 12:32:00,12:32:00,92,
2026.08.02 12:33:00,12:33:00,92,
2026.08.02 12:34:00,12:34:00,76,
2026.08.02 12:35:00,12:35:00,76,
2026.08.02 12:36:00,12:36:00,79,
2026.08.02 12:37:00,12:37:00,83,
2026.08.02 12:38:00,12:38:00,87,
2026.08.02 12:39:00,12:39:00,85,
2026.08.02 12:40:00,12:40:00,77,
2026.08.02 12:41:00,12:41:00,86,
2026.08.02 12:42:00,12:42:00,91,
2026.08.02 12:43:00,12:43:00,93,
2026.08.02 12:44:00,12:44:00,95,
2026.08.02 12:45:00,12:45:00,79,
2026.08.02 12:46:00,12:46:00,88,
2026.08.02 12:47:00,12:47:00,82,
2026.08.02 12:48:00,12:48:00,80,
2026.08.02 12:49:00,12:49:00,82,
2026.08.02 12:50:00,12:50:00,81,
2026.08.02 12:51:00,12:51:00,82,
2026.08.02 12:52:00,12:52:00,83,
2026.08.02 12:53:00,12:53:00,84,
2026.08.02 12:54:00,12:54:00,88,
2026.08.02 12:55:00,12:55:00,79,
2026.08.02 12:56:00,12:56:00,82,
2026.08.02 12:57:00,12:57:00,71,
2026.08.02 12:58:00,12:58:00,80,
2026.08.02 12:59:00,12:59:00,80,
2026.08.02 13:00:00,13:00:00,81,
2026.08.02 13:01:00,13:01:00,78,
2026.08.02 13:02:00,13:02:00,81,
2026.08.02 13:03:00,13:03:00,81,
2026.08.02 13:04:00,13:04:00,82,
2026.08.02 13:05:00,13:05:00,74,
2026.08.02 13:06:00,13:06:00,73,
2026.08.02 13:07:00,13:07:00,77,
2026.08.02 13:08:00,13:08:00,85,
2026.08.02 13:09:00,13:09:00,77,
2026.08.02 13:10:00,13:10:00,81,
2026.08.02 13:11:00,13:11:00,85,
2026.08.02 13:12:00,13:12:00,90,
2026.08.02 13:13:00,13:13:00,80,
2026.08.02 13:14:00,13:14:00,83,
2026.08.02 13:15:00,13:15:00,77,
2026.08.02 13:16:00,13:16:00,84,
2026.08.02 13:17:00,13:17:00,82,
2026.08.02 13:18:00,13:18:00,77,
2026.08.02 13:19:00,13:19:00,75,
2026.08.02 13:20:00,13:20:00,75,
2026.08.02 13:21:00,13:21:00,77,
2026.08.02 13:22:00,13:22:00,79,
2026.08.02 13:23:00,13:23:00,77,
2026.08.02 13:24:00,13:24:00,75,
2026.08.02 13:25:00,13:25:00,73,
2026.08.02 13:26:00,13:26:00,80,
2026.08.02 13:27:00,13:27:00,76,
2026.08.02 13:28:00,13:28:00,87,
2026.08.02 13:29:00,13:29:00,77,
2026.08.02 13:30:00,13:30:00,84,
2026.08.02 13:31:00,13:31:00,85,
2026.08.02 13:32:00,13:32:00,82,
2026.08.02 13:33:00,13:33:00,78,
2026.08.02 13:34:00,13:34:00,72,
2026.08.02 13:35:00,13:35:00,78,
2026.08.02 13:36:00,13:36:00,79,
2026.08.02 13:37:00,13:37:00,74,
2026.08.02 13:38:00,13:38:00,85,
2026.08.02 13:39:00,13:39:00,68,
2026.08.02 13:40:00,13:40:00,80,
2026.08.02 13:41:00,13:41:00,80,
2026.08.02 13:42:00,13:42:00,77,
2026.08.02 13:43:00,13:43:00,75,
2026.08.02 13:44:00,13:44:00,72,
2026.08.02 13:45:00,13:45:00,90,
2026.08.02 13:46:00,13:46:00,89,
2026.08.02 13:47:00,13:47:00,80,
2026.08.02 13:48:00,13:48:00,81,
2026.08.02 13:49:00,13:49:00,87,
2026.08.02 13:50:00,13:50:00,83,
2026.08.02 13:51:00,13:51:00,84,
2026.08.02 13:52:00,13:52:00,88,
2026.08.02 13:53:00,13:53:00,81,
2026.08.02 13:54:00,13:54:00,78,
2026.08.02 13:55:00,13:55:00,89,
2026.08.02 13:56:00,13:56:00,88,
2026.08.02 13:57:00,13:57:00,90,
2026.08.02 13:58:00,13:58:00,83,
2026.08.02 13:59:00,13:59:00,79,
2026.08.02 14:00:00,14:00:00,85,
2026.08.02 14:01:00,14:01:00,84,
2026.08.02 14:02:00,14:02:00,85,
2026.08.02 14:03:00,14:03:00,87,
2026.08.02 14:04:00,14:04:00,87,
2026.08.02 14:05:00,14:05:00,95,
2026.08.02 14:06:00,14:06:00,105,
2026.08.02 14:07:00,14:07:00,94,
2026.08.02 14:08:00,14:08:00,85,
2026.08.02 14:09:00,14:09:00,87,
2026.08.02 14:10:00,14:10:00,90,
2026.08.02 14:11:00,14:11:00,95,
2026.08.02 14:12:00,14:12:00,87,
2026.08.02 14:13:00,14:13:00,74,
2026.08.02 14:14:00,14:14:00,75,
2026.08.02 14:15:00,14:15:00,71,
2026.08.02 14:16:00,14:16:00,79,
2026.08.02 14:17:00,14:17:00,86,
2026.08.02 14:18:00,14:18:00,90,
2026.08.02 14:19:00,14:19:00,87,
2026.08.02 14:20:00,14:20:00,83,
2026.08.02 14:21:00,14:21:00,82,
2026.08.02 14:22:00,14:22:00,77,
2026.08.02 14:23:00,14:23:00,78,
2026.08.02 14:24:00,14:24:00,82,
2026.08.02 14:25:00,14:25:00,89,
2026.08.02 14:26:00,14:26:00,86,
2026.08.02 14:27:00,14:27:00,73,
2026.08.02 14:28:00,14:28:00,72,
2026.08.02 14:29:00,14:29:00,77,
2026.08.02 14:30:00,14:30:00,88,
2026.08.02 14:31:00,14:31:00,91,
2026.08.02 14:32:00,14:32:00,88,
2026.08.02 14:33:00,14:33:00,92,
2026.08.02 14:34:00,14:34:00,89,
2026.08.02 14:35:00,14:35:00,78,
2026.08.02 14:36:00,14:36:00,79,
2026.08.02 14:37:00,14:37:00,84,
2026.08.02 14:38:00,14:38:00,81,
2026.08.02 14:39:00,14:39:00,80,
2026.08.02 14:40:00,14:40:00,81,
2026.08.02 14:41:00,14:41:00,86,
2026.08.02 14:42:00,14:42:00,80,
2026.08.02 14:43:00,14:43:00,77,
2026.08.02 14:44:00,14:44:00,82,
2026.08.02 14:45:00,14:45:00,78,
2026.08.02 14:46:00,14:46:00,77,
2026.08.02 14:47:00,14:47:00,76,
2026.08.02 14:48:00,14:48:00,75,
2026.08.02 14:49:00,14:49:00,76,
2026.08.02 14:50:00,14:50:00,83,
2026.08.02 14:51:00,14:51:00,89,
2026.08.02 14:52:00,14:52:00,89,
2026.08.02 14:53:00,14:53:00,92,
2026.08.02 14:54:00,14:54:00,81,
2026.08.02 14:55:00,14:55:00,85,
2026.08.02 14:56:00,14:56:00,89,
2026.08.02 14:57:00,14:57:00,92,
2026.08.02 14:58:00,14:58:00,91,
2026.08.02 14:59:00,14:59:00,84,
2026.08.02 15:00:00,15:00:00,93,
2026.08.02 15:01:00,15:01:00,94,
2026.08.02 15:02:00,15:02:00,83,
2026.08.02 15:03:00,15:03:00,82,
2026.08.02 15:04:00,15:04:00,88,
2026.08.02 15:05:00,15:05:00,85,
2026.08.02 15:06:00,15:06:00,86,
2026.08.02 15:07:00,15:07:00,85,
2026.08.02 15:08:00,15:08:00,87,
2026.08.02 15:09:00,15:09:00,94,
2026.08.02 15:10:00,15:10:00,93,
2026.08.02 15:11:00,15:11:00,96,
2026.08.02 15:12:00,15:12:00,97,
2026.08.02 15:13:00,15:13:00,90,
2026.08.02 15:14:00,15:14:00,92,
2026.08.02 15:15:00,15:15:00,79,
2026.08.02 15:16:00,15:16:00,109,
2026.08.02 15:17:00,15:17:00,111,
2026.08.02 15:18:00,15:18:00,129,
2026.08.02 15:19:00,15:19:00,86,
2026.08.02 15:20:00,15:20:00,135,
2026.08.02 15:21:00,15:21:00,136,
2026.08.02 15:22:00,15:22:00,122,
2026.08.02 15:23:00,15:23:00,119,
2026.08.02 15:24:00,15:24:00,96,
2026.08.02 15:25:00,15:25:00,141,
2026.08.02 15:26:00,15:26:00,126,
2026.08.02 15:27:00,15:27:00,121,
2026.08.02 15:28:00,15:28:00,121,
2026.08.02 15:29:00,15:29:00,107,
2026.08.02 15:30:00,15:30:00,140,
2026.08.02 15:31:00,15:31:00,114,
2026.08.02 15:32:00,15:32:00,106,
2026.08.02 15:33:00,15:33:00,102,
2026.08.02 15:34:00,15:34:00,112,
2026.08.02 15:35:00,15:35:00,108,
2026.08.02 15:36:00,15:36:00,124,
2026.08.02 15:37:00,15:37:00,114,
2026.08.02 15:38:00,15:38:00,111,
2026.08.02 15:39:00,15:39:00,115,
2026.08.02 15:40:00,15:40:00,116,
2026.08.02 15:41:00,15:41:00,114,
2026.08.02 15:42:00,15:42:00,123,
2026.08.02 15:43:00,15:43:00,111,
2026.08.02 15:44:00,15:44:00,107,
2026.08.02 15:45:00,15:45:00,105,
2026.08.02 15:46:00,15:46:00,103,
2026.08.02 15:47:00,15:47:00,100,
2026.08.02 15:48:00,15:48:00,102,
2026.08.02 15:49:00,15:49:00,104,
2026.08.02 15:50:00,15:50:00,99,
2026.08.02 15:51:00,15:51:00,99,
2026.08.02 15:52:00,15:52:00,105,
2026.08.02 15:53:00,15:53:00,100,
2026.08.02 15:54:00,15:54:00,102,
2026.08.02 15:55:00,15:55:00,104,
2026.08.02 15:56:00,15:56:00,110,
2026.08.02 15:57:00,15:57:00,101,
2026.08.02 15:58:00,15:58:00,110,
2026.08.02 15:59:00,15:59:00,112,
2026.08.02 16:00:00,16:00:00,101,
2026.08.02 16:01:00,16:01:00,114,
2026.08.02 16:02:00,16:02:00,113,
2026.08.02 16:03:00,16:03:00,110,
2026.08.02 16:04:00,16:04:00,119,
2026.08.02 16:05:00,16:05:00,113,
2026.08.02 16:06:00,16:06:00,124,
2026.08.02 16:07:00,16:07:00,121,
2026.08.02 16:08:00,16:08:00,116,
2026.08.02 16:09:00,16:09:00,110,
2026.08.02 16:10:00,16:10:00,100,
2026.08.02 16:11:00,16:11:00,102,
2026.08.02 16:12:00,16:12:00,98,
2026.08.02 16:13:00,16:13:00,97,
2026.08.02 16:14:00,16:14:00,121,
2026.08.02 16:15:00,16:15:00,110,
2026.08.02 16:16:00,16:16:00,104,
2026.08.02 16:17:00,16:17:00,91,
2026.08.02 16:18:00,16:18:00,100,
2026.08.02 16:19:00,16:19:00,99,
2026.08.02 16:20:00,16:20:00,106,
2026.08.02 16:21:00,16:21:00,100,
2026.08.02 16:22:00,16:22:00,103,
2026.08.02 16:23:00,16:23:00,103,
2026.08.02 16:24:00,16:24:00,109,
2026.08.02 16:25:00,16:25:00,105,
2026.08.02 16:26:00,16:26:00,97,
2026.08.02 16:27:00,16:27:00,95,
2026.08.02 16:28:00,16:28:00,98,
2026.08.02 16:29:00,16:29:00,102,
2026.08.02 16:30:00,16:30:00,99,
2026.08.02 16:31:00,16:31:00,106,
2026.08.02 16:32:00,16:32:00,104,
2026.08.02 16:33:00,16:33:00,102,
2026.08.02 16:34:00,16:34:00,107,
2026.08.02 16:35:00,16:35:00,99,
2026.08.02 16:36:00,16:36:00,94,
2026.08.02 16:37:00,16:37:00,104,
2026.08.02 16:38:00,16:38:00,106,
2026.08.02 16:39:00,16:39:00,101,
2026.08.02 16:40:00,16:40:00,102,
2026.08.02 16:41:00,16:41:00,94,
2026.08.02 16:42:00,16:42:00,88,
2026.08.02 16:43:00,16:43:00,94,
2026.08.02 16:44:00,16:44:00,97,
2026.08.02 16:45:00,16:45:00,99,
2026.08.02 16:46:00,16:46:00,87,
2026.08.02 16:47:00,16:47:00,89,
2026.08.02 16:48:00,16:48:00,90,
2026.08.02 16:49:00,16:49:00,91,
2026.08.02 16:50:00,16:50:00,90,
2026.08.02 16:51:00,16:51:00,88,
2026.08.02 16:52:00,16:52:00,87,
2026.08.02 16:53:00,16:53:00,85,
2026.08.02 16:54:00,16:54:00,89,
2026.08.02 16:55:00,16:55:00,89,
2026.08.02 16:56:00,16:56:00,84,
2026.08.02 16:57:00,16:57:00,86,
2026.08.02 16:58:00,16:58:00,89,
2026.08.02 16:59:00,16:59:00,91,
2026.08.02 17:00:00,17:00:00,85,
2026.08.02 17:01:00,17:01:00,92,
2026.08.02 17:02:00,17:02:00,90,
2026.08.02 17:03:00,17:03:00,92,
2026.08.02 17:04:00,17:04:00,88,
2026.08.02 17:05:00,17:05:00,82,
2026.08.02 17:06:00,17:06:00,81,
2026.08.02 17:07:00,17:07:00,89,
2026.08.02 17:08:00,17:08:00,84,
2026.08.02 17:09:00,17:09:00,83,
2026.08.02 17:10:00,17:10:00,85,
2026.08.02 17:11:00,17:11:00,88,
2026.08.02 17:12:00,17:12:00,85,
2026.08.02 17:13:00,17:13:00,95,
2026.08.02 17:14:00,17:14:00,105,
2026.08.02 17:15:00,17:15:00,103,
2026.08.02 17:16:00,17:16:00,103,
2026.08.02 17:17:00,17:17:00,99,
2026.08.02 17:18:00,17:18:00,97,
2026.08.02 17:19:00,17:19:00,103,
2026.08.02 17:20:00,17:20:00,106,
2026.08.02 17:21:00,17:21:00,100,
2026.08.02 17:22:00,17:22:00,97,
2026.08.02 17:23:00,17:23:00,94,
2026.08.02 17:24:00,17:24:00,92,
2026.08.02 17:25:00,17:25:00,90,
2026.08.02 17:26:00,17:26:00,94,
2026.08.02 17:27:00,17:27:00,88,
2026.08.02 17:28:00,17:28:00,97,
2026.08.02 17:29:00,17:29:00,99,
2026.08.02 17:30:00,17:30:00,89,
2026.08.02 17:31:00,17:31:00,102,
2026.08.02 17:32:00,17:32:00,89,
2026.08.02 17:33:00,17:33:00,99,
2026.08.02 17:34:00,17:34:00,99,
2026.08.02 17:35:00,17:35:00,123,
2026.08.02 17:36:00,17:36:00,110,
2026.08.02 17:37:00,17:37:00,116,
2026.08.02 17:38:00,17:38:00,113,
2026.08.02 17:39:00,17:39:00,111,
2026.08.02 17:40:00,17:40:00,109,
2026.08.02 17:41:00,17:41:00,113,
2026.08.02 17:42:00,17:42:00,115,
2026.08.02 17:43:00,17:43:00,112,
2026.08.02 17:44:00,17:44:00,116,
2026.08.02 17:45:00,17:45:00,107,
2026.08.02 17:46:00,17:46:00,100,
2026.08.02 17:47:00,17:47:00,115,
2026.08.02 17:48:00,17:48:00,116,
2026.08.02 17:49:00,17:49:00,115,
2026.08.02 17:50:00,17:50:00,117,
2026.08.02 17:51:00,17:51:00,104,
2026.08.02 17:52:00,17:52:00,114,
2026.08.02 17:53:00,17:53:00,108,
2026.08.02 17:54:00,17:54:00,113,
2026.08.02 17:55:00,17:55:00,111,
2026.08.02 17:56:00,17:56:00,113,
2026.08.02 17:57:00,17:57:00,109,
2026.08.02 17:58:00,17:58:00,93,
2026.08.02 17:59:00,17:59:00,84,
2026.08.02 18:00:00,18:00:00,86,
2026.08.02 18:01:00,18:01:00,97,
2026.08.02 18:02:00,18:02:00,93,
2026.08.02 18:03:00,18:03:00,90,
2026.08.02 18:04:00,18:04:00,101,
2026.08.02 18:05:00,18:05:00,98,
2026.08.02 18:06:00,18:06:00,100,
2026.08.02 18:07:00,18:07:00,91,
2026.08.02 18:08:00,18:08:00,103,
2026.08.02 18:09:00,18:09:00,101,
2026.08.02 18:10:00,18:10:00,97,
2026.08.02 18:11:00,18:11:00,102,
2026.08.02 18:12:00,18:12:00,100,
2026.08.02 18:13:00,18:13:00,107,
2026.08.02 18:14:00,18:14:00,108,
2026.08.02 18:15:00,18:15:00,105,
2026.08.02 18:16:00,18:16:00,109,
2026.08.02 18:17:00,18:17:00,103,
2026.08.02 18:18:00,18:18:00,106,
2026.08.02 18:19:00,18:19:00,103,
2026.08.02 18:20:00,18:20:00,106,
2026.08.02 18:21:00,18:21:00,111,
2026.08.02 18:22:00,18:22:00,96,
2026.08.02 18:23:00,18:23:00,98,
2026.08.02 18:24:00,18:24:00,104,
2026.08.02 18:25:00,18:25:00,108,
2026.08.02 18:26:00,18:26:00,105,
2026.08.02 18:27:00,18:27:00,110,
2026.08.02 18:28:00,18:28:00,110,
2026.08.02 18:29:00,18:29:00,120,
2026.08.02 18:30:00,18:30:00,117,
2026.08.02 18:31:00,18:31:00,118,
2026.08.02 18:32:00,18:32:00,87,
2026.08.02 18:33:00,18:33:00,88,
2026.08.02 18:34:00,18:34:00,85,
2026.08.02 18:35:00,18:35:00,87,
2026.08.02 18:36:00,18:36:00,81,
2026.08.02 18:37:00,18:37:00,85,
2026.08.02 18:38:00,18:38:00,85,
2026.08.02 18:39:00,18:39:00,80,
2026.08.02 18:40:00,18:40:00,75,
2026.08.02 18:41:00,18:41:00,82,
2026.08.02 18:42:00,18:42:00,83,
2026.08.02 18:43:00,18:43:00,79,
2026.08.02 18:44:00,18:44:00,80,
2026.08.02 18:45:00,18:45:00,83,
2026.08.02 18:46:00,18:46:00,75,
2026.08.02 18:47:00,18:47:00,77,
2026.08.02 18:48:00,18:48:00,81,
2026.08.02 18:49:00,18:49:00,83,
2026.08.02 18:50:00,18:50:00,79,
2026.08.02 18:51:00,18:51:00,82,
2026.08.02 18:52:00,18:52:00,83,
2026.08.02 18:53:00,18:53:00,85,
2026.08.02 18:54:00,18:54:00,81,
2026.08.02 18:55:00,18:55:00,81,
2026.08.02 18:56:00,18:56:00,86,
2026.08.02 18:57:00,18:57:00,86,
2026.08.02 18:58:00,18:58:00,86,
2026.08.02 18:59:00,18:59:00,80,
2026.08.02 19:00:00,19:00:00,77,
2026.08.02 19:01:00,19:01:00,83,
2026.08.02 19:02:00,19:02:00,89,
2026.08.02 19:03:00,19:03:00,93,
2026.08.02 19:04:00,19:04:00,99,
2026.08.02 19:05:00,19:05:00,94,
2026.08.02 19:06:00,19:06:00,96,
2026.08.02 19:07:00,19:07:00,93,
2026.08.02 19:08:00,19:08:00,94,
2026.08.02 19:09:00,19:09:00,93,
2026.08.02 19:10:00,19:10:00,89,
2026.08.02 19:11:00,19:11:00,91,
2026.08.02 19:12:00,19:12:00,89,
2026.08.02 19:13:00,19:13:00,98,
2026.08.02 19:14:00,19:14:00,92,
2026.08.02 19:15:00,19:15:00,86,
2026.08.02 19:16:00,19:16:00,95,
2026.08.02 19:17:00,19:17:00,95,
2026.08.02 19:18:00,19:18:00,89,
2026.08.02 19:19:00,19:19:00,93,
2026.08.02 19:20:00,19:20:00,95,
2026.08.02 19:21:00,19:21:00,91,
2026.08.02 19:22:00,19:22:00,96,
2026.08.02 19:23:00,19:23:00,93,
2026.08.02 19:24:00,19:24:00,94,
2026.08.02 19:25:00,19:25:00,96,
2026.08.02 19:26:00,19:26:00,94,
2026.08.02 19:27:00,19:27:00,86,
2026.08.02 19:28:00,19:28:00,78,
2026.08.02 19:29:00,19:29:00,94,
2026.08.02 19:30:00,19:30:00,91,
2026.08.02 19:31:00,19:31:00,75,
2026.08.02 19:32:00,19:32:00,74,
2026.08.02 19:33:00,19:33:00,73,
2026.08.02 19:34:00,19:34:00,76,
2026.08.02 19:35:00,19:35:00,74,
2026.08.02 19:36:00,19:36:00,86,
2026.08.02 19:37:00,19:37:00,71,
2026.08.02 19:38:00,19:38:00,71,
2026.08.02 19:39:00,19:39:00,73,
2026.08.02 19:40:00,19:40:00,66,
2026.08.02 19:41:00,19:41:00,70,
2026.08.02 19:42:00,19:42:00,77,
2026.08.02 19:43:00,19:43:00,82,
2026.08.02 19:44:00,19:44:00,73,
2026.08.02 19:45:00,19:45:00,91,
2026.08.02 19:46:00,19:46:00,107,
2026.08.02 19:47:00,19:47:00,80,
2026.08.02 19:48:00,19:48:00,87,
2026.08.02 19:49:00,19:49:00,91,
2026.08.02 19:50:00,19:50:00,85,
2026.08.02 19:51:00,19:51:00,93,
2026.08.02 19:52:00,19:52:00,90,
2026.08.02 19:53:00,19:53:00,91,
2026.08.02 19:54:00,19:54:00,90,
2026.08.02 19:55:00,19:55:00,88,
2026.08.02 19:56:00,19:56:00,73,
2026.08.02 19:57:00,19:57:00,70,
2026.08.02 19:58:00,19:58:00,69,
2026.08.02 19:59:00,19:59:00,93,
2026.08.02 20:00:00,20:00:00,75,
2026.08.02 20:01:00,20:01:00,100,
2026.08.02 20:02:00,20:02:00,106,
2026.08.02 20:03:00,20:03:00,92,
2026.08.02 20:04:00,20:04:00,73,
2026.08.02 20:05:00,20:05:00,82,
2026.08.02 20:06:00,20:06:00,89,
2026.08.02 20:07:00,20:07:00,85,
2026.08.02 20:08:00,20:08:00,76,
2026.08.02 20:09:00,20:09:00,103,
2026.08.02 20:10:00,20:10:00,105,
2026.08.02 20:11:00,20:11:00,104,
2026.08.02 20:12:00,20:12:00,105,
2026.08.02 20:13:00,20:13:00,101,
2026.08.02 20:14:00,20:14:00,108,
2026.08.02 20:15:00,20:15:00,108,
2026.08.02 20:16:00,20:16:00,107,
2026.08.02 20:17:00,20:17:00,106,
2026.08.02 20:18:00,20:18:00,92,
2026.08.02 20:19:00,20:19:00,95,
2026.08.02 20:20:00,20:20:00,89,
2026.08.02 20:21:00,20:21:00,85,
2026.08.02 20:22:00,20:22:00,95,
2026.08.02 20:23:00,20:23:00,96,
2026.08.02 20:24:00,20:24:00,88,
2026.08.02 20:25:00,20:25:00,94,
2026.08.02 20:26:00,20:26:00,90,
2026.08.02 20:27:00,20:27:00,90,
2026.08.02 20:28:00,20:28:00,88,
2026.08.02 20:29:00,20:29:00,87,
2026.08.02 20:30:00,20:30:00,92,
2026.08.02 20:31:00,20:31:00,86,
2026.08.02 20:32:00,20:32:00,95,
2026.08.02 20:33:00,20:33:00,87,
2026.08.02 20:34:00,20:34:00,103,
2026.08.02 20:35:00,20:35:00,94,
2026.08.02 20:36:00,20:36:00,101,
2026.08.02 20:37:00,20:37:00,104,
2026.08.02 20:38:00,20:38:00,95,
2026.08.02 20:39:00,20:39:00,103,
2026.08.02 20:40:00,20:40:00,119,
2026.08.02 20:41:00,20:41:00,95,
2026.08.02 20:42:00,20:42:00,95,
2026.08.02 20:43:00,20:43:00,94,
2026.08.02 20:44:00,20:44:00,89,
2026.08.02 20:45:00,20:45:00,90,
2026.08.02 20:46:00,20:46:00,87,
2026.08.02 20:47:00,20:47:00,86,
2026.08.02 20:48:00,20:48:00,84,
2026.08.02 20:49:00,20:49:00,82,
2026.08.02 20:50:00,20:50:00,84,
2026.08.02 20:51:00,20:51:00,83,
2026.08.02 20:52:00,20:52:00,83,
2026.08.02 20:53:00,20:53:00,81,
2026.08.02 20:54:00,20:54:00,75,
2026.08.02 20:55:00,20:55:00,78,
2026.08.02 20:56:00,20:56:00,77,
2026.08.02 20:57:00,20:57:00,83,
2026.08.02 20:58:00,20:58:00,77,
2026.08.02 20:59:00,20:59:00,83,
2026.08.02 21:00:00,21:00:00,92,
2026.08.02 21:01:00,21:01:00,84,
2026.08.02 21:02:00,21:02:00,78,
2026.08.02 21:03:00,21:03:00,80,
2026.08.02 21:04:00,21:04:00,77,
2026.08.02 21:05:00,21:05:00,77,
2026.08.02 21:06:00,21:06:00,77,
2026.08.02 21:07:00,21:07:00,79,
2026.08.02 21:08:00,21:08:00,81,
2026.08.02 21:09:00,21:09:00,78,
2026.08.02 21:10:00,21:10:00,79,
2026.08.02 21:11:00,21:11:00,80,
2026.08.02 21:12:00,21:12:00,78,
2026.08.02 21:13:00,21:13:00,78,
2026.08.02 21:14:00,21:14:00,77,
2026.08.02 21:15:00,21:15:00,76,
2026.08.02 21:16:00,21:16:00,77,
2026.08.02 21:17:00,21:17:00,82,
2026.08.02 21:19:00,21:19:00,81,
2026.08.02 21:20:00,21:20:00,82,
2026.08.02 21:21:00,21:21:00,79,
2026.08.02 21:22:00,21:22:00,83,
2026.08.02 21:23:00,21:23:00,84,
2026.08.02 21:24:00,21:24:00,87,
2026.08.02 21:25:00,21:25:00,91,
2026.08.02 21:26:00,21:26:00,84,
2026.08.02 21:27:00,21:27:00,85,
2026.08.02 21:28:00,21:28:00,86,
2026.08.02 21:29:00,21:29:00,82,
2026.08.02 21:30:00,21:30:00,84,
2026.08.02 21:31:00,21:31:00,89,
2026.08.02 21:32:00,21:32:00,88,
2026.08.02 21:33:00,21:33:00,88,
2026.08.02 21:34:00,21:34:00,83,
2026.08.02 21:35:00,21:35:00,90,
2026.08.02 21:36:00,21:36:00,91,
2026.08.02 21:37:00,21:37:00,97,
2026.08.02 21:38:00,21:38:00,94,
2026.08.02 21:39:00,21:39:00,97,
2026.08.02 21:40:00,21:40:00,91,
2026.08.02 21:41:00,21:41:00,94,
2026.08.02 21:42:00,21:42:00,89,
2026.08.02 21:43:00,21:43:00,90,
2026.08.02 21:44:00,21:44:00,92,
2026.08.02 21:45:00,21:45:00,90,
2026.08.02 21:46:00,21:46:00,91,
2026.08.02 21:47:00,21:47:00,90,
2026.08.02 21:48:00,21:48:00,88,
2026.08.02 21:49:00,21:49:00,91,
2026.08.02 21:50:00,21:50:00,95,
2026.08.02 21:51:00,21:51:00,74,
2026.08.02 21:52:00,21:52:00,76,
2026.08.02 21:53:00,21:53:00,74,
2026.08.02 21:54:00,21:54:00,78,
2026.08.02 21:55:00,21:55:00,81,
2026.08.02 21:56:00,21:56:00,71,
2026.08.02 21:57:00,21:57:00,77,
2026.08.02 21:58:00,21:58:00,70,
2026.08.02 21:59:00,21:59:00,73,
2026.08.02 22:00:00,22:00:00,74,
2026.08.02 22:01:00,22:01:00,74,
2026.08.02 22:02:00,22:02:00,75,
2026.08.02 22:03:00,22:03:00,83,
2026.08.02 22:04:00,22:04:00,92,
2026.08.02 22:05:00,22:05:00,100,
2026.08.02 22:06:00,22:06:00,87,
2026.08.02 22:07:00,22:07:00,88,
2026.08.02 22:08:00,22:08:00,88,
2026.08.02 22:09:00,22:09:00,95,
2026.08.02 22:10:00,22:10:00,84,
2026.08.02 22:11:00,22:11:00,75,
2026.08.02 22:12:00,22:12:00,69,
2026.08.02 22:13:00,22:13:00,67,
2026.08.02 22:14:00,22:14:00,93,
2026.08.02 22:15:00,22:15:00,88,
2026.08.02 22:16:00,22:16:00,74,
2026.08.02 22:17:00,22:17:00,69,
2026.08.02 22:18:00,22:18:00,60,
2026.08.02 22:19:00,22:19:00,61,
2026.08.02 22:20:00,22:20:00,61,
2026.08.02 22:21:00,22:21:00,58,
2026.08.02 22:22:00,22:22:00,58,
2026.08.02 22:23:00,22:23:00,57,
2026.08.02 22:24:00,22:24:00,61,
2026.08.02 22:25:00,22:25:00,62,
2026.08.02 22:26:00,22:26:00,63,
2026.08.02 22:27:00,22:27:00,66,
2026.08.02 22:28:00,22:28:00,64,
2026.08.02 22:29:00,22:29:00,65,
2026.08.02 22:30:00,22:30:00,66,
2026.08.02 22:31:00,22:31:00,59,
2026.08.02 22:32:00,22:32:00,63,
2026.08.02 22:33:00,22:33:00,59,
2026.08.02 22:34:00,22:34:00,62,
2026.08.02 22:35:00,22:35:00,60,
2026.08.02 22:36:00,22:36:00,60,
2026.08.02 22:37:00,22:37:00,58,
2026.08.02 22:38:00,22:38:00,60,
2026.08.02 22:39:00,22:39:00,59,
2026.08.02 22:40:00,22:40:00,62,
2026.08.02 22:41:00,22:41:00,63,
2026.08.02 22:42:00,22:42:00,69,
2026.08.02 22:43:00,22:43:00,62,
2026.08.02 22:44:00,22:44:00,60,
2026.08.02 22:45:00,22:45:00,59,
2026.08.02 22:46:00,22:46:00,60,
2026.08.02 22:47:00,22:47:00,60,
2026.08.02 22:48:00,22:48:00,58,
2026.08.02 22:49:00,22:49:00,60,
2026.08.02 22:50:00,22:50:00,60,
2026.08.02 22:51:00,22:51:00,59,
2026.08.02 22:52:00,22:52:00,60,
2026.08.02 22:53:00,22:53:00,60,
2026.08.02 22:54:00,22:54:00,66,
2026.08.02 22:55:00,22:55:00,61,
2026.08.02 22:56:00,22:56:00,63,
2026.08.02 22:57:00,22:57:00,64,
2026.08.02 22:58:00,22:58:00,64,
2026.08.02 22:59:00,22:59:00,65,
2026.08.02 23:00:00,23:00:00,64,
2026.08.02 23:01:00,23:01:00,65,
2026.08.02 23:02:00,23:02:00,65,
2026.08.02 23:03:00,23:03:00,64,
2026.08.02 23:04:00,23:04:00,64,
2026.08.02 23:05:00,23:05:00,64,
2026.08.02 23:06:00,23:06:00,65,
2026.08.02 23:07:00,23:07:00,64,
2026.08.02 23:08:00,23:08:00,64,
2026.08.02 23:09:00,23:09:00,65,
2026.08.02 23:10:00,23:10:00,64,
2026.08.02 23:11:00,23:11:00,65,
2026.08.02 23:12:00,23:12:00,64,
2026.08.02 23:13:00,23:13:00,64,
2026.08.02 23:14:00,23:14:00,66,
2026.08.02 23:15:00,23:15:00,64,
2026.08.02 23:16:00,23:16:00,66,
2026.08.02 23:17:00,23:17:00,64,
2026.08.02 23:18:00,23:18:00,65,
2026.08.02 23:19:00,23:19:00,65,
2026.08.02 23:20:00,23:20:00,66,
2026.08.02 23:21:00,23:21:00,66,
2026.08.02 23:22:00,23:22:00,67,
2026.08.02 23:23:00,23:23:00,67,
2026.08.02 23:24:00,23:24:00,65,
2026.08.02 23:25:00,23:25:00,65,
2026.08.02 23:26:00,23:26:00,65,
2026.08.02 23:27:00,23:27:00,69,
2026.08.02 23:28:00,23:28:00,63,
2026.08.02 23:29:00,23:29:00,63,
2026.08.02 23:30:00,23:30:00,64,
2026.08.02 23:31:00,23:31:00,62,
2026.08.02 23:32:00,23:32:00,64,
2026.08.02 23:33:00,23:33:00,65,
2026.08.02 23:34:00,23:34:00,65,
2026.08.02 23:35:00,23:35:00,60,
2026.08.02 23:36:00,23:36:00,58,
2026.08.02 23:37:00,23:37:00,59,
2026.08.02 23:38:00,23:38:00,62,
2026.08.02 23:39:00,23:39:00,59,
2026.08.02 23:40:00,23:40:00,61,
2026.08.02 23:41:00,23:41:00,61,
2026.08.02 23:42:00,23:42:00,57,
2026.08.02 23:43:00,23:43:00,59,
2026.08.02 23:44:00,23:44:00,56,
2026.08.02 23:45:00,23:45:00,58,
2026.08.02 23:46:00,23:46:00,58,
2026.08.02 23:47:00,23:47:00,58,
2026.08.02 23:48:00,23:48:00,57,
2026.08.02 23:49:00,23:49:00,56,
2026.08.02 23:50:00,23:50:00,69,
2026.08.02 23:51:00,23:51:00,60,
2026.08.02 23:52:00,23:52:00,58,
2026.08.02 23:53:00,23:53:00,58,
2026.08.02 23:54:00,23:54:00,59,
2026.08.02 23:55:00,23:55:00,58,
2026.08.02 23:56:00,23:56:00,60,
2026.08.02 23:57:00,23:57:00,60,
2026.08.02 23:58:00,23:58:00,61,
2026.08.02 23:59:00,23:59:00,59,
